"STATISTIC","Statistic Label","TLIST(M1)","Month","C02583V03135","NACE Group","UNIT","VALUE"
"RSM07","Turnover generated by Online Sales","201812","2018 December","45","Motor trades (45)","%","1.8"
"RSM07","Turnover generated by Online Sales","201812","2018 December","4711","Retail sale in non-specialised stores with food, beverages or tobacco predominating (4711)","%","1.8"
"RSM07","Turnover generated by Online Sales","201812","2018 December","4719","Department stores (4719)","%","4.6"
"RSM07","Turnover generated by Online Sales","201812","2018 December","4730","Retail sale of automotive fuel (4730)","%",""
"RSM07","Turnover generated by Online Sales","201812","2018 December","4752","Retail sale of hardware, paints and glass (4752)","%",""
"RSM07","Turnover generated by Online Sales","201812","2018 December","4759","Retail sale of furniture and lighting (4759)","%",""
"RSM07","Turnover generated by Online Sales","201812","2018 December","5630","Bars (5630)","%",""
"RSM07","Turnover generated by Online Sales","201812","2018 December","V3970","All retail businesses","%","3.3"
"RSM07","Turnover generated by Online Sales","201812","2018 December","X1320","All retail businesses, excluding motor trades","%","5"
"RSM07","Turnover generated by Online Sales","201812","2018 December","X1330","All retail businesses, excluding motor trades, automotive fuel and bars","%","5.6"
"RSM07","Turnover generated by Online Sales","201812","2018 December","X1340","Retail sale of food (4711,4721 to 4729)","%","1.7"
"RSM07","Turnover generated by Online Sales","201812","2018 December","X1350","Retail sale of non food products, excluding motor trades, automotive fuel and bars","%","8.9"
"RSM07","Turnover generated by Online Sales","201812","2018 December","X1360","Retail sale of food, beverages and tobacco in specialised stores (4721 to 4729)","%","0.9"
"RSM07","Turnover generated by Online Sales","201812","2018 December","X1370","Retail sale of household equipment (4741 to 4743,4752,4754,4759)","%","5.8"
"RSM07","Turnover generated by Online Sales","201812","2018 December","X1380","Retail sale of electrical goods (4741 to 4743,4754)","%","9"
"RSM07","Turnover generated by Online Sales","201812","2018 December","X1390","Retail sale of textiles, clothing and footwear (4751,4771,4772)","%","5.4"
"RSM07","Turnover generated by Online Sales","201812","2018 December","X1400","Retail sale of books, newspapers, stationery and other goods (4753,4761 to 4765,4776 to 4778)","%","21.3"
"RSM07","Turnover generated by Online Sales","201812","2018 December","X1410","Other retail sales (4753,4763 to 4765,4776 to 4778)","%","2.8"
"RSM07","Turnover generated by Online Sales","201812","2018 December","X1411","Online or Mail Order","%","84"
"RSM07","Turnover generated by Online Sales","201812","2018 December","X1420","Retail sale of books, newspapers and stationery (4761,4762)","%",""
"RSM07","Turnover generated by Online Sales","201812","2018 December","X1430","Retail sale of pharmaceutical, medical and cosmetic articles (4773 to 4775)","%",""
"RSM07","Turnover generated by Online Sales","201901","2019 January","45","Motor trades (45)","%","0.6"
"RSM07","Turnover generated by Online Sales","201901","2019 January","4711","Retail sale in non-specialised stores with food, beverages or tobacco predominating (4711)","%","1.7"
"RSM07","Turnover generated by Online Sales","201901","2019 January","4719","Department stores (4719)","%","4.1"
"RSM07","Turnover generated by Online Sales","201901","2019 January","4730","Retail sale of automotive fuel (4730)","%",""
"RSM07","Turnover generated by Online Sales","201901","2019 January","4752","Retail sale of hardware, paints and glass (4752)","%",""
"RSM07","Turnover generated by Online Sales","201901","2019 January","4759","Retail sale of furniture and lighting (4759)","%",""
"RSM07","Turnover generated by Online Sales","201901","2019 January","5630","Bars (5630)","%",""
"RSM07","Turnover generated by Online Sales","201901","2019 January","V3970","All retail businesses","%","2.8"
"RSM07","Turnover generated by Online Sales","201901","2019 January","X1320","All retail businesses, excluding motor trades","%","4.7"
"RSM07","Turnover generated by Online Sales","201901","2019 January","X1330","All retail businesses, excluding motor trades, automotive fuel and bars","%","5.3"
"RSM07","Turnover generated by Online Sales","201901","2019 January","X1340","Retail sale of food (4711,4721 to 4729)","%","1.6"
"RSM07","Turnover generated by Online Sales","201901","2019 January","X1350","Retail sale of non food products, excluding motor trades, automotive fuel and bars","%","8.4"
"RSM07","Turnover generated by Online Sales","201901","2019 January","X1360","Retail sale of food, beverages and tobacco in specialised stores (4721 to 4729)","%","1.1"
"RSM07","Turnover generated by Online Sales","201901","2019 January","X1370","Retail sale of household equipment (4741 to 4743,4752,4754,4759)","%","3.7"
"RSM07","Turnover generated by Online Sales","201901","2019 January","X1380","Retail sale of electrical goods (4741 to 4743,4754)","%","5"
"RSM07","Turnover generated by Online Sales","201901","2019 January","X1390","Retail sale of textiles, clothing and footwear (4751,4771,4772)","%","6.5"
"RSM07","Turnover generated by Online Sales","201901","2019 January","X1400","Retail sale of books, newspapers, stationery and other goods (4753,4761 to 4765,4776 to 4778)","%","20.8"
"RSM07","Turnover generated by Online Sales","201901","2019 January","X1410","Other retail sales (4753,4763 to 4765,4776 to 4778)","%","3.6"
"RSM07","Turnover generated by Online Sales","201901","2019 January","X1411","Online or Mail Order","%","79.8"
"RSM07","Turnover generated by Online Sales","201901","2019 January","X1420","Retail sale of books, newspapers and stationery (4761,4762)","%",""
"RSM07","Turnover generated by Online Sales","201901","2019 January","X1430","Retail sale of pharmaceutical, medical and cosmetic articles (4773 to 4775)","%",""
"RSM07","Turnover generated by Online Sales","201902","2019 February","45","Motor trades (45)","%","1.5"
"RSM07","Turnover generated by Online Sales","201902","2019 February","4711","Retail sale in non-specialised stores with food, beverages or tobacco predominating (4711)","%","1.9"
"RSM07","Turnover generated by Online Sales","201902","2019 February","4719","Department stores (4719)","%","3.1"
"RSM07","Turnover generated by Online Sales","201902","2019 February","4730","Retail sale of automotive fuel (4730)","%",""
"RSM07","Turnover generated by Online Sales","201902","2019 February","4752","Retail sale of hardware, paints and glass (4752)","%",""
"RSM07","Turnover generated by Online Sales","201902","2019 February","4759","Retail sale of furniture and lighting (4759)","%",""
"RSM07","Turnover generated by Online Sales","201902","2019 February","5630","Bars (5630)","%",""
"RSM07","Turnover generated by Online Sales","201902","2019 February","V3970","All retail businesses","%","3"
"RSM07","Turnover generated by Online Sales","201902","2019 February","X1320","All retail businesses, excluding motor trades","%","4.7"
"RSM07","Turnover generated by Online Sales","201902","2019 February","X1330","All retail businesses, excluding motor trades, automotive fuel and bars","%","5.3"
"RSM07","Turnover generated by Online Sales","201902","2019 February","X1340","Retail sale of food (4711,4721 to 4729)","%","1.8"
"RSM07","Turnover generated by Online Sales","201902","2019 February","X1350","Retail sale of non food products, excluding motor trades, automotive fuel and bars","%","8.2"
"RSM07","Turnover generated by Online Sales","201902","2019 February","X1360","Retail sale of food, beverages and tobacco in specialised stores (4721 to 4729)","%","1.1"
"RSM07","Turnover generated by Online Sales","201902","2019 February","X1370","Retail sale of household equipment (4741 to 4743,4752,4754,4759)","%","4"
"RSM07","Turnover generated by Online Sales","201902","2019 February","X1380","Retail sale of electrical goods (4741 to 4743,4754)","%","5.5"
"RSM07","Turnover generated by Online Sales","201902","2019 February","X1390","Retail sale of textiles, clothing and footwear (4751,4771,4772)","%","5.7"
"RSM07","Turnover generated by Online Sales","201902","2019 February","X1400","Retail sale of books, newspapers, stationery and other goods (4753,4761 to 4765,4776 to 4778)","%","20.8"
"RSM07","Turnover generated by Online Sales","201902","2019 February","X1410","Other retail sales (4753,4763 to 4765,4776 to 4778)","%","3.4"
"RSM07","Turnover generated by Online Sales","201902","2019 February","X1411","Online or Mail Order","%","80.6"
"RSM07","Turnover generated by Online Sales","201902","2019 February","X1420","Retail sale of books, newspapers and stationery (4761,4762)","%",""
"RSM07","Turnover generated by Online Sales","201902","2019 February","X1430","Retail sale of pharmaceutical, medical and cosmetic articles (4773 to 4775)","%",""
"RSM07","Turnover generated by Online Sales","201903","2019 March","45","Motor trades (45)","%","1"
"RSM07","Turnover generated by Online Sales","201903","2019 March","4711","Retail sale in non-specialised stores with food, beverages or tobacco predominating (4711)","%","1.8"
"RSM07","Turnover generated by Online Sales","201903","2019 March","4719","Department stores (4719)","%","3.8"
"RSM07","Turnover generated by Online Sales","201903","2019 March","4730","Retail sale of automotive fuel (4730)","%",""
"RSM07","Turnover generated by Online Sales","201903","2019 March","4752","Retail sale of hardware, paints and glass (4752)","%",""
"RSM07","Turnover generated by Online Sales","201903","2019 March","4759","Retail sale of furniture and lighting (4759)","%",""
"RSM07","Turnover generated by Online Sales","201903","2019 March","5630","Bars (5630)","%",""
"RSM07","Turnover generated by Online Sales","201903","2019 March","V3970","All retail businesses","%","3"
"RSM07","Turnover generated by Online Sales","201903","2019 March","X1320","All retail businesses, excluding motor trades","%","3.8"
"RSM07","Turnover generated by Online Sales","201903","2019 March","X1330","All retail businesses, excluding motor trades, automotive fuel and bars","%","4.2"
"RSM07","Turnover generated by Online Sales","201903","2019 March","X1340","Retail sale of food (4711,4721 to 4729)","%","1.7"
"RSM07","Turnover generated by Online Sales","201903","2019 March","X1350","Retail sale of non food products, excluding motor trades, automotive fuel and bars","%","6.2"
"RSM07","Turnover generated by Online Sales","201903","2019 March","X1360","Retail sale of food, beverages and tobacco in specialised stores (4721 to 4729)","%","0.9"
"RSM07","Turnover generated by Online Sales","201903","2019 March","X1370","Retail sale of household equipment (4741 to 4743,4752,4754,4759)","%","5.3"
"RSM07","Turnover generated by Online Sales","201903","2019 March","X1380","Retail sale of electrical goods (4741 to 4743,4754)","%","7.3"
"RSM07","Turnover generated by Online Sales","201903","2019 March","X1390","Retail sale of textiles, clothing and footwear (4751,4771,4772)","%","5.6"
"RSM07","Turnover generated by Online Sales","201903","2019 March","X1400","Retail sale of books, newspapers, stationery and other goods (4753,4761 to 4765,4776 to 4778)","%","12.8"
"RSM07","Turnover generated by Online Sales","201903","2019 March","X1410","Other retail sales (4753,4763 to 4765,4776 to 4778)","%","3.1"
"RSM07","Turnover generated by Online Sales","201903","2019 March","X1411","Online or Mail Order","%","75.1"
"RSM07","Turnover generated by Online Sales","201903","2019 March","X1420","Retail sale of books, newspapers and stationery (4761,4762)","%",""
"RSM07","Turnover generated by Online Sales","201903","2019 March","X1430","Retail sale of pharmaceutical, medical and cosmetic articles (4773 to 4775)","%",""
"RSM07","Turnover generated by Online Sales","201904","2019 April","45","Motor trades (45)","%","1.6"
"RSM07","Turnover generated by Online Sales","201904","2019 April","4711","Retail sale in non-specialised stores with food, beverages or tobacco predominating (4711)","%","1.7"
"RSM07","Turnover generated by Online Sales","201904","2019 April","4719","Department stores (4719)","%","3.4"
"RSM07","Turnover generated by Online Sales","201904","2019 April","4730","Retail sale of automotive fuel (4730)","%",""
"RSM07","Turnover generated by Online Sales","201904","2019 April","4752","Retail sale of hardware, paints and glass (4752)","%",""
"RSM07","Turnover generated by Online Sales","201904","2019 April","4759","Retail sale of furniture and lighting (4759)","%",""
"RSM07","Turnover generated by Online Sales","201904","2019 April","5630","Bars (5630)","%",""
"RSM07","Turnover generated by Online Sales","201904","2019 April","V3970","All retail businesses","%","3"
"RSM07","Turnover generated by Online Sales","201904","2019 April","X1320","All retail businesses, excluding motor trades","%","4.5"
"RSM07","Turnover generated by Online Sales","201904","2019 April","X1330","All retail businesses, excluding motor trades, automotive fuel and bars","%","5"
"RSM07","Turnover generated by Online Sales","201904","2019 April","X1340","Retail sale of food (4711,4721 to 4729)","%","1.6"
"RSM07","Turnover generated by Online Sales","201904","2019 April","X1350","Retail sale of non food products, excluding motor trades, automotive fuel and bars","%","8"
"RSM07","Turnover generated by Online Sales","201904","2019 April","X1360","Retail sale of food, beverages and tobacco in specialised stores (4721 to 4729)","%","0.9"
"RSM07","Turnover generated by Online Sales","201904","2019 April","X1370","Retail sale of household equipment (4741 to 4743,4752,4754,4759)","%","4.7"
"RSM07","Turnover generated by Online Sales","201904","2019 April","X1380","Retail sale of electrical goods (4741 to 4743,4754)","%","6.3"
"RSM07","Turnover generated by Online Sales","201904","2019 April","X1390","Retail sale of textiles, clothing and footwear (4751,4771,4772)","%","6.3"
"RSM07","Turnover generated by Online Sales","201904","2019 April","X1400","Retail sale of books, newspapers, stationery and other goods (4753,4761 to 4765,4776 to 4778)","%","18.6"
"RSM07","Turnover generated by Online Sales","201904","2019 April","X1410","Other retail sales (4753,4763 to 4765,4776 to 4778)","%","3.8"
"RSM07","Turnover generated by Online Sales","201904","2019 April","X1411","Online or Mail Order","%","69.4"
"RSM07","Turnover generated by Online Sales","201904","2019 April","X1420","Retail sale of books, newspapers and stationery (4761,4762)","%",""
"RSM07","Turnover generated by Online Sales","201904","2019 April","X1430","Retail sale of pharmaceutical, medical and cosmetic articles (4773 to 4775)","%",""
"RSM07","Turnover generated by Online Sales","201905","2019 May","45","Motor trades (45)","%","1.3"
"RSM07","Turnover generated by Online Sales","201905","2019 May","4711","Retail sale in non-specialised stores with food, beverages or tobacco predominating (4711)","%","1.7"
"RSM07","Turnover generated by Online Sales","201905","2019 May","4719","Department stores (4719)","%","3.6"
"RSM07","Turnover generated by Online Sales","201905","2019 May","4730","Retail sale of automotive fuel (4730)","%",""
"RSM07","Turnover generated by Online Sales","201905","2019 May","4752","Retail sale of hardware, paints and glass (4752)","%",""
"RSM07","Turnover generated by Online Sales","201905","2019 May","4759","Retail sale of furniture and lighting (4759)","%",""
"RSM07","Turnover generated by Online Sales","201905","2019 May","5630","Bars (5630)","%",""
"RSM07","Turnover generated by Online Sales","201905","2019 May","V3970","All retail businesses","%","2.9"
"RSM07","Turnover generated by Online Sales","201905","2019 May","X1320","All retail businesses, excluding motor trades","%","4.7"
"RSM07","Turnover generated by Online Sales","201905","2019 May","X1330","All retail businesses, excluding motor trades, automotive fuel and bars","%","5.2"
"RSM07","Turnover generated by Online Sales","201905","2019 May","X1340","Retail sale of food (4711,4721 to 4729)","%","1.6"
"RSM07","Turnover generated by Online Sales","201905","2019 May","X1350","Retail sale of non food products, excluding motor trades, automotive fuel and bars","%","8.2"
"RSM07","Turnover generated by Online Sales","201905","2019 May","X1360","Retail sale of food, beverages and tobacco in specialised stores (4721 to 4729)","%","1"
"RSM07","Turnover generated by Online Sales","201905","2019 May","X1370","Retail sale of household equipment (4741 to 4743,4752,4754,4759)","%","3.5"
"RSM07","Turnover generated by Online Sales","201905","2019 May","X1380","Retail sale of electrical goods (4741 to 4743,4754)","%","4"
"RSM07","Turnover generated by Online Sales","201905","2019 May","X1390","Retail sale of textiles, clothing and footwear (4751,4771,4772)","%","6.5"
"RSM07","Turnover generated by Online Sales","201905","2019 May","X1400","Retail sale of books, newspapers, stationery and other goods (4753,4761 to 4765,4776 to 4778)","%","20.5"
"RSM07","Turnover generated by Online Sales","201905","2019 May","X1410","Other retail sales (4753,4763 to 4765,4776 to 4778)","%","2.8"
"RSM07","Turnover generated by Online Sales","201905","2019 May","X1411","Online or Mail Order","%","81"
"RSM07","Turnover generated by Online Sales","201905","2019 May","X1420","Retail sale of books, newspapers and stationery (4761,4762)","%",""
"RSM07","Turnover generated by Online Sales","201905","2019 May","X1430","Retail sale of pharmaceutical, medical and cosmetic articles (4773 to 4775)","%",""
"RSM07","Turnover generated by Online Sales","201906","2019 June","45","Motor trades (45)","%","2"
"RSM07","Turnover generated by Online Sales","201906","2019 June","4711","Retail sale in non-specialised stores with food, beverages or tobacco predominating (4711)","%","1.8"
"RSM07","Turnover generated by Online Sales","201906","2019 June","4719","Department stores (4719)","%","4.2"
"RSM07","Turnover generated by Online Sales","201906","2019 June","4730","Retail sale of automotive fuel (4730)","%",""
"RSM07","Turnover generated by Online Sales","201906","2019 June","4752","Retail sale of hardware, paints and glass (4752)","%",""
"RSM07","Turnover generated by Online Sales","201906","2019 June","4759","Retail sale of furniture and lighting (4759)","%",""
"RSM07","Turnover generated by Online Sales","201906","2019 June","5630","Bars (5630)","%",""
"RSM07","Turnover generated by Online Sales","201906","2019 June","V3970","All retail businesses","%","3.4"
"RSM07","Turnover generated by Online Sales","201906","2019 June","X1320","All retail businesses, excluding motor trades","%","5"
"RSM07","Turnover generated by Online Sales","201906","2019 June","X1330","All retail businesses, excluding motor trades, automotive fuel and bars","%","5.6"
"RSM07","Turnover generated by Online Sales","201906","2019 June","X1340","Retail sale of food (4711,4721 to 4729)","%","1.7"
"RSM07","Turnover generated by Online Sales","201906","2019 June","X1350","Retail sale of non food products, excluding motor trades, automotive fuel and bars","%","8.9"
"RSM07","Turnover generated by Online Sales","201906","2019 June","X1360","Retail sale of food, beverages and tobacco in specialised stores (4721 to 4729)","%","1"
"RSM07","Turnover generated by Online Sales","201906","2019 June","X1370","Retail sale of household equipment (4741 to 4743,4752,4754,4759)","%","5"
"RSM07","Turnover generated by Online Sales","201906","2019 June","X1380","Retail sale of electrical goods (4741 to 4743,4754)","%","7.4"
"RSM07","Turnover generated by Online Sales","201906","2019 June","X1390","Retail sale of textiles, clothing and footwear (4751,4771,4772)","%","5.6"
"RSM07","Turnover generated by Online Sales","201906","2019 June","X1400","Retail sale of books, newspapers, stationery and other goods (4753,4761 to 4765,4776 to 4778)","%","20.7"
"RSM07","Turnover generated by Online Sales","201906","2019 June","X1410","Other retail sales (4753,4763 to 4765,4776 to 4778)","%","2.4"
"RSM07","Turnover generated by Online Sales","201906","2019 June","X1411","Online or Mail Order","%","81.9"
"RSM07","Turnover generated by Online Sales","201906","2019 June","X1420","Retail sale of books, newspapers and stationery (4761,4762)","%",""
"RSM07","Turnover generated by Online Sales","201906","2019 June","X1430","Retail sale of pharmaceutical, medical and cosmetic articles (4773 to 4775)","%",""
"RSM07","Turnover generated by Online Sales","201907","2019 July","45","Motor trades (45)","%","2.2"
"RSM07","Turnover generated by Online Sales","201907","2019 July","4711","Retail sale in non-specialised stores with food, beverages or tobacco predominating (4711)","%","2"
"RSM07","Turnover generated by Online Sales","201907","2019 July","4719","Department stores (4719)","%","3.6"
"RSM07","Turnover generated by Online Sales","201907","2019 July","4730","Retail sale of automotive fuel (4730)","%",""
"RSM07","Turnover generated by Online Sales","201907","2019 July","4752","Retail sale of hardware, paints and glass (4752)","%",""
"RSM07","Turnover generated by Online Sales","201907","2019 July","4759","Retail sale of furniture and lighting (4759)","%",""
"RSM07","Turnover generated by Online Sales","201907","2019 July","5630","Bars (5630)","%",""
"RSM07","Turnover generated by Online Sales","201907","2019 July","V3970","All retail businesses","%","3.4"
"RSM07","Turnover generated by Online Sales","201907","2019 July","X1320","All retail businesses, excluding motor trades","%","5"
"RSM07","Turnover generated by Online Sales","201907","2019 July","X1330","All retail businesses, excluding motor trades, automotive fuel and bars","%","5.6"
"RSM07","Turnover generated by Online Sales","201907","2019 July","X1340","Retail sale of food (4711,4721 to 4729)","%","1.9"
"RSM07","Turnover generated by Online Sales","201907","2019 July","X1350","Retail sale of non food products, excluding motor trades, automotive fuel and bars","%","8.8"
"RSM07","Turnover generated by Online Sales","201907","2019 July","X1360","Retail sale of food, beverages and tobacco in specialised stores (4721 to 4729)","%","1.1"
"RSM07","Turnover generated by Online Sales","201907","2019 July","X1370","Retail sale of household equipment (4741 to 4743,4752,4754,4759)","%","6.3"
"RSM07","Turnover generated by Online Sales","201907","2019 July","X1380","Retail sale of electrical goods (4741 to 4743,4754)","%","9.2"
"RSM07","Turnover generated by Online Sales","201907","2019 July","X1390","Retail sale of textiles, clothing and footwear (4751,4771,4772)","%","5.7"
"RSM07","Turnover generated by Online Sales","201907","2019 July","X1400","Retail sale of books, newspapers, stationery and other goods (4753,4761 to 4765,4776 to 4778)","%","20.7"
"RSM07","Turnover generated by Online Sales","201907","2019 July","X1410","Other retail sales (4753,4763 to 4765,4776 to 4778)","%","2.8"
"RSM07","Turnover generated by Online Sales","201907","2019 July","X1411","Online or Mail Order","%","79.8"
"RSM07","Turnover generated by Online Sales","201907","2019 July","X1420","Retail sale of books, newspapers and stationery (4761,4762)","%",""
"RSM07","Turnover generated by Online Sales","201907","2019 July","X1430","Retail sale of pharmaceutical, medical and cosmetic articles (4773 to 4775)","%",""
"RSM07","Turnover generated by Online Sales","201908","2019 August","45","Motor trades (45)","%","1.8"
"RSM07","Turnover generated by Online Sales","201908","2019 August","4711","Retail sale in non-specialised stores with food, beverages or tobacco predominating (4711)","%","1.6"
"RSM07","Turnover generated by Online Sales","201908","2019 August","4719","Department stores (4719)","%","3.1"
"RSM07","Turnover generated by Online Sales","201908","2019 August","4730","Retail sale of automotive fuel (4730)","%",""
"RSM07","Turnover generated by Online Sales","201908","2019 August","4752","Retail sale of hardware, paints and glass (4752)","%",""
"RSM07","Turnover generated by Online Sales","201908","2019 August","4759","Retail sale of furniture and lighting (4759)","%",""
"RSM07","Turnover generated by Online Sales","201908","2019 August","5630","Bars (5630)","%",""
"RSM07","Turnover generated by Online Sales","201908","2019 August","V3970","All retail businesses","%","3.2"
"RSM07","Turnover generated by Online Sales","201908","2019 August","X1320","All retail businesses, excluding motor trades","%","4.8"
"RSM07","Turnover generated by Online Sales","201908","2019 August","X1330","All retail businesses, excluding motor trades, automotive fuel and bars","%","5.4"
"RSM07","Turnover generated by Online Sales","201908","2019 August","X1340","Retail sale of food (4711,4721 to 4729)","%","1.5"
"RSM07","Turnover generated by Online Sales","201908","2019 August","X1350","Retail sale of non food products, excluding motor trades, automotive fuel and bars","%","8.6"
"RSM07","Turnover generated by Online Sales","201908","2019 August","X1360","Retail sale of food, beverages and tobacco in specialised stores (4721 to 4729)","%","1.1"
"RSM07","Turnover generated by Online Sales","201908","2019 August","X1370","Retail sale of household equipment (4741 to 4743,4752,4754,4759)","%","6.1"
"RSM07","Turnover generated by Online Sales","201908","2019 August","X1380","Retail sale of electrical goods (4741 to 4743,4754)","%","9.3"
"RSM07","Turnover generated by Online Sales","201908","2019 August","X1390","Retail sale of textiles, clothing and footwear (4751,4771,4772)","%","4.9"
"RSM07","Turnover generated by Online Sales","201908","2019 August","X1400","Retail sale of books, newspapers, stationery and other goods (4753,4761 to 4765,4776 to 4778)","%","20.8"
"RSM07","Turnover generated by Online Sales","201908","2019 August","X1410","Other retail sales (4753,4763 to 4765,4776 to 4778)","%","3"
"RSM07","Turnover generated by Online Sales","201908","2019 August","X1411","Online or Mail Order","%","79.7"
"RSM07","Turnover generated by Online Sales","201908","2019 August","X1420","Retail sale of books, newspapers and stationery (4761,4762)","%",""
"RSM07","Turnover generated by Online Sales","201908","2019 August","X1430","Retail sale of pharmaceutical, medical and cosmetic articles (4773 to 4775)","%",""
"RSM07","Turnover generated by Online Sales","201909","2019 September","45","Motor trades (45)","%","1.6"
"RSM07","Turnover generated by Online Sales","201909","2019 September","4711","Retail sale in non-specialised stores with food, beverages or tobacco predominating (4711)","%","1.8"
"RSM07","Turnover generated by Online Sales","201909","2019 September","4719","Department stores (4719)","%","3.8"
"RSM07","Turnover generated by Online Sales","201909","2019 September","4730","Retail sale of automotive fuel (4730)","%",""
"RSM07","Turnover generated by Online Sales","201909","2019 September","4752","Retail sale of hardware, paints and glass (4752)","%",""
"RSM07","Turnover generated by Online Sales","201909","2019 September","4759","Retail sale of furniture and lighting (4759)","%",""
"RSM07","Turnover generated by Online Sales","201909","2019 September","5630","Bars (5630)","%",""
"RSM07","Turnover generated by Online Sales","201909","2019 September","V3970","All retail businesses","%","3.2"
"RSM07","Turnover generated by Online Sales","201909","2019 September","X1320","All retail businesses, excluding motor trades","%","5"
"RSM07","Turnover generated by Online Sales","201909","2019 September","X1330","All retail businesses, excluding motor trades, automotive fuel and bars","%","5.6"
"RSM07","Turnover generated by Online Sales","201909","2019 September","X1340","Retail sale of food (4711,4721 to 4729)","%","1.7"
"RSM07","Turnover generated by Online Sales","201909","2019 September","X1350","Retail sale of non food products, excluding motor trades, automotive fuel and bars","%","8.9"
"RSM07","Turnover generated by Online Sales","201909","2019 September","X1360","Retail sale of food, beverages and tobacco in specialised stores (4721 to 4729)","%","1.1"
"RSM07","Turnover generated by Online Sales","201909","2019 September","X1370","Retail sale of household equipment (4741 to 4743,4752,4754,4759)","%","6.3"
"RSM07","Turnover generated by Online Sales","201909","2019 September","X1380","Retail sale of electrical goods (4741 to 4743,4754)","%","9.9"
"RSM07","Turnover generated by Online Sales","201909","2019 September","X1390","Retail sale of textiles, clothing and footwear (4751,4771,4772)","%","5.2"
"RSM07","Turnover generated by Online Sales","201909","2019 September","X1400","Retail sale of books, newspapers, stationery and other goods (4753,4761 to 4765,4776 to 4778)","%","21.4"
"RSM07","Turnover generated by Online Sales","201909","2019 September","X1410","Other retail sales (4753,4763 to 4765,4776 to 4778)","%","3.2"
"RSM07","Turnover generated by Online Sales","201909","2019 September","X1411","Online or Mail Order","%","83.2"
"RSM07","Turnover generated by Online Sales","201909","2019 September","X1420","Retail sale of books, newspapers and stationery (4761,4762)","%",""
"RSM07","Turnover generated by Online Sales","201909","2019 September","X1430","Retail sale of pharmaceutical, medical and cosmetic articles (4773 to 4775)","%",""
"RSM07","Turnover generated by Online Sales","201910","2019 October","45","Motor trades (45)","%","2"
"RSM07","Turnover generated by Online Sales","201910","2019 October","4711","Retail sale in non-specialised stores with food, beverages or tobacco predominating (4711)","%","1.8"
"RSM07","Turnover generated by Online Sales","201910","2019 October","4719","Department stores (4719)","%","4.4"
"RSM07","Turnover generated by Online Sales","201910","2019 October","4730","Retail sale of automotive fuel (4730)","%",""
"RSM07","Turnover generated by Online Sales","201910","2019 October","4752","Retail sale of hardware, paints and glass (4752)","%",""
"RSM07","Turnover generated by Online Sales","201910","2019 October","4759","Retail sale of furniture and lighting (4759)","%",""
"RSM07","Turnover generated by Online Sales","201910","2019 October","5630","Bars (5630)","%",""
"RSM07","Turnover generated by Online Sales","201910","2019 October","V3970","All retail businesses","%","3.4"
"RSM07","Turnover generated by Online Sales","201910","2019 October","X1320","All retail businesses, excluding motor trades","%","5"
"RSM07","Turnover generated by Online Sales","201910","2019 October","X1330","All retail businesses, excluding motor trades, automotive fuel and bars","%","5.7"
"RSM07","Turnover generated by Online Sales","201910","2019 October","X1340","Retail sale of food (4711,4721 to 4729)","%","1.7"
"RSM07","Turnover generated by Online Sales","201910","2019 October","X1350","Retail sale of non food products, excluding motor trades, automotive fuel and bars","%","9.1"
"RSM07","Turnover generated by Online Sales","201910","2019 October","X1360","Retail sale of food, beverages and tobacco in specialised stores (4721 to 4729)","%","1.2"
"RSM07","Turnover generated by Online Sales","201910","2019 October","X1370","Retail sale of household equipment (4741 to 4743,4752,4754,4759)","%","6.3"
"RSM07","Turnover generated by Online Sales","201910","2019 October","X1380","Retail sale of electrical goods (4741 to 4743,4754)","%","10"
"RSM07","Turnover generated by Online Sales","201910","2019 October","X1390","Retail sale of textiles, clothing and footwear (4751,4771,4772)","%","5.6"
"RSM07","Turnover generated by Online Sales","201910","2019 October","X1400","Retail sale of books, newspapers, stationery and other goods (4753,4761 to 4765,4776 to 4778)","%","21.3"
"RSM07","Turnover generated by Online Sales","201910","2019 October","X1410","Other retail sales (4753,4763 to 4765,4776 to 4778)","%","3.2"
"RSM07","Turnover generated by Online Sales","201910","2019 October","X1411","Online or Mail Order","%","83.3"
"RSM07","Turnover generated by Online Sales","201910","2019 October","X1420","Retail sale of books, newspapers and stationery (4761,4762)","%",""
"RSM07","Turnover generated by Online Sales","201910","2019 October","X1430","Retail sale of pharmaceutical, medical and cosmetic articles (4773 to 4775)","%",""
"RSM07","Turnover generated by Online Sales","201911","2019 November","45","Motor trades (45)","%","2.3"
"RSM07","Turnover generated by Online Sales","201911","2019 November","4711","Retail sale in non-specialised stores with food, beverages or tobacco predominating (4711)","%","1.8"
"RSM07","Turnover generated by Online Sales","201911","2019 November","4719","Department stores (4719)","%","5.7"
"RSM07","Turnover generated by Online Sales","201911","2019 November","4730","Retail sale of automotive fuel (4730)","%",""
"RSM07","Turnover generated by Online Sales","201911","2019 November","4752","Retail sale of hardware, paints and glass (4752)","%",""
"RSM07","Turnover generated by Online Sales","201911","2019 November","4759","Retail sale of furniture and lighting (4759)","%",""
"RSM07","Turnover generated by Online Sales","201911","2019 November","5630","Bars (5630)","%",""
"RSM07","Turnover generated by Online Sales","201911","2019 November","V3970","All retail businesses","%","4"
"RSM07","Turnover generated by Online Sales","201911","2019 November","X1320","All retail businesses, excluding motor trades","%","5.9"
"RSM07","Turnover generated by Online Sales","201911","2019 November","X1330","All retail businesses, excluding motor trades, automotive fuel and bars","%","6.6"
"RSM07","Turnover generated by Online Sales","201911","2019 November","X1340","Retail sale of food (4711,4721 to 4729)","%","1.7"
"RSM07","Turnover generated by Online Sales","201911","2019 November","X1350","Retail sale of non food products, excluding motor trades, automotive fuel and bars","%","10.7"
"RSM07","Turnover generated by Online Sales","201911","2019 November","X1360","Retail sale of food, beverages and tobacco in specialised stores (4721 to 4729)","%","1.3"
"RSM07","Turnover generated by Online Sales","201911","2019 November","X1370","Retail sale of household equipment (4741 to 4743,4752,4754,4759)","%","7.4"
"RSM07","Turnover generated by Online Sales","201911","2019 November","X1380","Retail sale of electrical goods (4741 to 4743,4754)","%","10.5"
"RSM07","Turnover generated by Online Sales","201911","2019 November","X1390","Retail sale of textiles, clothing and footwear (4751,4771,4772)","%","8"
"RSM07","Turnover generated by Online Sales","201911","2019 November","X1400","Retail sale of books, newspapers, stationery and other goods (4753,4761 to 4765,4776 to 4778)","%","23.5"
"RSM07","Turnover generated by Online Sales","201911","2019 November","X1410","Other retail sales (4753,4763 to 4765,4776 to 4778)","%","5.1"
"RSM07","Turnover generated by Online Sales","201911","2019 November","X1411","Online or Mail Order","%","87.1"
"RSM07","Turnover generated by Online Sales","201911","2019 November","X1420","Retail sale of books, newspapers and stationery (4761,4762)","%",""
"RSM07","Turnover generated by Online Sales","201911","2019 November","X1430","Retail sale of pharmaceutical, medical and cosmetic articles (4773 to 4775)","%",""
"RSM07","Turnover generated by Online Sales","201912","2019 December","45","Motor trades (45)","%","2.5"
"RSM07","Turnover generated by Online Sales","201912","2019 December","4711","Retail sale in non-specialised stores with food, beverages or tobacco predominating (4711)","%","1.9"
"RSM07","Turnover generated by Online Sales","201912","2019 December","4719","Department stores (4719)","%","5"
"RSM07","Turnover generated by Online Sales","201912","2019 December","4730","Retail sale of automotive fuel (4730)","%",""
"RSM07","Turnover generated by Online Sales","201912","2019 December","4752","Retail sale of hardware, paints and glass (4752)","%",""
"RSM07","Turnover generated by Online Sales","201912","2019 December","4759","Retail sale of furniture and lighting (4759)","%",""
"RSM07","Turnover generated by Online Sales","201912","2019 December","5630","Bars (5630)","%",""
"RSM07","Turnover generated by Online Sales","201912","2019 December","V3970","All retail businesses","%","4.1"
"RSM07","Turnover generated by Online Sales","201912","2019 December","X1320","All retail businesses, excluding motor trades","%","5.9"
"RSM07","Turnover generated by Online Sales","201912","2019 December","X1330","All retail businesses, excluding motor trades, automotive fuel and bars","%","6.6"
"RSM07","Turnover generated by Online Sales","201912","2019 December","X1340","Retail sale of food (4711,4721 to 4729)","%","1.8"
"RSM07","Turnover generated by Online Sales","201912","2019 December","X1350","Retail sale of non food products, excluding motor trades, automotive fuel and bars","%","10.6"
"RSM07","Turnover generated by Online Sales","201912","2019 December","X1360","Retail sale of food, beverages and tobacco in specialised stores (4721 to 4729)","%","1.5"
"RSM07","Turnover generated by Online Sales","201912","2019 December","X1370","Retail sale of household equipment (4741 to 4743,4752,4754,4759)","%","8.3"
"RSM07","Turnover generated by Online Sales","201912","2019 December","X1380","Retail sale of electrical goods (4741 to 4743,4754)","%","13"
"RSM07","Turnover generated by Online Sales","201912","2019 December","X1390","Retail sale of textiles, clothing and footwear (4751,4771,4772)","%","7.3"
"RSM07","Turnover generated by Online Sales","201912","2019 December","X1400","Retail sale of books, newspapers, stationery and other goods (4753,4761 to 4765,4776 to 4778)","%","23.3"
"RSM07","Turnover generated by Online Sales","201912","2019 December","X1410","Other retail sales (4753,4763 to 4765,4776 to 4778)","%","4.4"
"RSM07","Turnover generated by Online Sales","201912","2019 December","X1411","Online or Mail Order","%","87.5"
"RSM07","Turnover generated by Online Sales","201912","2019 December","X1420","Retail sale of books, newspapers and stationery (4761,4762)","%",""
"RSM07","Turnover generated by Online Sales","201912","2019 December","X1430","Retail sale of pharmaceutical, medical and cosmetic articles (4773 to 4775)","%",""
"RSM07","Turnover generated by Online Sales","202001","2020 January","45","Motor trades (45)","%","1.3"
"RSM07","Turnover generated by Online Sales","202001","2020 January","4711","Retail sale in non-specialised stores with food, beverages or tobacco predominating (4711)","%","1.8"
"RSM07","Turnover generated by Online Sales","202001","2020 January","4719","Department stores (4719)","%","4.5"
"RSM07","Turnover generated by Online Sales","202001","2020 January","4730","Retail sale of automotive fuel (4730)","%",""
"RSM07","Turnover generated by Online Sales","202001","2020 January","4752","Retail sale of hardware, paints and glass (4752)","%",""
"RSM07","Turnover generated by Online Sales","202001","2020 January","4759","Retail sale of furniture and lighting (4759)","%",""
"RSM07","Turnover generated by Online Sales","202001","2020 January","5630","Bars (5630)","%",""
"RSM07","Turnover generated by Online Sales","202001","2020 January","V3970","All retail businesses","%","3.2"
"RSM07","Turnover generated by Online Sales","202001","2020 January","X1320","All retail businesses, excluding motor trades","%","4.1"
"RSM07","Turnover generated by Online Sales","202001","2020 January","X1330","All retail businesses, excluding motor trades, automotive fuel and bars","%","4.6"
"RSM07","Turnover generated by Online Sales","202001","2020 January","X1340","Retail sale of food (4711,4721 to 4729)","%","1.7"
"RSM07","Turnover generated by Online Sales","202001","2020 January","X1350","Retail sale of non food products, excluding motor trades, automotive fuel and bars","%","7"
"RSM07","Turnover generated by Online Sales","202001","2020 January","X1360","Retail sale of food, beverages and tobacco in specialised stores (4721 to 4729)","%","1.1"
"RSM07","Turnover generated by Online Sales","202001","2020 January","X1370","Retail sale of household equipment (4741 to 4743,4752,4754,4759)","%","6.4"
"RSM07","Turnover generated by Online Sales","202001","2020 January","X1380","Retail sale of electrical goods (4741 to 4743,4754)","%","10.3"
"RSM07","Turnover generated by Online Sales","202001","2020 January","X1390","Retail sale of textiles, clothing and footwear (4751,4771,4772)","%","6.8"
"RSM07","Turnover generated by Online Sales","202001","2020 January","X1400","Retail sale of books, newspapers, stationery and other goods (4753,4761 to 4765,4776 to 4778)","%","13.4"
"RSM07","Turnover generated by Online Sales","202001","2020 January","X1410","Other retail sales (4753,4763 to 4765,4776 to 4778)","%","3.4"
"RSM07","Turnover generated by Online Sales","202001","2020 January","X1411","Online or Mail Order","%","80.1"
"RSM07","Turnover generated by Online Sales","202001","2020 January","X1420","Retail sale of books, newspapers and stationery (4761,4762)","%",""
"RSM07","Turnover generated by Online Sales","202001","2020 January","X1430","Retail sale of pharmaceutical, medical and cosmetic articles (4773 to 4775)","%",""
"RSM07","Turnover generated by Online Sales","202002","2020 February","45","Motor trades (45)","%","1.8"
"RSM07","Turnover generated by Online Sales","202002","2020 February","4711","Retail sale in non-specialised stores with food, beverages or tobacco predominating (4711)","%","2"
"RSM07","Turnover generated by Online Sales","202002","2020 February","4719","Department stores (4719)","%","4.3"
"RSM07","Turnover generated by Online Sales","202002","2020 February","4730","Retail sale of automotive fuel (4730)","%",""
"RSM07","Turnover generated by Online Sales","202002","2020 February","4752","Retail sale of hardware, paints and glass (4752)","%",""
"RSM07","Turnover generated by Online Sales","202002","2020 February","4759","Retail sale of furniture and lighting (4759)","%",""
"RSM07","Turnover generated by Online Sales","202002","2020 February","5630","Bars (5630)","%",""
"RSM07","Turnover generated by Online Sales","202002","2020 February","V3970","All retail businesses","%","3.5"
"RSM07","Turnover generated by Online Sales","202002","2020 February","X1320","All retail businesses, excluding motor trades","%","4.2"
"RSM07","Turnover generated by Online Sales","202002","2020 February","X1330","All retail businesses, excluding motor trades, automotive fuel and bars","%","4.8"
"RSM07","Turnover generated by Online Sales","202002","2020 February","X1340","Retail sale of food (4711,4721 to 4729)","%","1.9"
"RSM07","Turnover generated by Online Sales","202002","2020 February","X1350","Retail sale of non food products, excluding motor trades, automotive fuel and bars","%","7.1"
"RSM07","Turnover generated by Online Sales","202002","2020 February","X1360","Retail sale of food, beverages and tobacco in specialised stores (4721 to 4729)","%","1.1"
"RSM07","Turnover generated by Online Sales","202002","2020 February","X1370","Retail sale of household equipment (4741 to 4743,4752,4754,4759)","%","7.6"
"RSM07","Turnover generated by Online Sales","202002","2020 February","X1380","Retail sale of electrical goods (4741 to 4743,4754)","%","12.9"
"RSM07","Turnover generated by Online Sales","202002","2020 February","X1390","Retail sale of textiles, clothing and footwear (4751,4771,4772)","%","5.7"
"RSM07","Turnover generated by Online Sales","202002","2020 February","X1400","Retail sale of books, newspapers, stationery and other goods (4753,4761 to 4765,4776 to 4778)","%","13.5"
"RSM07","Turnover generated by Online Sales","202002","2020 February","X1410","Other retail sales (4753,4763 to 4765,4776 to 4778)","%","3.4"
"RSM07","Turnover generated by Online Sales","202002","2020 February","X1411","Online or Mail Order","%","79.8"
"RSM07","Turnover generated by Online Sales","202002","2020 February","X1420","Retail sale of books, newspapers and stationery (4761,4762)","%",""
"RSM07","Turnover generated by Online Sales","202002","2020 February","X1430","Retail sale of pharmaceutical, medical and cosmetic articles (4773 to 4775)","%",""
"RSM07","Turnover generated by Online Sales","202003","2020 March","45","Motor trades (45)","%","0.9"
"RSM07","Turnover generated by Online Sales","202003","2020 March","4711","Retail sale in non-specialised stores with food, beverages or tobacco predominating (4711)","%","2.3"
"RSM07","Turnover generated by Online Sales","202003","2020 March","4719","Department stores (4719)","%","10.5"
"RSM07","Turnover generated by Online Sales","202003","2020 March","4730","Retail sale of automotive fuel (4730)","%",""
"RSM07","Turnover generated by Online Sales","202003","2020 March","4752","Retail sale of hardware, paints and glass (4752)","%",""
"RSM07","Turnover generated by Online Sales","202003","2020 March","4759","Retail sale of furniture and lighting (4759)","%",""
"RSM07","Turnover generated by Online Sales","202003","2020 March","5630","Bars (5630)","%",""
"RSM07","Turnover generated by Online Sales","202003","2020 March","V3970","All retail businesses","%","4.5"
"RSM07","Turnover generated by Online Sales","202003","2020 March","X1320","All retail businesses, excluding motor trades","%","6"
"RSM07","Turnover generated by Online Sales","202003","2020 March","X1330","All retail businesses, excluding motor trades, automotive fuel and bars","%","6.8"
"RSM07","Turnover generated by Online Sales","202003","2020 March","X1340","Retail sale of food (4711,4721 to 4729)","%","2.4"
"RSM07","Turnover generated by Online Sales","202003","2020 March","X1350","Retail sale of non food products, excluding motor trades, automotive fuel and bars","%","10.3"
"RSM07","Turnover generated by Online Sales","202003","2020 March","X1360","Retail sale of food, beverages and tobacco in specialised stores (4721 to 4729)","%","3"
"RSM07","Turnover generated by Online Sales","202003","2020 March","X1370","Retail sale of household equipment (4741 to 4743,4752,4754,4759)","%","9.4"
"RSM07","Turnover generated by Online Sales","202003","2020 March","X1380","Retail sale of electrical goods (4741 to 4743,4754)","%","15.2"
"RSM07","Turnover generated by Online Sales","202003","2020 March","X1390","Retail sale of textiles, clothing and footwear (4751,4771,4772)","%","10.4"
"RSM07","Turnover generated by Online Sales","202003","2020 March","X1400","Retail sale of books, newspapers, stationery and other goods (4753,4761 to 4765,4776 to 4778)","%","16.7"
"RSM07","Turnover generated by Online Sales","202003","2020 March","X1410","Other retail sales (4753,4763 to 4765,4776 to 4778)","%","7"
"RSM07","Turnover generated by Online Sales","202003","2020 March","X1411","Online or Mail Order","%","80.8"
"RSM07","Turnover generated by Online Sales","202003","2020 March","X1420","Retail sale of books, newspapers and stationery (4761,4762)","%",""
"RSM07","Turnover generated by Online Sales","202003","2020 March","X1430","Retail sale of pharmaceutical, medical and cosmetic articles (4773 to 4775)","%",""
"RSM07","Turnover generated by Online Sales","202004","2020 April","45","Motor trades (45)","%","4"
"RSM07","Turnover generated by Online Sales","202004","2020 April","4711","Retail sale in non-specialised stores with food, beverages or tobacco predominating (4711)","%","2.5"
"RSM07","Turnover generated by Online Sales","202004","2020 April","4719","Department stores (4719)","%","51.1"
"RSM07","Turnover generated by Online Sales","202004","2020 April","4730","Retail sale of automotive fuel (4730)","%",""
"RSM07","Turnover generated by Online Sales","202004","2020 April","4752","Retail sale of hardware, paints and glass (4752)","%",""
"RSM07","Turnover generated by Online Sales","202004","2020 April","4759","Retail sale of furniture and lighting (4759)","%",""
"RSM07","Turnover generated by Online Sales","202004","2020 April","5630","Bars (5630)","%",""
"RSM07","Turnover generated by Online Sales","202004","2020 April","V3970","All retail businesses","%","15.3"
"RSM07","Turnover generated by Online Sales","202004","2020 April","X1320","All retail businesses, excluding motor trades","%","19.9"
"RSM07","Turnover generated by Online Sales","202004","2020 April","X1330","All retail businesses, excluding motor trades, automotive fuel and bars","%","22.7"
"RSM07","Turnover generated by Online Sales","202004","2020 April","X1340","Retail sale of food (4711,4721 to 4729)","%","3.1"
"RSM07","Turnover generated by Online Sales","202004","2020 April","X1350","Retail sale of non food products, excluding motor trades, automotive fuel and bars","%","38.6"
"RSM07","Turnover generated by Online Sales","202004","2020 April","X1360","Retail sale of food, beverages and tobacco in specialised stores (4721 to 4729)","%","7.6"
"RSM07","Turnover generated by Online Sales","202004","2020 April","X1370","Retail sale of household equipment (4741 to 4743,4752,4754,4759)","%","42.6"
"RSM07","Turnover generated by Online Sales","202004","2020 April","X1380","Retail sale of electrical goods (4741 to 4743,4754)","%","58.5"
"RSM07","Turnover generated by Online Sales","202004","2020 April","X1390","Retail sale of textiles, clothing and footwear (4751,4771,4772)","%","66.3"
"RSM07","Turnover generated by Online Sales","202004","2020 April","X1400","Retail sale of books, newspapers, stationery and other goods (4753,4761 to 4765,4776 to 4778)","%","34.8"
"RSM07","Turnover generated by Online Sales","202004","2020 April","X1410","Other retail sales (4753,4763 to 4765,4776 to 4778)","%","23.5"
"RSM07","Turnover generated by Online Sales","202004","2020 April","X1411","Online or Mail Order","%","92.2"
"RSM07","Turnover generated by Online Sales","202004","2020 April","X1420","Retail sale of books, newspapers and stationery (4761,4762)","%",""
"RSM07","Turnover generated by Online Sales","202004","2020 April","X1430","Retail sale of pharmaceutical, medical and cosmetic articles (4773 to 4775)","%",""
"RSM07","Turnover generated by Online Sales","202005","2020 May","45","Motor trades (45)","%","3.8"
"RSM07","Turnover generated by Online Sales","202005","2020 May","4711","Retail sale in non-specialised stores with food, beverages or tobacco predominating (4711)","%","2.5"
"RSM07","Turnover generated by Online Sales","202005","2020 May","4719","Department stores (4719)","%","29.8"
"RSM07","Turnover generated by Online Sales","202005","2020 May","4730","Retail sale of automotive fuel (4730)","%",""
"RSM07","Turnover generated by Online Sales","202005","2020 May","4752","Retail sale of hardware, paints and glass (4752)","%",""
"RSM07","Turnover generated by Online Sales","202005","2020 May","4759","Retail sale of furniture and lighting (4759)","%",""
"RSM07","Turnover generated by Online Sales","202005","2020 May","5630","Bars (5630)","%",""
"RSM07","Turnover generated by Online Sales","202005","2020 May","V3970","All retail businesses","%","13.2"
"RSM07","Turnover generated by Online Sales","202005","2020 May","X1320","All retail businesses, excluding motor trades","%","17.1"
"RSM07","Turnover generated by Online Sales","202005","2020 May","X1330","All retail businesses, excluding motor trades, automotive fuel and bars","%","18.5"
"RSM07","Turnover generated by Online Sales","202005","2020 May","X1340","Retail sale of food (4711,4721 to 4729)","%","3.2"
"RSM07","Turnover generated by Online Sales","202005","2020 May","X1350","Retail sale of non food products, excluding motor trades, automotive fuel and bars","%","30.9"
"RSM07","Turnover generated by Online Sales","202005","2020 May","X1360","Retail sale of food, beverages and tobacco in specialised stores (4721 to 4729)","%","9.3"
"RSM07","Turnover generated by Online Sales","202005","2020 May","X1370","Retail sale of household equipment (4741 to 4743,4752,4754,4759)","%","25.2"
"RSM07","Turnover generated by Online Sales","202005","2020 May","X1380","Retail sale of electrical goods (4741 to 4743,4754)","%","37.4"
"RSM07","Turnover generated by Online Sales","202005","2020 May","X1390","Retail sale of textiles, clothing and footwear (4751,4771,4772)","%","61.8"
"RSM07","Turnover generated by Online Sales","202005","2020 May","X1400","Retail sale of books, newspapers, stationery and other goods (4753,4761 to 4765,4776 to 4778)","%","32.1"
"RSM07","Turnover generated by Online Sales","202005","2020 May","X1410","Other retail sales (4753,4763 to 4765,4776 to 4778)","%","20.3"
"RSM07","Turnover generated by Online Sales","202005","2020 May","X1411","Online or Mail Order","%","87"
"RSM07","Turnover generated by Online Sales","202005","2020 May","X1420","Retail sale of books, newspapers and stationery (4761,4762)","%",""
"RSM07","Turnover generated by Online Sales","202005","2020 May","X1430","Retail sale of pharmaceutical, medical and cosmetic articles (4773 to 4775)","%",""
"RSM07","Turnover generated by Online Sales","202006","2020 June","45","Motor trades (45)","%","3.1"
"RSM07","Turnover generated by Online Sales","202006","2020 June","4711","Retail sale in non-specialised stores with food, beverages or tobacco predominating (4711)","%","2.4"
"RSM07","Turnover generated by Online Sales","202006","2020 June","4719","Department stores (4719)","%","12.3"
"RSM07","Turnover generated by Online Sales","202006","2020 June","4730","Retail sale of automotive fuel (4730)","%",""
"RSM07","Turnover generated by Online Sales","202006","2020 June","4752","Retail sale of hardware, paints and glass (4752)","%",""
"RSM07","Turnover generated by Online Sales","202006","2020 June","4759","Retail sale of furniture and lighting (4759)","%",""
"RSM07","Turnover generated by Online Sales","202006","2020 June","5630","Bars (5630)","%",""
"RSM07","Turnover generated by Online Sales","202006","2020 June","V3970","All retail businesses","%","6.7"
"RSM07","Turnover generated by Online Sales","202006","2020 June","X1320","All retail businesses, excluding motor trades","%","8.1"
"RSM07","Turnover generated by Online Sales","202006","2020 June","X1330","All retail businesses, excluding motor trades, automotive fuel and bars","%","8.6"
"RSM07","Turnover generated by Online Sales","202006","2020 June","X1340","Retail sale of food (4711,4721 to 4729)","%","2.8"
"RSM07","Turnover generated by Online Sales","202006","2020 June","X1350","Retail sale of non food products, excluding motor trades, automotive fuel and bars","%","13.4"
"RSM07","Turnover generated by Online Sales","202006","2020 June","X1360","Retail sale of food, beverages and tobacco in specialised stores (4721 to 4729)","%","6.2"
"RSM07","Turnover generated by Online Sales","202006","2020 June","X1370","Retail sale of household equipment (4741 to 4743,4752,4754,4759)","%","10.4"
"RSM07","Turnover generated by Online Sales","202006","2020 June","X1380","Retail sale of electrical goods (4741 to 4743,4754)","%","16.9"
"RSM07","Turnover generated by Online Sales","202006","2020 June","X1390","Retail sale of textiles, clothing and footwear (4751,4771,4772)","%","16.4"
"RSM07","Turnover generated by Online Sales","202006","2020 June","X1400","Retail sale of books, newspapers, stationery and other goods (4753,4761 to 4765,4776 to 4778)","%","21.7"
"RSM07","Turnover generated by Online Sales","202006","2020 June","X1410","Other retail sales (4753,4763 to 4765,4776 to 4778)","%","10.9"
"RSM07","Turnover generated by Online Sales","202006","2020 June","X1411","Online or Mail Order","%","86.4"
"RSM07","Turnover generated by Online Sales","202006","2020 June","X1420","Retail sale of books, newspapers and stationery (4761,4762)","%",""
"RSM07","Turnover generated by Online Sales","202006","2020 June","X1430","Retail sale of pharmaceutical, medical and cosmetic articles (4773 to 4775)","%",""
"RSM07","Turnover generated by Online Sales","202007","2020 July","45","Motor trades (45)","%","2.5"
"RSM07","Turnover generated by Online Sales","202007","2020 July","4711","Retail sale in non-specialised stores with food, beverages or tobacco predominating (4711)","%","2.2"
"RSM07","Turnover generated by Online Sales","202007","2020 July","4719","Department stores (4719)","%","7.7"
"RSM07","Turnover generated by Online Sales","202007","2020 July","4730","Retail sale of automotive fuel (4730)","%",""
"RSM07","Turnover generated by Online Sales","202007","2020 July","4752","Retail sale of hardware, paints and glass (4752)","%",""
"RSM07","Turnover generated by Online Sales","202007","2020 July","4759","Retail sale of furniture and lighting (4759)","%",""
"RSM07","Turnover generated by Online Sales","202007","2020 July","5630","Bars (5630)","%",""
"RSM07","Turnover generated by Online Sales","202007","2020 July","V3970","All retail businesses","%","4.6"
"RSM07","Turnover generated by Online Sales","202007","2020 July","X1320","All retail businesses, excluding motor trades","%","5.5"
"RSM07","Turnover generated by Online Sales","202007","2020 July","X1330","All retail businesses, excluding motor trades, automotive fuel and bars","%","6.2"
"RSM07","Turnover generated by Online Sales","202007","2020 July","X1340","Retail sale of food (4711,4721 to 4729)","%","2.4"
"RSM07","Turnover generated by Online Sales","202007","2020 July","X1350","Retail sale of non food products, excluding motor trades, automotive fuel and bars","%","9.3"
"RSM07","Turnover generated by Online Sales","202007","2020 July","X1360","Retail sale of food, beverages and tobacco in specialised stores (4721 to 4729)","%","4.2"
"RSM07","Turnover generated by Online Sales","202007","2020 July","X1370","Retail sale of household equipment (4741 to 4743,4752,4754,4759)","%","7.5"
"RSM07","Turnover generated by Online Sales","202007","2020 July","X1380","Retail sale of electrical goods (4741 to 4743,4754)","%","12.5"
"RSM07","Turnover generated by Online Sales","202007","2020 July","X1390","Retail sale of textiles, clothing and footwear (4751,4771,4772)","%","8.6"
"RSM07","Turnover generated by Online Sales","202007","2020 July","X1400","Retail sale of books, newspapers, stationery and other goods (4753,4761 to 4765,4776 to 4778)","%","17"
"RSM07","Turnover generated by Online Sales","202007","2020 July","X1410","Other retail sales (4753,4763 to 4765,4776 to 4778)","%","5.7"
"RSM07","Turnover generated by Online Sales","202007","2020 July","X1411","Online or Mail Order","%","82.8"
"RSM07","Turnover generated by Online Sales","202007","2020 July","X1420","Retail sale of books, newspapers and stationery (4761,4762)","%",""
"RSM07","Turnover generated by Online Sales","202007","2020 July","X1430","Retail sale of pharmaceutical, medical and cosmetic articles (4773 to 4775)","%",""
"RSM07","Turnover generated by Online Sales","202008","2020 August","45","Motor trades (45)","%","2.2"
"RSM07","Turnover generated by Online Sales","202008","2020 August","4711","Retail sale in non-specialised stores with food, beverages or tobacco predominating (4711)","%","2.1"
"RSM07","Turnover generated by Online Sales","202008","2020 August","4719","Department stores (4719)","%","7"
"RSM07","Turnover generated by Online Sales","202008","2020 August","4730","Retail sale of automotive fuel (4730)","%",""
"RSM07","Turnover generated by Online Sales","202008","2020 August","4752","Retail sale of hardware, paints and glass (4752)","%",""
"RSM07","Turnover generated by Online Sales","202008","2020 August","4759","Retail sale of furniture and lighting (4759)","%",""
"RSM07","Turnover generated by Online Sales","202008","2020 August","5630","Bars (5630)","%",""
"RSM07","Turnover generated by Online Sales","202008","2020 August","V3970","All retail businesses","%","4.5"
"RSM07","Turnover generated by Online Sales","202008","2020 August","X1320","All retail businesses, excluding motor trades","%","5.5"
"RSM07","Turnover generated by Online Sales","202008","2020 August","X1330","All retail businesses, excluding motor trades, automotive fuel and bars","%","6.2"
"RSM07","Turnover generated by Online Sales","202008","2020 August","X1340","Retail sale of food (4711,4721 to 4729)","%","2.2"
"RSM07","Turnover generated by Online Sales","202008","2020 August","X1350","Retail sale of non food products, excluding motor trades, automotive fuel and bars","%","9.4"
"RSM07","Turnover generated by Online Sales","202008","2020 August","X1360","Retail sale of food, beverages and tobacco in specialised stores (4721 to 4729)","%","3.7"
"RSM07","Turnover generated by Online Sales","202008","2020 August","X1370","Retail sale of household equipment (4741 to 4743,4752,4754,4759)","%","9.3"
"RSM07","Turnover generated by Online Sales","202008","2020 August","X1380","Retail sale of electrical goods (4741 to 4743,4754)","%","14.7"
"RSM07","Turnover generated by Online Sales","202008","2020 August","X1390","Retail sale of textiles, clothing and footwear (4751,4771,4772)","%","7.7"
"RSM07","Turnover generated by Online Sales","202008","2020 August","X1400","Retail sale of books, newspapers, stationery and other goods (4753,4761 to 4765,4776 to 4778)","%","18.2"
"RSM07","Turnover generated by Online Sales","202008","2020 August","X1410","Other retail sales (4753,4763 to 4765,4776 to 4778)","%","7.4"
"RSM07","Turnover generated by Online Sales","202008","2020 August","X1411","Online or Mail Order","%","87.4"
"RSM07","Turnover generated by Online Sales","202008","2020 August","X1420","Retail sale of books, newspapers and stationery (4761,4762)","%",""
"RSM07","Turnover generated by Online Sales","202008","2020 August","X1430","Retail sale of pharmaceutical, medical and cosmetic articles (4773 to 4775)","%",""
"RSM07","Turnover generated by Online Sales","202009","2020 September","45","Motor trades (45)","%","1.6"
"RSM07","Turnover generated by Online Sales","202009","2020 September","4711","Retail sale in non-specialised stores with food, beverages or tobacco predominating (4711)","%","2.4"
"RSM07","Turnover generated by Online Sales","202009","2020 September","4719","Department stores (4719)","%","7.1"
"RSM07","Turnover generated by Online Sales","202009","2020 September","4730","Retail sale of automotive fuel (4730)","%",""
"RSM07","Turnover generated by Online Sales","202009","2020 September","4752","Retail sale of hardware, paints and glass (4752)","%",""
"RSM07","Turnover generated by Online Sales","202009","2020 September","4759","Retail sale of furniture and lighting (4759)","%",""
"RSM07","Turnover generated by Online Sales","202009","2020 September","5630","Bars (5630)","%",""
"RSM07","Turnover generated by Online Sales","202009","2020 September","V3970","All retail businesses","%","4.5"
"RSM07","Turnover generated by Online Sales","202009","2020 September","X1320","All retail businesses, excluding motor trades","%","5.7"
"RSM07","Turnover generated by Online Sales","202009","2020 September","X1330","All retail businesses, excluding motor trades, automotive fuel and bars","%","6.5"
"RSM07","Turnover generated by Online Sales","202009","2020 September","X1340","Retail sale of food (4711,4721 to 4729)","%","2.5"
"RSM07","Turnover generated by Online Sales","202009","2020 September","X1350","Retail sale of non food products, excluding motor trades, automotive fuel and bars","%","9.7"
"RSM07","Turnover generated by Online Sales","202009","2020 September","X1360","Retail sale of food, beverages and tobacco in specialised stores (4721 to 4729)","%","3.3"
"RSM07","Turnover generated by Online Sales","202009","2020 September","X1370","Retail sale of household equipment (4741 to 4743,4752,4754,4759)","%","10"
"RSM07","Turnover generated by Online Sales","202009","2020 September","X1380","Retail sale of electrical goods (4741 to 4743,4754)","%","16.5"
"RSM07","Turnover generated by Online Sales","202009","2020 September","X1390","Retail sale of textiles, clothing and footwear (4751,4771,4772)","%","10.1"
"RSM07","Turnover generated by Online Sales","202009","2020 September","X1400","Retail sale of books, newspapers, stationery and other goods (4753,4761 to 4765,4776 to 4778)","%","16.1"
"RSM07","Turnover generated by Online Sales","202009","2020 September","X1410","Other retail sales (4753,4763 to 4765,4776 to 4778)","%","5.6"
"RSM07","Turnover generated by Online Sales","202009","2020 September","X1411","Online or Mail Order","%","85.4"
"RSM07","Turnover generated by Online Sales","202009","2020 September","X1420","Retail sale of books, newspapers and stationery (4761,4762)","%",""
"RSM07","Turnover generated by Online Sales","202009","2020 September","X1430","Retail sale of pharmaceutical, medical and cosmetic articles (4773 to 4775)","%",""
"RSM07","Turnover generated by Online Sales","202010","2020 October","45","Motor trades (45)","%","2.6"
"RSM07","Turnover generated by Online Sales","202010","2020 October","4711","Retail sale in non-specialised stores with food, beverages or tobacco predominating (4711)","%","2.5"
"RSM07","Turnover generated by Online Sales","202010","2020 October","4719","Department stores (4719)","%","13.8"
"RSM07","Turnover generated by Online Sales","202010","2020 October","4730","Retail sale of automotive fuel (4730)","%",""
"RSM07","Turnover generated by Online Sales","202010","2020 October","4752","Retail sale of hardware, paints and glass (4752)","%",""
"RSM07","Turnover generated by Online Sales","202010","2020 October","4759","Retail sale of furniture and lighting (4759)","%",""
"RSM07","Turnover generated by Online Sales","202010","2020 October","5630","Bars (5630)","%",""
"RSM07","Turnover generated by Online Sales","202010","2020 October","V3970","All retail businesses","%","6"
"RSM07","Turnover generated by Online Sales","202010","2020 October","X1320","All retail businesses, excluding motor trades","%","7.5"
"RSM07","Turnover generated by Online Sales","202010","2020 October","X1330","All retail businesses, excluding motor trades, automotive fuel and bars","%","8.3"
"RSM07","Turnover generated by Online Sales","202010","2020 October","X1340","Retail sale of food (4711,4721 to 4729)","%","2.7"
"RSM07","Turnover generated by Online Sales","202010","2020 October","X1350","Retail sale of non food products, excluding motor trades, automotive fuel and bars","%","12.9"
"RSM07","Turnover generated by Online Sales","202010","2020 October","X1360","Retail sale of food, beverages and tobacco in specialised stores (4721 to 4729)","%","4.2"
"RSM07","Turnover generated by Online Sales","202010","2020 October","X1370","Retail sale of household equipment (4741 to 4743,4752,4754,4759)","%","10.7"
"RSM07","Turnover generated by Online Sales","202010","2020 October","X1380","Retail sale of electrical goods (4741 to 4743,4754)","%","18.3"
"RSM07","Turnover generated by Online Sales","202010","2020 October","X1390","Retail sale of textiles, clothing and footwear (4751,4771,4772)","%","18.2"
"RSM07","Turnover generated by Online Sales","202010","2020 October","X1400","Retail sale of books, newspapers, stationery and other goods (4753,4761 to 4765,4776 to 4778)","%","16.6"
"RSM07","Turnover generated by Online Sales","202010","2020 October","X1410","Other retail sales (4753,4763 to 4765,4776 to 4778)","%","6.2"
"RSM07","Turnover generated by Online Sales","202010","2020 October","X1411","Online or Mail Order","%","83.7"
"RSM07","Turnover generated by Online Sales","202010","2020 October","X1420","Retail sale of books, newspapers and stationery (4761,4762)","%",""
"RSM07","Turnover generated by Online Sales","202010","2020 October","X1430","Retail sale of pharmaceutical, medical and cosmetic articles (4773 to 4775)","%",""
"RSM07","Turnover generated by Online Sales","202011","2020 November","45","Motor trades (45)","%","2.4"
"RSM07","Turnover generated by Online Sales","202011","2020 November","4711","Retail sale in non-specialised stores with food, beverages or tobacco predominating (4711)","%","2.6"
"RSM07","Turnover generated by Online Sales","202011","2020 November","4719","Department stores (4719)","%","28.8"
"RSM07","Turnover generated by Online Sales","202011","2020 November","4730","Retail sale of automotive fuel (4730)","%",""
"RSM07","Turnover generated by Online Sales","202011","2020 November","4752","Retail sale of hardware, paints and glass (4752)","%",""
"RSM07","Turnover generated by Online Sales","202011","2020 November","4759","Retail sale of furniture and lighting (4759)","%",""
"RSM07","Turnover generated by Online Sales","202011","2020 November","5630","Bars (5630)","%",""
"RSM07","Turnover generated by Online Sales","202011","2020 November","V3970","All retail businesses","%","12.4"
"RSM07","Turnover generated by Online Sales","202011","2020 November","X1320","All retail businesses, excluding motor trades","%","16.5"
"RSM07","Turnover generated by Online Sales","202011","2020 November","X1330","All retail businesses, excluding motor trades, automotive fuel and bars","%","18.7"
"RSM07","Turnover generated by Online Sales","202011","2020 November","X1340","Retail sale of food (4711,4721 to 4729)","%","2.8"
"RSM07","Turnover generated by Online Sales","202011","2020 November","X1350","Retail sale of non food products, excluding motor trades, automotive fuel and bars","%","31.7"
"RSM07","Turnover generated by Online Sales","202011","2020 November","X1360","Retail sale of food, beverages and tobacco in specialised stores (4721 to 4729)","%","4.9"
"RSM07","Turnover generated by Online Sales","202011","2020 November","X1370","Retail sale of household equipment (4741 to 4743,4752,4754,4759)","%","20.5"
"RSM07","Turnover generated by Online Sales","202011","2020 November","X1380","Retail sale of electrical goods (4741 to 4743,4754)","%","25.8"
"RSM07","Turnover generated by Online Sales","202011","2020 November","X1390","Retail sale of textiles, clothing and footwear (4751,4771,4772)","%","67.1"
"RSM07","Turnover generated by Online Sales","202011","2020 November","X1400","Retail sale of books, newspapers, stationery and other goods (4753,4761 to 4765,4776 to 4778)","%","33.5"
"RSM07","Turnover generated by Online Sales","202011","2020 November","X1410","Other retail sales (4753,4763 to 4765,4776 to 4778)","%","25.9"
"RSM07","Turnover generated by Online Sales","202011","2020 November","X1411","Online or Mail Order","%","89.6"
"RSM07","Turnover generated by Online Sales","202011","2020 November","X1420","Retail sale of books, newspapers and stationery (4761,4762)","%",""
"RSM07","Turnover generated by Online Sales","202011","2020 November","X1430","Retail sale of pharmaceutical, medical and cosmetic articles (4773 to 4775)","%",""
"RSM07","Turnover generated by Online Sales","202012","2020 December","45","Motor trades (45)","%","3.2"
"RSM07","Turnover generated by Online Sales","202012","2020 December","4711","Retail sale in non-specialised stores with food, beverages or tobacco predominating (4711)","%","2.5"
"RSM07","Turnover generated by Online Sales","202012","2020 December","4719","Department stores (4719)","%","7.4"
"RSM07","Turnover generated by Online Sales","202012","2020 December","4730","Retail sale of automotive fuel (4730)","%",""
"RSM07","Turnover generated by Online Sales","202012","2020 December","4752","Retail sale of hardware, paints and glass (4752)","%",""
"RSM07","Turnover generated by Online Sales","202012","2020 December","4759","Retail sale of furniture and lighting (4759)","%",""
"RSM07","Turnover generated by Online Sales","202012","2020 December","5630","Bars (5630)","%",""
"RSM07","Turnover generated by Online Sales","202012","2020 December","V3970","All retail businesses","%","5.8"
"RSM07","Turnover generated by Online Sales","202012","2020 December","X1320","All retail businesses, excluding motor trades","%","6.8"
"RSM07","Turnover generated by Online Sales","202012","2020 December","X1330","All retail businesses, excluding motor trades, automotive fuel and bars","%","7.4"
"RSM07","Turnover generated by Online Sales","202012","2020 December","X1340","Retail sale of food (4711,4721 to 4729)","%","2.7"
"RSM07","Turnover generated by Online Sales","202012","2020 December","X1350","Retail sale of non food products, excluding motor trades, automotive fuel and bars","%","11.2"
"RSM07","Turnover generated by Online Sales","202012","2020 December","X1360","Retail sale of food, beverages and tobacco in specialised stores (4721 to 4729)","%","4.3"
"RSM07","Turnover generated by Online Sales","202012","2020 December","X1370","Retail sale of household equipment (4741 to 4743,4752,4754,4759)","%","11.8"
"RSM07","Turnover generated by Online Sales","202012","2020 December","X1380","Retail sale of electrical goods (4741 to 4743,4754)","%","20.3"
"RSM07","Turnover generated by Online Sales","202012","2020 December","X1390","Retail sale of textiles, clothing and footwear (4751,4771,4772)","%","9.6"
"RSM07","Turnover generated by Online Sales","202012","2020 December","X1400","Retail sale of books, newspapers, stationery and other goods (4753,4761 to 4765,4776 to 4778)","%","18.1"
"RSM07","Turnover generated by Online Sales","202012","2020 December","X1410","Other retail sales (4753,4763 to 4765,4776 to 4778)","%","7.5"
"RSM07","Turnover generated by Online Sales","202012","2020 December","X1411","Online or Mail Order","%","89.6"
"RSM07","Turnover generated by Online Sales","202012","2020 December","X1420","Retail sale of books, newspapers and stationery (4761,4762)","%",""
"RSM07","Turnover generated by Online Sales","202012","2020 December","X1430","Retail sale of pharmaceutical, medical and cosmetic articles (4773 to 4775)","%",""
"RSM07","Turnover generated by Online Sales","202101","2021 January","45","Motor trades (45)","%","3.3"
"RSM07","Turnover generated by Online Sales","202101","2021 January","4711","Retail sale in non-specialised stores with food, beverages or tobacco predominating (4711)","%","3.2"
"RSM07","Turnover generated by Online Sales","202101","2021 January","4719","Department stores (4719)","%","26.9"
"RSM07","Turnover generated by Online Sales","202101","2021 January","4730","Retail sale of automotive fuel (4730)","%",""
"RSM07","Turnover generated by Online Sales","202101","2021 January","4752","Retail sale of hardware, paints and glass (4752)","%",""
"RSM07","Turnover generated by Online Sales","202101","2021 January","4759","Retail sale of furniture and lighting (4759)","%",""
"RSM07","Turnover generated by Online Sales","202101","2021 January","5630","Bars (5630)","%",""
"RSM07","Turnover generated by Online Sales","202101","2021 January","V3970","All retail businesses","%","11"
"RSM07","Turnover generated by Online Sales","202101","2021 January","X1320","All retail businesses, excluding motor trades","%","14.2"
"RSM07","Turnover generated by Online Sales","202101","2021 January","X1330","All retail businesses, excluding motor trades, automotive fuel and bars","%","16.1"
"RSM07","Turnover generated by Online Sales","202101","2021 January","X1340","Retail sale of food (4711,4721 to 4729)","%","3.5"
"RSM07","Turnover generated by Online Sales","202101","2021 January","X1350","Retail sale of non food products, excluding motor trades, automotive fuel and bars","%","26.3"
"RSM07","Turnover generated by Online Sales","202101","2021 January","X1360","Retail sale of food, beverages and tobacco in specialised stores (4721 to 4729)","%","5.4"
"RSM07","Turnover generated by Online Sales","202101","2021 January","X1370","Retail sale of household equipment (4741 to 4743,4752,4754,4759)","%","15.3"
"RSM07","Turnover generated by Online Sales","202101","2021 January","X1380","Retail sale of electrical goods (4741 to 4743,4754)","%","25.6"
"RSM07","Turnover generated by Online Sales","202101","2021 January","X1390","Retail sale of textiles, clothing and footwear (4751,4771,4772)","%","62.7"
"RSM07","Turnover generated by Online Sales","202101","2021 January","X1400","Retail sale of books, newspapers, stationery and other goods (4753,4761 to 4765,4776 to 4778)","%","24.8"
"RSM07","Turnover generated by Online Sales","202101","2021 January","X1410","Other retail sales (4753,4763 to 4765,4776 to 4778)","%","14.7"
"RSM07","Turnover generated by Online Sales","202101","2021 January","X1411","Online or Mail Order","%","86.8"
"RSM07","Turnover generated by Online Sales","202101","2021 January","X1420","Retail sale of books, newspapers and stationery (4761,4762)","%",""
"RSM07","Turnover generated by Online Sales","202101","2021 January","X1430","Retail sale of pharmaceutical, medical and cosmetic articles (4773 to 4775)","%",""
"RSM07","Turnover generated by Online Sales","202102","2021 February","45","Motor trades (45)","%","2.9"
"RSM07","Turnover generated by Online Sales","202102","2021 February","4711","Retail sale in non-specialised stores with food, beverages or tobacco predominating (4711)","%","2.9"
"RSM07","Turnover generated by Online Sales","202102","2021 February","4719","Department stores (4719)","%","35.8"
"RSM07","Turnover generated by Online Sales","202102","2021 February","4730","Retail sale of automotive fuel (4730)","%",""
"RSM07","Turnover generated by Online Sales","202102","2021 February","4752","Retail sale of hardware, paints and glass (4752)","%",""
"RSM07","Turnover generated by Online Sales","202102","2021 February","4759","Retail sale of furniture and lighting (4759)","%",""
"RSM07","Turnover generated by Online Sales","202102","2021 February","5630","Bars (5630)","%",""
"RSM07","Turnover generated by Online Sales","202102","2021 February","V3970","All retail businesses","%","11.8"
"RSM07","Turnover generated by Online Sales","202102","2021 February","X1320","All retail businesses, excluding motor trades","%","15.4"
"RSM07","Turnover generated by Online Sales","202102","2021 February","X1330","All retail businesses, excluding motor trades, automotive fuel and bars","%","17.6"
"RSM07","Turnover generated by Online Sales","202102","2021 February","X1340","Retail sale of food (4711,4721 to 4729)","%","3.3"
"RSM07","Turnover generated by Online Sales","202102","2021 February","X1350","Retail sale of non food products, excluding motor trades, automotive fuel and bars","%","29.2"
"RSM07","Turnover generated by Online Sales","202102","2021 February","X1360","Retail sale of food, beverages and tobacco in specialised stores (4721 to 4729)","%","6.5"
"RSM07","Turnover generated by Online Sales","202102","2021 February","X1370","Retail sale of household equipment (4741 to 4743,4752,4754,4759)","%","17.7"
"RSM07","Turnover generated by Online Sales","202102","2021 February","X1380","Retail sale of electrical goods (4741 to 4743,4754)","%","21.5"
"RSM07","Turnover generated by Online Sales","202102","2021 February","X1390","Retail sale of textiles, clothing and footwear (4751,4771,4772)","%","65.9"
"RSM07","Turnover generated by Online Sales","202102","2021 February","X1400","Retail sale of books, newspapers, stationery and other goods (4753,4761 to 4765,4776 to 4778)","%","26.5"
"RSM07","Turnover generated by Online Sales","202102","2021 February","X1410","Other retail sales (4753,4763 to 4765,4776 to 4778)","%","17"
"RSM07","Turnover generated by Online Sales","202102","2021 February","X1411","Online or Mail Order","%","89"
"RSM07","Turnover generated by Online Sales","202102","2021 February","X1420","Retail sale of books, newspapers and stationery (4761,4762)","%",""
"RSM07","Turnover generated by Online Sales","202102","2021 February","X1430","Retail sale of pharmaceutical, medical and cosmetic articles (4773 to 4775)","%",""
"RSM07","Turnover generated by Online Sales","202103","2021 March","45","Motor trades (45)","%","3.4"
"RSM07","Turnover generated by Online Sales","202103","2021 March","4711","Retail sale in non-specialised stores with food, beverages or tobacco predominating (4711)","%","2.9"
"RSM07","Turnover generated by Online Sales","202103","2021 March","4719","Department stores (4719)","%","28.5"
"RSM07","Turnover generated by Online Sales","202103","2021 March","4730","Retail sale of automotive fuel (4730)","%",""
"RSM07","Turnover generated by Online Sales","202103","2021 March","4752","Retail sale of hardware, paints and glass (4752)","%",""
"RSM07","Turnover generated by Online Sales","202103","2021 March","4759","Retail sale of furniture and lighting (4759)","%",""
"RSM07","Turnover generated by Online Sales","202103","2021 March","5630","Bars (5630)","%",""
"RSM07","Turnover generated by Online Sales","202103","2021 March","V3970","All retail businesses","%","11.1"
"RSM07","Turnover generated by Online Sales","202103","2021 March","X1320","All retail businesses, excluding motor trades","%","14.2"
"RSM07","Turnover generated by Online Sales","202103","2021 March","X1330","All retail businesses, excluding motor trades, automotive fuel and bars","%","16.1"
"RSM07","Turnover generated by Online Sales","202103","2021 March","X1340","Retail sale of food (4711,4721 to 4729)","%","2.8"
"RSM07","Turnover generated by Online Sales","202103","2021 March","X1350","Retail sale of non food products, excluding motor trades, automotive fuel and bars","%","26.9"
"RSM07","Turnover generated by Online Sales","202103","2021 March","X1360","Retail sale of food, beverages and tobacco in specialised stores (4721 to 4729)","%","2.5"
"RSM07","Turnover generated by Online Sales","202103","2021 March","X1370","Retail sale of household equipment (4741 to 4743,4752,4754,4759)","%","16.8"
"RSM07","Turnover generated by Online Sales","202103","2021 March","X1380","Retail sale of electrical goods (4741 to 4743,4754)","%","21.4"
"RSM07","Turnover generated by Online Sales","202103","2021 March","X1390","Retail sale of textiles, clothing and footwear (4751,4771,4772)","%","65.8"
"RSM07","Turnover generated by Online Sales","202103","2021 March","X1400","Retail sale of books, newspapers, stationery and other goods (4753,4761 to 4765,4776 to 4778)","%","22.5"
"RSM07","Turnover generated by Online Sales","202103","2021 March","X1410","Other retail sales (4753,4763 to 4765,4776 to 4778)","%","11.8"
"RSM07","Turnover generated by Online Sales","202103","2021 March","X1411","Online or Mail Order","%","91.1"
"RSM07","Turnover generated by Online Sales","202103","2021 March","X1420","Retail sale of books, newspapers and stationery (4761,4762)","%",""
"RSM07","Turnover generated by Online Sales","202103","2021 March","X1430","Retail sale of pharmaceutical, medical and cosmetic articles (4773 to 4775)","%",""
"RSM07","Turnover generated by Online Sales","202104","2021 April","45","Motor trades (45)","%","3.8"
"RSM07","Turnover generated by Online Sales","202104","2021 April","4711","Retail sale in non-specialised stores with food, beverages or tobacco predominating (4711)","%","2.6"
"RSM07","Turnover generated by Online Sales","202104","2021 April","4719","Department stores (4719)","%","34.6"
"RSM07","Turnover generated by Online Sales","202104","2021 April","4730","Retail sale of automotive fuel (4730)","%",""
"RSM07","Turnover generated by Online Sales","202104","2021 April","4752","Retail sale of hardware, paints and glass (4752)","%",""
"RSM07","Turnover generated by Online Sales","202104","2021 April","4759","Retail sale of furniture and lighting (4759)","%",""
"RSM07","Turnover generated by Online Sales","202104","2021 April","5630","Bars (5630)","%",""
"RSM07","Turnover generated by Online Sales","202104","2021 April","V3970","All retail businesses","%","10.1"
"RSM07","Turnover generated by Online Sales","202104","2021 April","X1320","All retail businesses, excluding motor trades","%","12.7"
"RSM07","Turnover generated by Online Sales","202104","2021 April","X1330","All retail businesses, excluding motor trades, automotive fuel and bars","%","14.3"
"RSM07","Turnover generated by Online Sales","202104","2021 April","X1340","Retail sale of food (4711,4721 to 4729)","%","2.6"
"RSM07","Turnover generated by Online Sales","202104","2021 April","X1350","Retail sale of non food products, excluding motor trades, automotive fuel and bars","%","23.9"
"RSM07","Turnover generated by Online Sales","202104","2021 April","X1360","Retail sale of food, beverages and tobacco in specialised stores (4721 to 4729)","%","2.8"
"RSM07","Turnover generated by Online Sales","202104","2021 April","X1370","Retail sale of household equipment (4741 to 4743,4752,4754,4759)","%","13.5"
"RSM07","Turnover generated by Online Sales","202104","2021 April","X1380","Retail sale of electrical goods (4741 to 4743,4754)","%","20.4"
"RSM07","Turnover generated by Online Sales","202104","2021 April","X1390","Retail sale of textiles, clothing and footwear (4751,4771,4772)","%","58.2"
"RSM07","Turnover generated by Online Sales","202104","2021 April","X1400","Retail sale of books, newspapers, stationery and other goods (4753,4761 to 4765,4776 to 4778)","%","18.2"
"RSM07","Turnover generated by Online Sales","202104","2021 April","X1410","Other retail sales (4753,4763 to 4765,4776 to 4778)","%","6.9"
"RSM07","Turnover generated by Online Sales","202104","2021 April","X1411","Online or Mail Order","%","83.9"
"RSM07","Turnover generated by Online Sales","202104","2021 April","X1420","Retail sale of books, newspapers and stationery (4761,4762)","%",""
"RSM07","Turnover generated by Online Sales","202104","2021 April","X1430","Retail sale of pharmaceutical, medical and cosmetic articles (4773 to 4775)","%",""
"RSM07","Turnover generated by Online Sales","202105","2021 May","45","Motor trades (45)","%","2.9"
"RSM07","Turnover generated by Online Sales","202105","2021 May","4711","Retail sale in non-specialised stores with food, beverages or tobacco predominating (4711)","%","2.4"
"RSM07","Turnover generated by Online Sales","202105","2021 May","4719","Department stores (4719)","%","10.6"
"RSM07","Turnover generated by Online Sales","202105","2021 May","4730","Retail sale of automotive fuel (4730)","%",""
"RSM07","Turnover generated by Online Sales","202105","2021 May","4752","Retail sale of hardware, paints and glass (4752)","%",""
"RSM07","Turnover generated by Online Sales","202105","2021 May","4759","Retail sale of furniture and lighting (4759)","%",""
"RSM07","Turnover generated by Online Sales","202105","2021 May","5630","Bars (5630)","%",""
"RSM07","Turnover generated by Online Sales","202105","2021 May","V3970","All retail businesses","%","5.6"
"RSM07","Turnover generated by Online Sales","202105","2021 May","X1320","All retail businesses, excluding motor trades","%","6.7"
"RSM07","Turnover generated by Online Sales","202105","2021 May","X1330","All retail businesses, excluding motor trades, automotive fuel and bars","%","7.4"
"RSM07","Turnover generated by Online Sales","202105","2021 May","X1340","Retail sale of food (4711,4721 to 4729)","%","2.5"
"RSM07","Turnover generated by Online Sales","202105","2021 May","X1350","Retail sale of non food products, excluding motor trades, automotive fuel and bars","%","11.5"
"RSM07","Turnover generated by Online Sales","202105","2021 May","X1360","Retail sale of food, beverages and tobacco in specialised stores (4721 to 4729)","%","3.7"
"RSM07","Turnover generated by Online Sales","202105","2021 May","X1370","Retail sale of household equipment (4741 to 4743,4752,4754,4759)","%","9.5"
"RSM07","Turnover generated by Online Sales","202105","2021 May","X1380","Retail sale of electrical goods (4741 to 4743,4754)","%","16.9"
"RSM07","Turnover generated by Online Sales","202105","2021 May","X1390","Retail sale of textiles, clothing and footwear (4751,4771,4772)","%","11.5"
"RSM07","Turnover generated by Online Sales","202105","2021 May","X1400","Retail sale of books, newspapers, stationery and other goods (4753,4761 to 4765,4776 to 4778)","%","19.5"
"RSM07","Turnover generated by Online Sales","202105","2021 May","X1410","Other retail sales (4753,4763 to 4765,4776 to 4778)","%","8.1"
"RSM07","Turnover generated by Online Sales","202105","2021 May","X1411","Online or Mail Order","%","89.4"
"RSM07","Turnover generated by Online Sales","202105","2021 May","X1420","Retail sale of books, newspapers and stationery (4761,4762)","%",""
"RSM07","Turnover generated by Online Sales","202105","2021 May","X1430","Retail sale of pharmaceutical, medical and cosmetic articles (4773 to 4775)","%",""
"RSM07","Turnover generated by Online Sales","202106","2021 June","45","Motor trades (45)","%","2"
"RSM07","Turnover generated by Online Sales","202106","2021 June","4711","Retail sale in non-specialised stores with food, beverages or tobacco predominating (4711)","%","3.1"
"RSM07","Turnover generated by Online Sales","202106","2021 June","4719","Department stores (4719)","%","8.1"
"RSM07","Turnover generated by Online Sales","202106","2021 June","4730","Retail sale of automotive fuel (4730)","%",""
"RSM07","Turnover generated by Online Sales","202106","2021 June","4752","Retail sale of hardware, paints and glass (4752)","%",""
"RSM07","Turnover generated by Online Sales","202106","2021 June","4759","Retail sale of furniture and lighting (4759)","%",""
"RSM07","Turnover generated by Online Sales","202106","2021 June","5630","Bars (5630)","%",""
"RSM07","Turnover generated by Online Sales","202106","2021 June","V3970","All retail businesses","%","4.9"
"RSM07","Turnover generated by Online Sales","202106","2021 June","X1320","All retail businesses, excluding motor trades","%","6.1"
"RSM07","Turnover generated by Online Sales","202106","2021 June","X1330","All retail businesses, excluding motor trades, automotive fuel and bars","%","6.7"
"RSM07","Turnover generated by Online Sales","202106","2021 June","X1340","Retail sale of food (4711,4721 to 4729)","%","3.1"
"RSM07","Turnover generated by Online Sales","202106","2021 June","X1350","Retail sale of non food products, excluding motor trades, automotive fuel and bars","%","9.6"
"RSM07","Turnover generated by Online Sales","202106","2021 June","X1360","Retail sale of food, beverages and tobacco in specialised stores (4721 to 4729)","%","3.2"
"RSM07","Turnover generated by Online Sales","202106","2021 June","X1370","Retail sale of household equipment (4741 to 4743,4752,4754,4759)","%","7.9"
"RSM07","Turnover generated by Online Sales","202106","2021 June","X1380","Retail sale of electrical goods (4741 to 4743,4754)","%","13.7"
"RSM07","Turnover generated by Online Sales","202106","2021 June","X1390","Retail sale of textiles, clothing and footwear (4751,4771,4772)","%","8.6"
"RSM07","Turnover generated by Online Sales","202106","2021 June","X1400","Retail sale of books, newspapers, stationery and other goods (4753,4761 to 4765,4776 to 4778)","%","17.7"
"RSM07","Turnover generated by Online Sales","202106","2021 June","X1410","Other retail sales (4753,4763 to 4765,4776 to 4778)","%","6.9"
"RSM07","Turnover generated by Online Sales","202106","2021 June","X1411","Online or Mail Order","%","84.2"
"RSM07","Turnover generated by Online Sales","202106","2021 June","X1420","Retail sale of books, newspapers and stationery (4761,4762)","%",""
"RSM07","Turnover generated by Online Sales","202106","2021 June","X1430","Retail sale of pharmaceutical, medical and cosmetic articles (4773 to 4775)","%",""
"RSM07","Turnover generated by Online Sales","202107","2021 July","45","Motor trades (45)","%","3"
"RSM07","Turnover generated by Online Sales","202107","2021 July","4711","Retail sale in non-specialised stores with food, beverages or tobacco predominating (4711)","%","2.3"
"RSM07","Turnover generated by Online Sales","202107","2021 July","4719","Department stores (4719)","%","7.8"
"RSM07","Turnover generated by Online Sales","202107","2021 July","4730","Retail sale of automotive fuel (4730)","%",""
"RSM07","Turnover generated by Online Sales","202107","2021 July","4752","Retail sale of hardware, paints and glass (4752)","%",""
"RSM07","Turnover generated by Online Sales","202107","2021 July","4759","Retail sale of furniture and lighting (4759)","%",""
"RSM07","Turnover generated by Online Sales","202107","2021 July","5630","Bars (5630)","%",""
"RSM07","Turnover generated by Online Sales","202107","2021 July","V3970","All retail businesses","%","4.8"
"RSM07","Turnover generated by Online Sales","202107","2021 July","X1320","All retail businesses, excluding motor trades","%","5.6"
"RSM07","Turnover generated by Online Sales","202107","2021 July","X1330","All retail businesses, excluding motor trades, automotive fuel and bars","%","6.2"
"RSM07","Turnover generated by Online Sales","202107","2021 July","X1340","Retail sale of food (4711,4721 to 4729)","%","2.4"
"RSM07","Turnover generated by Online Sales","202107","2021 July","X1350","Retail sale of non food products, excluding motor trades, automotive fuel and bars","%","9.3"
"RSM07","Turnover generated by Online Sales","202107","2021 July","X1360","Retail sale of food, beverages and tobacco in specialised stores (4721 to 4729)","%","3.3"
"RSM07","Turnover generated by Online Sales","202107","2021 July","X1370","Retail sale of household equipment (4741 to 4743,4752,4754,4759)","%","8.3"
"RSM07","Turnover generated by Online Sales","202107","2021 July","X1380","Retail sale of electrical goods (4741 to 4743,4754)","%","14.4"
"RSM07","Turnover generated by Online Sales","202107","2021 July","X1390","Retail sale of textiles, clothing and footwear (4751,4771,4772)","%","8.3"
"RSM07","Turnover generated by Online Sales","202107","2021 July","X1400","Retail sale of books, newspapers, stationery and other goods (4753,4761 to 4765,4776 to 4778)","%","15.5"
"RSM07","Turnover generated by Online Sales","202107","2021 July","X1410","Other retail sales (4753,4763 to 4765,4776 to 4778)","%","4.3"
"RSM07","Turnover generated by Online Sales","202107","2021 July","X1411","Online or Mail Order","%","82.6"
"RSM07","Turnover generated by Online Sales","202107","2021 July","X1420","Retail sale of books, newspapers and stationery (4761,4762)","%",""
"RSM07","Turnover generated by Online Sales","202107","2021 July","X1430","Retail sale of pharmaceutical, medical and cosmetic articles (4773 to 4775)","%",""
"RSM07","Turnover generated by Online Sales","202108","2021 August","45","Motor trades (45)","%","2.6"
"RSM07","Turnover generated by Online Sales","202108","2021 August","4711","Retail sale in non-specialised stores with food, beverages or tobacco predominating (4711)","%","2.4"
"RSM07","Turnover generated by Online Sales","202108","2021 August","4719","Department stores (4719)","%","7.9"
"RSM07","Turnover generated by Online Sales","202108","2021 August","4730","Retail sale of automotive fuel (4730)","%",""
"RSM07","Turnover generated by Online Sales","202108","2021 August","4752","Retail sale of hardware, paints and glass (4752)","%",""
"RSM07","Turnover generated by Online Sales","202108","2021 August","4759","Retail sale of furniture and lighting (4759)","%",""
"RSM07","Turnover generated by Online Sales","202108","2021 August","5630","Bars (5630)","%",""
"RSM07","Turnover generated by Online Sales","202108","2021 August","V3970","All retail businesses","%","4.8"
"RSM07","Turnover generated by Online Sales","202108","2021 August","X1320","All retail businesses, excluding motor trades","%","5.7"
"RSM07","Turnover generated by Online Sales","202108","2021 August","X1330","All retail businesses, excluding motor trades, automotive fuel and bars","%","6.3"
"RSM07","Turnover generated by Online Sales","202108","2021 August","X1340","Retail sale of food (4711,4721 to 4729)","%","2.5"
"RSM07","Turnover generated by Online Sales","202108","2021 August","X1350","Retail sale of non food products, excluding motor trades, automotive fuel and bars","%","9.5"
"RSM07","Turnover generated by Online Sales","202108","2021 August","X1360","Retail sale of food, beverages and tobacco in specialised stores (4721 to 4729)","%","3.2"
"RSM07","Turnover generated by Online Sales","202108","2021 August","X1370","Retail sale of household equipment (4741 to 4743,4752,4754,4759)","%","9.2"
"RSM07","Turnover generated by Online Sales","202108","2021 August","X1380","Retail sale of electrical goods (4741 to 4743,4754)","%","15.6"
"RSM07","Turnover generated by Online Sales","202108","2021 August","X1390","Retail sale of textiles, clothing and footwear (4751,4771,4772)","%","9"
"RSM07","Turnover generated by Online Sales","202108","2021 August","X1400","Retail sale of books, newspapers, stationery and other goods (4753,4761 to 4765,4776 to 4778)","%","14.8"
"RSM07","Turnover generated by Online Sales","202108","2021 August","X1410","Other retail sales (4753,4763 to 4765,4776 to 4778)","%","2.9"
"RSM07","Turnover generated by Online Sales","202108","2021 August","X1411","Online or Mail Order","%","85.7"
"RSM07","Turnover generated by Online Sales","202108","2021 August","X1420","Retail sale of books, newspapers and stationery (4761,4762)","%",""
"RSM07","Turnover generated by Online Sales","202108","2021 August","X1430","Retail sale of pharmaceutical, medical and cosmetic articles (4773 to 4775)","%",""
"RSM07","Turnover generated by Online Sales","202109","2021 September","45","Motor trades (45)","%","2.9"
"RSM07","Turnover generated by Online Sales","202109","2021 September","4711","Retail sale in non-specialised stores with food, beverages or tobacco predominating (4711)","%","2.5"
"RSM07","Turnover generated by Online Sales","202109","2021 September","4719","Department stores (4719)","%","7.1"
"RSM07","Turnover generated by Online Sales","202109","2021 September","4730","Retail sale of automotive fuel (4730)","%",""
"RSM07","Turnover generated by Online Sales","202109","2021 September","4752","Retail sale of hardware, paints and glass (4752)","%",""
"RSM07","Turnover generated by Online Sales","202109","2021 September","4759","Retail sale of furniture and lighting (4759)","%",""
"RSM07","Turnover generated by Online Sales","202109","2021 September","5630","Bars (5630)","%",""
"RSM07","Turnover generated by Online Sales","202109","2021 September","V3970","All retail businesses","%","4.6"
"RSM07","Turnover generated by Online Sales","202109","2021 September","X1320","All retail businesses, excluding motor trades","%","5.3"
"RSM07","Turnover generated by Online Sales","202109","2021 September","X1330","All retail businesses, excluding motor trades, automotive fuel and bars","%","5.9"
"RSM07","Turnover generated by Online Sales","202109","2021 September","X1340","Retail sale of food (4711,4721 to 4729)","%","2.5"
"RSM07","Turnover generated by Online Sales","202109","2021 September","X1350","Retail sale of non food products, excluding motor trades, automotive fuel and bars","%","8.6"
"RSM07","Turnover generated by Online Sales","202109","2021 September","X1360","Retail sale of food, beverages and tobacco in specialised stores (4721 to 4729)","%","2.7"
"RSM07","Turnover generated by Online Sales","202109","2021 September","X1370","Retail sale of household equipment (4741 to 4743,4752,4754,4759)","%","8.9"
"RSM07","Turnover generated by Online Sales","202109","2021 September","X1380","Retail sale of electrical goods (4741 to 4743,4754)","%","13.6"
"RSM07","Turnover generated by Online Sales","202109","2021 September","X1390","Retail sale of textiles, clothing and footwear (4751,4771,4772)","%","8.1"
"RSM07","Turnover generated by Online Sales","202109","2021 September","X1400","Retail sale of books, newspapers, stationery and other goods (4753,4761 to 4765,4776 to 4778)","%","14.4"
"RSM07","Turnover generated by Online Sales","202109","2021 September","X1410","Other retail sales (4753,4763 to 4765,4776 to 4778)","%","4.3"
"RSM07","Turnover generated by Online Sales","202109","2021 September","X1411","Online or Mail Order","%","78.7"
"RSM07","Turnover generated by Online Sales","202109","2021 September","X1420","Retail sale of books, newspapers and stationery (4761,4762)","%",""
"RSM07","Turnover generated by Online Sales","202109","2021 September","X1430","Retail sale of pharmaceutical, medical and cosmetic articles (4773 to 4775)","%",""
"RSM07","Turnover generated by Online Sales","202110","2021 October","45","Motor trades (45)","%","3.6"
"RSM07","Turnover generated by Online Sales","202110","2021 October","4711","Retail sale in non-specialised stores with food, beverages or tobacco predominating (4711)","%","2.4"
"RSM07","Turnover generated by Online Sales","202110","2021 October","4719","Department stores (4719)","%","7.8"
"RSM07","Turnover generated by Online Sales","202110","2021 October","4730","Retail sale of automotive fuel (4730)","%",""
"RSM07","Turnover generated by Online Sales","202110","2021 October","4752","Retail sale of hardware, paints and glass (4752)","%",""
"RSM07","Turnover generated by Online Sales","202110","2021 October","4759","Retail sale of furniture and lighting (4759)","%",""
"RSM07","Turnover generated by Online Sales","202110","2021 October","5630","Bars (5630)","%",""
"RSM07","Turnover generated by Online Sales","202110","2021 October","V3970","All retail businesses","%","5.5"
"RSM07","Turnover generated by Online Sales","202110","2021 October","X1320","All retail businesses, excluding motor trades","%","6.3"
"RSM07","Turnover generated by Online Sales","202110","2021 October","X1330","All retail businesses, excluding motor trades, automotive fuel and bars","%","6.5"
"RSM07","Turnover generated by Online Sales","202110","2021 October","X1340","Retail sale of food (4711,4721 to 4729)","%","2.4"
"RSM07","Turnover generated by Online Sales","202110","2021 October","X1350","Retail sale of non food products, excluding motor trades, automotive fuel and bars","%","9.8"
"RSM07","Turnover generated by Online Sales","202110","2021 October","X1360","Retail sale of food, beverages and tobacco in specialised stores (4721 to 4729)","%","2.4"
"RSM07","Turnover generated by Online Sales","202110","2021 October","X1370","Retail sale of household equipment (4741 to 4743,4752,4754,4759)","%","7.7"
"RSM07","Turnover generated by Online Sales","202110","2021 October","X1380","Retail sale of electrical goods (4741 to 4743,4754)","%","13"
"RSM07","Turnover generated by Online Sales","202110","2021 October","X1390","Retail sale of textiles, clothing and footwear (4751,4771,4772)","%","9.6"
"RSM07","Turnover generated by Online Sales","202110","2021 October","X1400","Retail sale of books, newspapers, stationery and other goods (4753,4761 to 4765,4776 to 4778)","%","16.1"
"RSM07","Turnover generated by Online Sales","202110","2021 October","X1410","Other retail sales (4753,4763 to 4765,4776 to 4778)","%","5.6"
"RSM07","Turnover generated by Online Sales","202110","2021 October","X1411","Online or Mail Order","%","84"
"RSM07","Turnover generated by Online Sales","202110","2021 October","X1420","Retail sale of books, newspapers and stationery (4761,4762)","%",""
"RSM07","Turnover generated by Online Sales","202110","2021 October","X1430","Retail sale of pharmaceutical, medical and cosmetic articles (4773 to 4775)","%",""
"RSM07","Turnover generated by Online Sales","202111","2021 November","45","Motor trades (45)","%","4.3"
"RSM07","Turnover generated by Online Sales","202111","2021 November","4711","Retail sale in non-specialised stores with food, beverages or tobacco predominating (4711)","%","2.6"
"RSM07","Turnover generated by Online Sales","202111","2021 November","4719","Department stores (4719)","%","10.3"
"RSM07","Turnover generated by Online Sales","202111","2021 November","4730","Retail sale of automotive fuel (4730)","%",""
"RSM07","Turnover generated by Online Sales","202111","2021 November","4752","Retail sale of hardware, paints and glass (4752)","%",""
"RSM07","Turnover generated by Online Sales","202111","2021 November","4759","Retail sale of furniture and lighting (4759)","%",""
"RSM07","Turnover generated by Online Sales","202111","2021 November","5630","Bars (5630)","%",""
"RSM07","Turnover generated by Online Sales","202111","2021 November","V3970","All retail businesses","%","6"
"RSM07","Turnover generated by Online Sales","202111","2021 November","X1320","All retail businesses, excluding motor trades","%","6.8"
"RSM07","Turnover generated by Online Sales","202111","2021 November","X1330","All retail businesses, excluding motor trades, automotive fuel and bars","%","7.6"
"RSM07","Turnover generated by Online Sales","202111","2021 November","X1340","Retail sale of food (4711,4721 to 4729)","%","2.5"
"RSM07","Turnover generated by Online Sales","202111","2021 November","X1350","Retail sale of non food products, excluding motor trades, automotive fuel and bars","%","11.7"
"RSM07","Turnover generated by Online Sales","202111","2021 November","X1360","Retail sale of food, beverages and tobacco in specialised stores (4721 to 4729)","%","2.2"
"RSM07","Turnover generated by Online Sales","202111","2021 November","X1370","Retail sale of household equipment (4741 to 4743,4752,4754,4759)","%","10.5"
"RSM07","Turnover generated by Online Sales","202111","2021 November","X1380","Retail sale of electrical goods (4741 to 4743,4754)","%","16.2"
"RSM07","Turnover generated by Online Sales","202111","2021 November","X1390","Retail sale of textiles, clothing and footwear (4751,4771,4772)","%","14.7"
"RSM07","Turnover generated by Online Sales","202111","2021 November","X1400","Retail sale of books, newspapers, stationery and other goods (4753,4761 to 4765,4776 to 4778)","%","17.5"
"RSM07","Turnover generated by Online Sales","202111","2021 November","X1410","Other retail sales (4753,4763 to 4765,4776 to 4778)","%","5.1"
"RSM07","Turnover generated by Online Sales","202111","2021 November","X1411","Online or Mail Order","%","86.9"
"RSM07","Turnover generated by Online Sales","202111","2021 November","X1420","Retail sale of books, newspapers and stationery (4761,4762)","%",""
"RSM07","Turnover generated by Online Sales","202111","2021 November","X1430","Retail sale of pharmaceutical, medical and cosmetic articles (4773 to 4775)","%",""
"RSM07","Turnover generated by Online Sales","202112","2021 December","45","Motor trades (45)","%","17.7"
"RSM07","Turnover generated by Online Sales","202112","2021 December","4711","Retail sale in non-specialised stores with food, beverages or tobacco predominating (4711)","%","2.6"
"RSM07","Turnover generated by Online Sales","202112","2021 December","4719","Department stores (4719)","%","6.8"
"RSM07","Turnover generated by Online Sales","202112","2021 December","4730","Retail sale of automotive fuel (4730)","%",""
"RSM07","Turnover generated by Online Sales","202112","2021 December","4752","Retail sale of hardware, paints and glass (4752)","%",""
"RSM07","Turnover generated by Online Sales","202112","2021 December","4759","Retail sale of furniture and lighting (4759)","%",""
"RSM07","Turnover generated by Online Sales","202112","2021 December","5630","Bars (5630)","%",""
"RSM07","Turnover generated by Online Sales","202112","2021 December","V3970","All retail businesses","%","9.7"
"RSM07","Turnover generated by Online Sales","202112","2021 December","X1320","All retail businesses, excluding motor trades","%","6.3"
"RSM07","Turnover generated by Online Sales","202112","2021 December","X1330","All retail businesses, excluding motor trades, automotive fuel and bars","%","7.1"
"RSM07","Turnover generated by Online Sales","202112","2021 December","X1340","Retail sale of food (4711,4721 to 4729)","%","3.1"
"RSM07","Turnover generated by Online Sales","202112","2021 December","X1350","Retail sale of non food products, excluding motor trades, automotive fuel and bars","%","10.4"
"RSM07","Turnover generated by Online Sales","202112","2021 December","X1360","Retail sale of food, beverages and tobacco in specialised stores (4721 to 4729)","%","7.6"
"RSM07","Turnover generated by Online Sales","202112","2021 December","X1370","Retail sale of household equipment (4741 to 4743,4752,4754,4759)","%","9.8"
"RSM07","Turnover generated by Online Sales","202112","2021 December","X1380","Retail sale of electrical goods (4741 to 4743,4754)","%","14.5"
"RSM07","Turnover generated by Online Sales","202112","2021 December","X1390","Retail sale of textiles, clothing and footwear (4751,4771,4772)","%","9.3"
"RSM07","Turnover generated by Online Sales","202112","2021 December","X1400","Retail sale of books, newspapers, stationery and other goods (4753,4761 to 4765,4776 to 4778)","%","17.5"
"RSM07","Turnover generated by Online Sales","202112","2021 December","X1410","Other retail sales (4753,4763 to 4765,4776 to 4778)","%","7.1"
"RSM07","Turnover generated by Online Sales","202112","2021 December","X1411","Online or Mail Order","%","86.3"
"RSM07","Turnover generated by Online Sales","202112","2021 December","X1420","Retail sale of books, newspapers and stationery (4761,4762)","%",""
"RSM07","Turnover generated by Online Sales","202112","2021 December","X1430","Retail sale of pharmaceutical, medical and cosmetic articles (4773 to 4775)","%",""
"RSM07","Turnover generated by Online Sales","202201","2022 January","45","Motor trades (45)","%","2"
"RSM07","Turnover generated by Online Sales","202201","2022 January","4711","Retail sale in non-specialised stores with food, beverages or tobacco predominating (4711)","%","2.5"
"RSM07","Turnover generated by Online Sales","202201","2022 January","4719","Department stores (4719)","%","7.7"
"RSM07","Turnover generated by Online Sales","202201","2022 January","4730","Retail sale of automotive fuel (4730)","%",""
"RSM07","Turnover generated by Online Sales","202201","2022 January","4752","Retail sale of hardware, paints and glass (4752)","%",""
"RSM07","Turnover generated by Online Sales","202201","2022 January","4759","Retail sale of furniture and lighting (4759)","%",""
"RSM07","Turnover generated by Online Sales","202201","2022 January","5630","Bars (5630)","%",""
"RSM07","Turnover generated by Online Sales","202201","2022 January","V3970","All retail businesses","%","5.6"
"RSM07","Turnover generated by Online Sales","202201","2022 January","X1320","All retail businesses, excluding motor trades","%","7.1"
"RSM07","Turnover generated by Online Sales","202201","2022 January","X1330","All retail businesses, excluding motor trades, automotive fuel and bars","%","8"
"RSM07","Turnover generated by Online Sales","202201","2022 January","X1340","Retail sale of food (4711,4721 to 4729)","%","3.2"
"RSM07","Turnover generated by Online Sales","202201","2022 January","X1350","Retail sale of non food products, excluding motor trades, automotive fuel and bars","%","11.9"
"RSM07","Turnover generated by Online Sales","202201","2022 January","X1360","Retail sale of food, beverages and tobacco in specialised stores (4721 to 4729)","%","8.3"
"RSM07","Turnover generated by Online Sales","202201","2022 January","X1370","Retail sale of household equipment (4741 to 4743,4752,4754,4759)","%","13.6"
"RSM07","Turnover generated by Online Sales","202201","2022 January","X1380","Retail sale of electrical goods (4741 to 4743,4754)","%","25"
"RSM07","Turnover generated by Online Sales","202201","2022 January","X1390","Retail sale of textiles, clothing and footwear (4751,4771,4772)","%","13.8"
"RSM07","Turnover generated by Online Sales","202201","2022 January","X1400","Retail sale of books, newspapers, stationery and other goods (4753,4761 to 4765,4776 to 4778)","%","16.6"
"RSM07","Turnover generated by Online Sales","202201","2022 January","X1410","Other retail sales (4753,4763 to 4765,4776 to 4778)","%","6.5"
"RSM07","Turnover generated by Online Sales","202201","2022 January","X1411","Online or Mail Order","%","83.1"
"RSM07","Turnover generated by Online Sales","202201","2022 January","X1420","Retail sale of books, newspapers and stationery (4761,4762)","%",""
"RSM07","Turnover generated by Online Sales","202201","2022 January","X1430","Retail sale of pharmaceutical, medical and cosmetic articles (4773 to 4775)","%",""
"RSM07","Turnover generated by Online Sales","202202","2022 February","45","Motor trades (45)","%","1.3"
"RSM07","Turnover generated by Online Sales","202202","2022 February","4711","Retail sale in non-specialised stores with food, beverages or tobacco predominating (4711)","%","2.7"
"RSM07","Turnover generated by Online Sales","202202","2022 February","4719","Department stores (4719)","%","8.3"
"RSM07","Turnover generated by Online Sales","202202","2022 February","4730","Retail sale of automotive fuel (4730)","%",""
"RSM07","Turnover generated by Online Sales","202202","2022 February","4752","Retail sale of hardware, paints and glass (4752)","%",""
"RSM07","Turnover generated by Online Sales","202202","2022 February","4759","Retail sale of furniture and lighting (4759)","%",""
"RSM07","Turnover generated by Online Sales","202202","2022 February","5630","Bars (5630)","%",""
"RSM07","Turnover generated by Online Sales","202202","2022 February","V3970","All retail businesses","%","4.5"
"RSM07","Turnover generated by Online Sales","202202","2022 February","X1320","All retail businesses, excluding motor trades","%","5.9"
"RSM07","Turnover generated by Online Sales","202202","2022 February","X1330","All retail businesses, excluding motor trades, automotive fuel and bars","%","6.5"
"RSM07","Turnover generated by Online Sales","202202","2022 February","X1340","Retail sale of food (4711,4721 to 4729)","%","3.2"
"RSM07","Turnover generated by Online Sales","202202","2022 February","X1350","Retail sale of non food products, excluding motor trades, automotive fuel and bars","%","9.2"
"RSM07","Turnover generated by Online Sales","202202","2022 February","X1360","Retail sale of food, beverages and tobacco in specialised stores (4721 to 4729)","%","7"
"RSM07","Turnover generated by Online Sales","202202","2022 February","X1370","Retail sale of household equipment (4741 to 4743,4752,4754,4759)","%","6"
"RSM07","Turnover generated by Online Sales","202202","2022 February","X1380","Retail sale of electrical goods (4741 to 4743,4754)","%","8.6"
"RSM07","Turnover generated by Online Sales","202202","2022 February","X1390","Retail sale of textiles, clothing and footwear (4751,4771,4772)","%","10.1"
"RSM07","Turnover generated by Online Sales","202202","2022 February","X1400","Retail sale of books, newspapers, stationery and other goods (4753,4761 to 4765,4776 to 4778)","%","14.4"
"RSM07","Turnover generated by Online Sales","202202","2022 February","X1410","Other retail sales (4753,4763 to 4765,4776 to 4778)","%","6.4"
"RSM07","Turnover generated by Online Sales","202202","2022 February","X1411","Online or Mail Order","%","68.4"
"RSM07","Turnover generated by Online Sales","202202","2022 February","X1420","Retail sale of books, newspapers and stationery (4761,4762)","%",""
"RSM07","Turnover generated by Online Sales","202202","2022 February","X1430","Retail sale of pharmaceutical, medical and cosmetic articles (4773 to 4775)","%",""
"RSM07","Turnover generated by Online Sales","202203","2022 March","45","Motor trades (45)","%","2"
"RSM07","Turnover generated by Online Sales","202203","2022 March","4711","Retail sale in non-specialised stores with food, beverages or tobacco predominating (4711)","%","2.7"
"RSM07","Turnover generated by Online Sales","202203","2022 March","4719","Department stores (4719)","%","9.4"
"RSM07","Turnover generated by Online Sales","202203","2022 March","4730","Retail sale of automotive fuel (4730)","%",""
"RSM07","Turnover generated by Online Sales","202203","2022 March","4752","Retail sale of hardware, paints and glass (4752)","%",""
"RSM07","Turnover generated by Online Sales","202203","2022 March","4759","Retail sale of furniture and lighting (4759)","%",""
"RSM07","Turnover generated by Online Sales","202203","2022 March","5630","Bars (5630)","%",""
"RSM07","Turnover generated by Online Sales","202203","2022 March","V3970","All retail businesses","%","5"
"RSM07","Turnover generated by Online Sales","202203","2022 March","X1320","All retail businesses, excluding motor trades","%","6.3"
"RSM07","Turnover generated by Online Sales","202203","2022 March","X1330","All retail businesses, excluding motor trades, automotive fuel and bars","%","6.8"
"RSM07","Turnover generated by Online Sales","202203","2022 March","X1340","Retail sale of food (4711,4721 to 4729)","%","3.3"
"RSM07","Turnover generated by Online Sales","202203","2022 March","X1350","Retail sale of non food products, excluding motor trades, automotive fuel and bars","%","9.7"
"RSM07","Turnover generated by Online Sales","202203","2022 March","X1360","Retail sale of food, beverages and tobacco in specialised stores (4721 to 4729)","%","7.7"
"RSM07","Turnover generated by Online Sales","202203","2022 March","X1370","Retail sale of household equipment (4741 to 4743,4752,4754,4759)","%","7"
"RSM07","Turnover generated by Online Sales","202203","2022 March","X1380","Retail sale of electrical goods (4741 to 4743,4754)","%","10.4"
"RSM07","Turnover generated by Online Sales","202203","2022 March","X1390","Retail sale of textiles, clothing and footwear (4751,4771,4772)","%","11.3"
"RSM07","Turnover generated by Online Sales","202203","2022 March","X1400","Retail sale of books, newspapers, stationery and other goods (4753,4761 to 4765,4776 to 4778)","%","15.4"
"RSM07","Turnover generated by Online Sales","202203","2022 March","X1410","Other retail sales (4753,4763 to 4765,4776 to 4778)","%","4.6"
"RSM07","Turnover generated by Online Sales","202203","2022 March","X1411","Online or Mail Order","%","85.7"
"RSM07","Turnover generated by Online Sales","202203","2022 March","X1420","Retail sale of books, newspapers and stationery (4761,4762)","%",""
"RSM07","Turnover generated by Online Sales","202203","2022 March","X1430","Retail sale of pharmaceutical, medical and cosmetic articles (4773 to 4775)","%",""
"RSM07","Turnover generated by Online Sales","202204","2022 April","45","Motor trades (45)","%","1.4"
"RSM07","Turnover generated by Online Sales","202204","2022 April","4711","Retail sale in non-specialised stores with food, beverages or tobacco predominating (4711)","%","2.5"
"RSM07","Turnover generated by Online Sales","202204","2022 April","4719","Department stores (4719)","%","6.6"
"RSM07","Turnover generated by Online Sales","202204","2022 April","4730","Retail sale of automotive fuel (4730)","%",""
"RSM07","Turnover generated by Online Sales","202204","2022 April","4752","Retail sale of hardware, paints and glass (4752)","%",""
"RSM07","Turnover generated by Online Sales","202204","2022 April","4759","Retail sale of furniture and lighting (4759)","%",""
"RSM07","Turnover generated by Online Sales","202204","2022 April","5630","Bars (5630)","%",""
"RSM07","Turnover generated by Online Sales","202204","2022 April","V3970","All retail businesses","%","4.9"
"RSM07","Turnover generated by Online Sales","202204","2022 April","X1320","All retail businesses, excluding motor trades","%","6.4"
"RSM07","Turnover generated by Online Sales","202204","2022 April","X1330","All retail businesses, excluding motor trades, automotive fuel and bars","%","6.8"
"RSM07","Turnover generated by Online Sales","202204","2022 April","X1340","Retail sale of food (4711,4721 to 4729)","%","3.2"
"RSM07","Turnover generated by Online Sales","202204","2022 April","X1350","Retail sale of non food products, excluding motor trades, automotive fuel and bars","%","9.8"
"RSM07","Turnover generated by Online Sales","202204","2022 April","X1360","Retail sale of food, beverages and tobacco in specialised stores (4721 to 4729)","%","9"
"RSM07","Turnover generated by Online Sales","202204","2022 April","X1370","Retail sale of household equipment (4741 to 4743,4752,4754,4759)","%","8"
"RSM07","Turnover generated by Online Sales","202204","2022 April","X1380","Retail sale of electrical goods (4741 to 4743,4754)","%","9.6"
"RSM07","Turnover generated by Online Sales","202204","2022 April","X1390","Retail sale of textiles, clothing and footwear (4751,4771,4772)","%","9.6"
"RSM07","Turnover generated by Online Sales","202204","2022 April","X1400","Retail sale of books, newspapers, stationery and other goods (4753,4761 to 4765,4776 to 4778)","%","16.3"
"RSM07","Turnover generated by Online Sales","202204","2022 April","X1410","Other retail sales (4753,4763 to 4765,4776 to 4778)","%","6.3"
"RSM07","Turnover generated by Online Sales","202204","2022 April","X1411","Online or Mail Order","%","84.2"
"RSM07","Turnover generated by Online Sales","202204","2022 April","X1420","Retail sale of books, newspapers and stationery (4761,4762)","%",""
"RSM07","Turnover generated by Online Sales","202204","2022 April","X1430","Retail sale of pharmaceutical, medical and cosmetic articles (4773 to 4775)","%",""
"RSM07","Turnover generated by Online Sales","202205","2022 May","45","Motor trades (45)","%","4.1"
"RSM07","Turnover generated by Online Sales","202205","2022 May","4711","Retail sale in non-specialised stores with food, beverages or tobacco predominating (4711)","%","2.4"
"RSM07","Turnover generated by Online Sales","202205","2022 May","4719","Department stores (4719)","%","7.1"
"RSM07","Turnover generated by Online Sales","202205","2022 May","4730","Retail sale of automotive fuel (4730)","%",""
"RSM07","Turnover generated by Online Sales","202205","2022 May","4752","Retail sale of hardware, paints and glass (4752)","%",""
"RSM07","Turnover generated by Online Sales","202205","2022 May","4759","Retail sale of furniture and lighting (4759)","%",""
"RSM07","Turnover generated by Online Sales","202205","2022 May","5630","Bars (5630)","%",""
"RSM07","Turnover generated by Online Sales","202205","2022 May","V3970","All retail businesses","%","5.7"
"RSM07","Turnover generated by Online Sales","202205","2022 May","X1320","All retail businesses, excluding motor trades","%","6.4"
"RSM07","Turnover generated by Online Sales","202205","2022 May","X1330","All retail businesses, excluding motor trades, automotive fuel and bars","%","6.8"
"RSM07","Turnover generated by Online Sales","202205","2022 May","X1340","Retail sale of food (4711,4721 to 4729)","%","3"
"RSM07","Turnover generated by Online Sales","202205","2022 May","X1350","Retail sale of non food products, excluding motor trades, automotive fuel and bars","%","9.8"
"RSM07","Turnover generated by Online Sales","202205","2022 May","X1360","Retail sale of food, beverages and tobacco in specialised stores (4721 to 4729)","%","8"
"RSM07","Turnover generated by Online Sales","202205","2022 May","X1370","Retail sale of household equipment (4741 to 4743,4752,4754,4759)","%","8.3"
"RSM07","Turnover generated by Online Sales","202205","2022 May","X1380","Retail sale of electrical goods (4741 to 4743,4754)","%","8.9"
"RSM07","Turnover generated by Online Sales","202205","2022 May","X1390","Retail sale of textiles, clothing and footwear (4751,4771,4772)","%","9.7"
"RSM07","Turnover generated by Online Sales","202205","2022 May","X1400","Retail sale of books, newspapers, stationery and other goods (4753,4761 to 4765,4776 to 4778)","%","15.9"
"RSM07","Turnover generated by Online Sales","202205","2022 May","X1410","Other retail sales (4753,4763 to 4765,4776 to 4778)","%","5.6"
"RSM07","Turnover generated by Online Sales","202205","2022 May","X1411","Online or Mail Order","%","85.1"
"RSM07","Turnover generated by Online Sales","202205","2022 May","X1420","Retail sale of books, newspapers and stationery (4761,4762)","%",""
"RSM07","Turnover generated by Online Sales","202205","2022 May","X1430","Retail sale of pharmaceutical, medical and cosmetic articles (4773 to 4775)","%",""
"RSM07","Turnover generated by Online Sales","202206","2022 June","45","Motor trades (45)","%","2.4"
"RSM07","Turnover generated by Online Sales","202206","2022 June","4711","Retail sale in non-specialised stores with food, beverages or tobacco predominating (4711)","%","2.5"
"RSM07","Turnover generated by Online Sales","202206","2022 June","4719","Department stores (4719)","%","7.8"
"RSM07","Turnover generated by Online Sales","202206","2022 June","4730","Retail sale of automotive fuel (4730)","%",""
"RSM07","Turnover generated by Online Sales","202206","2022 June","4752","Retail sale of hardware, paints and glass (4752)","%",""
"RSM07","Turnover generated by Online Sales","202206","2022 June","4759","Retail sale of furniture and lighting (4759)","%",""
"RSM07","Turnover generated by Online Sales","202206","2022 June","5630","Bars (5630)","%",""
"RSM07","Turnover generated by Online Sales","202206","2022 June","V3970","All retail businesses","%","5"
"RSM07","Turnover generated by Online Sales","202206","2022 June","X1320","All retail businesses, excluding motor trades","%","6"
"RSM07","Turnover generated by Online Sales","202206","2022 June","X1330","All retail businesses, excluding motor trades, automotive fuel and bars","%","6.5"
"RSM07","Turnover generated by Online Sales","202206","2022 June","X1340","Retail sale of food (4711,4721 to 4729)","%","3.1"
"RSM07","Turnover generated by Online Sales","202206","2022 June","X1350","Retail sale of non food products, excluding motor trades, automotive fuel and bars","%","9.3"
"RSM07","Turnover generated by Online Sales","202206","2022 June","X1360","Retail sale of food, beverages and tobacco in specialised stores (4721 to 4729)","%","7.9"
"RSM07","Turnover generated by Online Sales","202206","2022 June","X1370","Retail sale of household equipment (4741 to 4743,4752,4754,4759)","%","6.2"
"RSM07","Turnover generated by Online Sales","202206","2022 June","X1380","Retail sale of electrical goods (4741 to 4743,4754)","%","8.1"
"RSM07","Turnover generated by Online Sales","202206","2022 June","X1390","Retail sale of textiles, clothing and footwear (4751,4771,4772)","%","8.4"
"RSM07","Turnover generated by Online Sales","202206","2022 June","X1400","Retail sale of books, newspapers, stationery and other goods (4753,4761 to 4765,4776 to 4778)","%","16.5"
"RSM07","Turnover generated by Online Sales","202206","2022 June","X1410","Other retail sales (4753,4763 to 4765,4776 to 4778)","%","6"
"RSM07","Turnover generated by Online Sales","202206","2022 June","X1411","Online or Mail Order","%","83.3"
"RSM07","Turnover generated by Online Sales","202206","2022 June","X1420","Retail sale of books, newspapers and stationery (4761,4762)","%",""
"RSM07","Turnover generated by Online Sales","202206","2022 June","X1430","Retail sale of pharmaceutical, medical and cosmetic articles (4773 to 4775)","%",""
"RSM07","Turnover generated by Online Sales","202207","2022 July","45","Motor trades (45)","%","1.5"
"RSM07","Turnover generated by Online Sales","202207","2022 July","4711","Retail sale in non-specialised stores with food, beverages or tobacco predominating (4711)","%","2.4"
"RSM07","Turnover generated by Online Sales","202207","2022 July","4719","Department stores (4719)","%","8.4"
"RSM07","Turnover generated by Online Sales","202207","2022 July","4730","Retail sale of automotive fuel (4730)","%",""
"RSM07","Turnover generated by Online Sales","202207","2022 July","4752","Retail sale of hardware, paints and glass (4752)","%",""
"RSM07","Turnover generated by Online Sales","202207","2022 July","4759","Retail sale of furniture and lighting (4759)","%",""
"RSM07","Turnover generated by Online Sales","202207","2022 July","5630","Bars (5630)","%",""
"RSM07","Turnover generated by Online Sales","202207","2022 July","V3970","All retail businesses","%","4.8"
"RSM07","Turnover generated by Online Sales","202207","2022 July","X1320","All retail businesses, excluding motor trades","%","6.1"
"RSM07","Turnover generated by Online Sales","202207","2022 July","X1330","All retail businesses, excluding motor trades, automotive fuel and bars","%","6.7"
"RSM07","Turnover generated by Online Sales","202207","2022 July","X1340","Retail sale of food (4711,4721 to 4729)","%","3"
"RSM07","Turnover generated by Online Sales","202207","2022 July","X1350","Retail sale of non food products, excluding motor trades, automotive fuel and bars","%","9.8"
"RSM07","Turnover generated by Online Sales","202207","2022 July","X1360","Retail sale of food, beverages and tobacco in specialised stores (4721 to 4729)","%","7.6"
"RSM07","Turnover generated by Online Sales","202207","2022 July","X1370","Retail sale of household equipment (4741 to 4743,4752,4754,4759)","%","7.1"
"RSM07","Turnover generated by Online Sales","202207","2022 July","X1380","Retail sale of electrical goods (4741 to 4743,4754)","%","8.8"
"RSM07","Turnover generated by Online Sales","202207","2022 July","X1390","Retail sale of textiles, clothing and footwear (4751,4771,4772)","%","10.6"
"RSM07","Turnover generated by Online Sales","202207","2022 July","X1400","Retail sale of books, newspapers, stationery and other goods (4753,4761 to 4765,4776 to 4778)","%","16.6"
"RSM07","Turnover generated by Online Sales","202207","2022 July","X1410","Other retail sales (4753,4763 to 4765,4776 to 4778)","%","6.2"
"RSM07","Turnover generated by Online Sales","202207","2022 July","X1411","Online or Mail Order","%","81.5"
"RSM07","Turnover generated by Online Sales","202207","2022 July","X1420","Retail sale of books, newspapers and stationery (4761,4762)","%",""
"RSM07","Turnover generated by Online Sales","202207","2022 July","X1430","Retail sale of pharmaceutical, medical and cosmetic articles (4773 to 4775)","%",""
"RSM07","Turnover generated by Online Sales","202208","2022 August","45","Motor trades (45)","%","0.8"
"RSM07","Turnover generated by Online Sales","202208","2022 August","4711","Retail sale in non-specialised stores with food, beverages or tobacco predominating (4711)","%","2.2"
"RSM07","Turnover generated by Online Sales","202208","2022 August","4719","Department stores (4719)","%","6.2"
"RSM07","Turnover generated by Online Sales","202208","2022 August","4730","Retail sale of automotive fuel (4730)","%",""
"RSM07","Turnover generated by Online Sales","202208","2022 August","4752","Retail sale of hardware, paints and glass (4752)","%",""
"RSM07","Turnover generated by Online Sales","202208","2022 August","4759","Retail sale of furniture and lighting (4759)","%",""
"RSM07","Turnover generated by Online Sales","202208","2022 August","5630","Bars (5630)","%",""
"RSM07","Turnover generated by Online Sales","202208","2022 August","V3970","All retail businesses","%","4.8"
"RSM07","Turnover generated by Online Sales","202208","2022 August","X1320","All retail businesses, excluding motor trades","%","6.4"
"RSM07","Turnover generated by Online Sales","202208","2022 August","X1330","All retail businesses, excluding motor trades, automotive fuel and bars","%","6.8"
"RSM07","Turnover generated by Online Sales","202208","2022 August","X1340","Retail sale of food (4711,4721 to 4729)","%","2.7"
"RSM07","Turnover generated by Online Sales","202208","2022 August","X1350","Retail sale of non food products, excluding motor trades, automotive fuel and bars","%","10.2"
"RSM07","Turnover generated by Online Sales","202208","2022 August","X1360","Retail sale of food, beverages and tobacco in specialised stores (4721 to 4729)","%","6.1"
"RSM07","Turnover generated by Online Sales","202208","2022 August","X1370","Retail sale of household equipment (4741 to 4743,4752,4754,4759)","%","7.7"
"RSM07","Turnover generated by Online Sales","202208","2022 August","X1380","Retail sale of electrical goods (4741 to 4743,4754)","%","9.2"
"RSM07","Turnover generated by Online Sales","202208","2022 August","X1390","Retail sale of textiles, clothing and footwear (4751,4771,4772)","%","9.9"
"RSM07","Turnover generated by Online Sales","202208","2022 August","X1400","Retail sale of books, newspapers, stationery and other goods (4753,4761 to 4765,4776 to 4778)","%","17.7"
"RSM07","Turnover generated by Online Sales","202208","2022 August","X1410","Other retail sales (4753,4763 to 4765,4776 to 4778)","%","7.1"
"RSM07","Turnover generated by Online Sales","202208","2022 August","X1411","Online or Mail Order","%","84.1"
"RSM07","Turnover generated by Online Sales","202208","2022 August","X1420","Retail sale of books, newspapers and stationery (4761,4762)","%",""
"RSM07","Turnover generated by Online Sales","202208","2022 August","X1430","Retail sale of pharmaceutical, medical and cosmetic articles (4773 to 4775)","%",""
"RSM07","Turnover generated by Online Sales","202209","2022 September","45","Motor trades (45)","%","1.8"
"RSM07","Turnover generated by Online Sales","202209","2022 September","4711","Retail sale in non-specialised stores with food, beverages or tobacco predominating (4711)","%","2.5"
"RSM07","Turnover generated by Online Sales","202209","2022 September","4719","Department stores (4719)","%","8.8"
"RSM07","Turnover generated by Online Sales","202209","2022 September","4730","Retail sale of automotive fuel (4730)","%",""
"RSM07","Turnover generated by Online Sales","202209","2022 September","4752","Retail sale of hardware, paints and glass (4752)","%",""
"RSM07","Turnover generated by Online Sales","202209","2022 September","4759","Retail sale of furniture and lighting (4759)","%",""
"RSM07","Turnover generated by Online Sales","202209","2022 September","5630","Bars (5630)","%",""
"RSM07","Turnover generated by Online Sales","202209","2022 September","V3970","All retail businesses","%","5.3"
"RSM07","Turnover generated by Online Sales","202209","2022 September","X1320","All retail businesses, excluding motor trades","%","6.8"
"RSM07","Turnover generated by Online Sales","202209","2022 September","X1330","All retail businesses, excluding motor trades, automotive fuel and bars","%","7.2"
"RSM07","Turnover generated by Online Sales","202209","2022 September","X1340","Retail sale of food (4711,4721 to 4729)","%","3"
"RSM07","Turnover generated by Online Sales","202209","2022 September","X1350","Retail sale of non food products, excluding motor trades, automotive fuel and bars","%","10.6"
"RSM07","Turnover generated by Online Sales","202209","2022 September","X1360","Retail sale of food, beverages and tobacco in specialised stores (4721 to 4729)","%","7"
"RSM07","Turnover generated by Online Sales","202209","2022 September","X1370","Retail sale of household equipment (4741 to 4743,4752,4754,4759)","%","11.6"
"RSM07","Turnover generated by Online Sales","202209","2022 September","X1380","Retail sale of electrical goods (4741 to 4743,4754)","%","11.1"
"RSM07","Turnover generated by Online Sales","202209","2022 September","X1390","Retail sale of textiles, clothing and footwear (4751,4771,4772)","%","8.6"
"RSM07","Turnover generated by Online Sales","202209","2022 September","X1400","Retail sale of books, newspapers, stationery and other goods (4753,4761 to 4765,4776 to 4778)","%","16.2"
"RSM07","Turnover generated by Online Sales","202209","2022 September","X1410","Other retail sales (4753,4763 to 4765,4776 to 4778)","%","5.5"
"RSM07","Turnover generated by Online Sales","202209","2022 September","X1411","Online or Mail Order","%","83.9"
"RSM07","Turnover generated by Online Sales","202209","2022 September","X1420","Retail sale of books, newspapers and stationery (4761,4762)","%",""
"RSM07","Turnover generated by Online Sales","202209","2022 September","X1430","Retail sale of pharmaceutical, medical and cosmetic articles (4773 to 4775)","%",""
"RSM07","Turnover generated by Online Sales","202210","2022 October","45","Motor trades (45)","%","1"
"RSM07","Turnover generated by Online Sales","202210","2022 October","4711","Retail sale in non-specialised stores with food, beverages or tobacco predominating (4711)","%","2.7"
"RSM07","Turnover generated by Online Sales","202210","2022 October","4719","Department stores (4719)","%","8"
"RSM07","Turnover generated by Online Sales","202210","2022 October","4730","Retail sale of automotive fuel (4730)","%",""
"RSM07","Turnover generated by Online Sales","202210","2022 October","4752","Retail sale of hardware, paints and glass (4752)","%",""
"RSM07","Turnover generated by Online Sales","202210","2022 October","4759","Retail sale of furniture and lighting (4759)","%",""
"RSM07","Turnover generated by Online Sales","202210","2022 October","5630","Bars (5630)","%",""
"RSM07","Turnover generated by Online Sales","202210","2022 October","V3970","All retail businesses","%","4.6"
"RSM07","Turnover generated by Online Sales","202210","2022 October","X1320","All retail businesses, excluding motor trades","%","6.1"
"RSM07","Turnover generated by Online Sales","202210","2022 October","X1330","All retail businesses, excluding motor trades, automotive fuel and bars","%","6.4"
"RSM07","Turnover generated by Online Sales","202210","2022 October","X1340","Retail sale of food (4711,4721 to 4729)","%","3"
"RSM07","Turnover generated by Online Sales","202210","2022 October","X1350","Retail sale of non food products, excluding motor trades, automotive fuel and bars","%","9.1"
"RSM07","Turnover generated by Online Sales","202210","2022 October","X1360","Retail sale of food, beverages and tobacco in specialised stores (4721 to 4729)","%","6"
"RSM07","Turnover generated by Online Sales","202210","2022 October","X1370","Retail sale of household equipment (4741 to 4743,4752,4754,4759)","%","6.7"
"RSM07","Turnover generated by Online Sales","202210","2022 October","X1380","Retail sale of electrical goods (4741 to 4743,4754)","%","9.2"
"RSM07","Turnover generated by Online Sales","202210","2022 October","X1390","Retail sale of textiles, clothing and footwear (4751,4771,4772)","%","6.9"
"RSM07","Turnover generated by Online Sales","202210","2022 October","X1400","Retail sale of books, newspapers, stationery and other goods (4753,4761 to 4765,4776 to 4778)","%","17.6"
"RSM07","Turnover generated by Online Sales","202210","2022 October","X1410","Other retail sales (4753,4763 to 4765,4776 to 4778)","%","7.4"
"RSM07","Turnover generated by Online Sales","202210","2022 October","X1411","Online or Mail Order","%","88.2"
"RSM07","Turnover generated by Online Sales","202210","2022 October","X1420","Retail sale of books, newspapers and stationery (4761,4762)","%",""
"RSM07","Turnover generated by Online Sales","202210","2022 October","X1430","Retail sale of pharmaceutical, medical and cosmetic articles (4773 to 4775)","%",""
"RSM07","Turnover generated by Online Sales","202211","2022 November","45","Motor trades (45)","%","1.3"
"RSM07","Turnover generated by Online Sales","202211","2022 November","4711","Retail sale in non-specialised stores with food, beverages or tobacco predominating (4711)","%","3.2"
"RSM07","Turnover generated by Online Sales","202211","2022 November","4719","Department stores (4719)","%","10.8"
"RSM07","Turnover generated by Online Sales","202211","2022 November","4730","Retail sale of automotive fuel (4730)","%",""
"RSM07","Turnover generated by Online Sales","202211","2022 November","4752","Retail sale of hardware, paints and glass (4752)","%",""
"RSM07","Turnover generated by Online Sales","202211","2022 November","4759","Retail sale of furniture and lighting (4759)","%",""
"RSM07","Turnover generated by Online Sales","202211","2022 November","5630","Bars (5630)","%",""
"RSM07","Turnover generated by Online Sales","202211","2022 November","V3970","All retail businesses","%","6.3"
"RSM07","Turnover generated by Online Sales","202211","2022 November","X1320","All retail businesses, excluding motor trades","%","8.4"
"RSM07","Turnover generated by Online Sales","202211","2022 November","X1330","All retail businesses, excluding motor trades, automotive fuel and bars","%","8.7"
"RSM07","Turnover generated by Online Sales","202211","2022 November","X1340","Retail sale of food (4711,4721 to 4729)","%","4.1"
"RSM07","Turnover generated by Online Sales","202211","2022 November","X1350","Retail sale of non food products, excluding motor trades, automotive fuel and bars","%","12.5"
"RSM07","Turnover generated by Online Sales","202211","2022 November","X1360","Retail sale of food, beverages and tobacco in specialised stores (4721 to 4729)","%","10.7"
"RSM07","Turnover generated by Online Sales","202211","2022 November","X1370","Retail sale of household equipment (4741 to 4743,4752,4754,4759)","%","12.8"
"RSM07","Turnover generated by Online Sales","202211","2022 November","X1380","Retail sale of electrical goods (4741 to 4743,4754)","%","17.1"
"RSM07","Turnover generated by Online Sales","202211","2022 November","X1390","Retail sale of textiles, clothing and footwear (4751,4771,4772)","%","13"
"RSM07","Turnover generated by Online Sales","202211","2022 November","X1400","Retail sale of books, newspapers, stationery and other goods (4753,4761 to 4765,4776 to 4778)","%","17.8"
"RSM07","Turnover generated by Online Sales","202211","2022 November","X1410","Other retail sales (4753,4763 to 4765,4776 to 4778)","%","7.6"
"RSM07","Turnover generated by Online Sales","202211","2022 November","X1411","Online or Mail Order","%","84.4"
"RSM07","Turnover generated by Online Sales","202211","2022 November","X1420","Retail sale of books, newspapers and stationery (4761,4762)","%",""
"RSM07","Turnover generated by Online Sales","202211","2022 November","X1430","Retail sale of pharmaceutical, medical and cosmetic articles (4773 to 4775)","%",""
"RSM07","Turnover generated by Online Sales","202212","2022 December","45","Motor trades (45)","%","4.2"
"RSM07","Turnover generated by Online Sales","202212","2022 December","4711","Retail sale in non-specialised stores with food, beverages or tobacco predominating (4711)","%","2.5"
"RSM07","Turnover generated by Online Sales","202212","2022 December","4719","Department stores (4719)","%","8.3"
"RSM07","Turnover generated by Online Sales","202212","2022 December","4730","Retail sale of automotive fuel (4730)","%",""
"RSM07","Turnover generated by Online Sales","202212","2022 December","4752","Retail sale of hardware, paints and glass (4752)","%",""
"RSM07","Turnover generated by Online Sales","202212","2022 December","4759","Retail sale of furniture and lighting (4759)","%",""
"RSM07","Turnover generated by Online Sales","202212","2022 December","5630","Bars (5630)","%",""
"RSM07","Turnover generated by Online Sales","202212","2022 December","V3970","All retail businesses","%","6.3"
"RSM07","Turnover generated by Online Sales","202212","2022 December","X1320","All retail businesses, excluding motor trades","%","7.2"
"RSM07","Turnover generated by Online Sales","202212","2022 December","X1330","All retail businesses, excluding motor trades, automotive fuel and bars","%","7.7"
"RSM07","Turnover generated by Online Sales","202212","2022 December","X1340","Retail sale of food (4711,4721 to 4729)","%","3.2"
"RSM07","Turnover generated by Online Sales","202212","2022 December","X1350","Retail sale of non food products, excluding motor trades, automotive fuel and bars","%","11.4"
"RSM07","Turnover generated by Online Sales","202212","2022 December","X1360","Retail sale of food, beverages and tobacco in specialised stores (4721 to 4729)","%","9.3"
"RSM07","Turnover generated by Online Sales","202212","2022 December","X1370","Retail sale of household equipment (4741 to 4743,4752,4754,4759)","%","11.1"
"RSM07","Turnover generated by Online Sales","202212","2022 December","X1380","Retail sale of electrical goods (4741 to 4743,4754)","%","12.6"
"RSM07","Turnover generated by Online Sales","202212","2022 December","X1390","Retail sale of textiles, clothing and footwear (4751,4771,4772)","%","10"
"RSM07","Turnover generated by Online Sales","202212","2022 December","X1400","Retail sale of books, newspapers, stationery and other goods (4753,4761 to 4765,4776 to 4778)","%","18.7"
"RSM07","Turnover generated by Online Sales","202212","2022 December","X1410","Other retail sales (4753,4763 to 4765,4776 to 4778)","%","9"
"RSM07","Turnover generated by Online Sales","202212","2022 December","X1411","Online or Mail Order","%","86.2"
"RSM07","Turnover generated by Online Sales","202212","2022 December","X1420","Retail sale of books, newspapers and stationery (4761,4762)","%",""
"RSM07","Turnover generated by Online Sales","202212","2022 December","X1430","Retail sale of pharmaceutical, medical and cosmetic articles (4773 to 4775)","%",""
"RSM07","Turnover generated by Online Sales","202301","2023 January","45","Motor trades (45)","%","1.7"
"RSM07","Turnover generated by Online Sales","202301","2023 January","4711","Retail sale in non-specialised stores with food, beverages or tobacco predominating (4711)","%","3.3"
"RSM07","Turnover generated by Online Sales","202301","2023 January","4719","Department stores (4719)","%","8.2"
"RSM07","Turnover generated by Online Sales","202301","2023 January","4730","Retail sale of automotive fuel (4730)","%",""
"RSM07","Turnover generated by Online Sales","202301","2023 January","4752","Retail sale of hardware, paints and glass (4752)","%",""
"RSM07","Turnover generated by Online Sales","202301","2023 January","4759","Retail sale of furniture and lighting (4759)","%",""
"RSM07","Turnover generated by Online Sales","202301","2023 January","5630","Bars (5630)","%",""
"RSM07","Turnover generated by Online Sales","202301","2023 January","V3970","All retail businesses","%","5.4"
"RSM07","Turnover generated by Online Sales","202301","2023 January","X1320","All retail businesses, excluding motor trades","%","7"
"RSM07","Turnover generated by Online Sales","202301","2023 January","X1330","All retail businesses, excluding motor trades, automotive fuel and bars","%","7.4"
"RSM07","Turnover generated by Online Sales","202301","2023 January","X1340","Retail sale of food (4711,4721 to 4729)","%","3.9"
"RSM07","Turnover generated by Online Sales","202301","2023 January","X1350","Retail sale of non food products, excluding motor trades, automotive fuel and bars","%","10.3"
"RSM07","Turnover generated by Online Sales","202301","2023 January","X1360","Retail sale of food, beverages and tobacco in specialised stores (4721 to 4729)","%","8.3"
"RSM07","Turnover generated by Online Sales","202301","2023 January","X1370","Retail sale of household equipment (4741 to 4743,4752,4754,4759)","%","9"
"RSM07","Turnover generated by Online Sales","202301","2023 January","X1380","Retail sale of electrical goods (4741 to 4743,4754)","%","10.4"
"RSM07","Turnover generated by Online Sales","202301","2023 January","X1390","Retail sale of textiles, clothing and footwear (4751,4771,4772)","%","10.4"
"RSM07","Turnover generated by Online Sales","202301","2023 January","X1400","Retail sale of books, newspapers, stationery and other goods (4753,4761 to 4765,4776 to 4778)","%","17.9"
"RSM07","Turnover generated by Online Sales","202301","2023 January","X1410","Other retail sales (4753,4763 to 4765,4776 to 4778)","%","8.2"
"RSM07","Turnover generated by Online Sales","202301","2023 January","X1411","Online or Mail Order","%","83.6"
"RSM07","Turnover generated by Online Sales","202301","2023 January","X1420","Retail sale of books, newspapers and stationery (4761,4762)","%",""
"RSM07","Turnover generated by Online Sales","202301","2023 January","X1430","Retail sale of pharmaceutical, medical and cosmetic articles (4773 to 4775)","%",""
"RSM07","Turnover generated by Online Sales","202302","2023 February","45","Motor trades (45)","%","1.3"
"RSM07","Turnover generated by Online Sales","202302","2023 February","4711","Retail sale in non-specialised stores with food, beverages or tobacco predominating (4711)","%","2.8"
"RSM07","Turnover generated by Online Sales","202302","2023 February","4719","Department stores (4719)","%","5.5"
"RSM07","Turnover generated by Online Sales","202302","2023 February","4730","Retail sale of automotive fuel (4730)","%",""
"RSM07","Turnover generated by Online Sales","202302","2023 February","4752","Retail sale of hardware, paints and glass (4752)","%",""
"RSM07","Turnover generated by Online Sales","202302","2023 February","4759","Retail sale of furniture and lighting (4759)","%",""
"RSM07","Turnover generated by Online Sales","202302","2023 February","5630","Bars (5630)","%",""
"RSM07","Turnover generated by Online Sales","202302","2023 February","V3970","All retail businesses","%","5.2"
"RSM07","Turnover generated by Online Sales","202302","2023 February","X1320","All retail businesses, excluding motor trades","%","6.8"
"RSM07","Turnover generated by Online Sales","202302","2023 February","X1330","All retail businesses, excluding motor trades, automotive fuel and bars","%","7.3"
"RSM07","Turnover generated by Online Sales","202302","2023 February","X1340","Retail sale of food (4711,4721 to 4729)","%","3.5"
"RSM07","Turnover generated by Online Sales","202302","2023 February","X1350","Retail sale of non food products, excluding motor trades, automotive fuel and bars","%","10.4"
"RSM07","Turnover generated by Online Sales","202302","2023 February","X1360","Retail sale of food, beverages and tobacco in specialised stores (4721 to 4729)","%","9.1"
"RSM07","Turnover generated by Online Sales","202302","2023 February","X1370","Retail sale of household equipment (4741 to 4743,4752,4754,4759)","%","11.8"
"RSM07","Turnover generated by Online Sales","202302","2023 February","X1380","Retail sale of electrical goods (4741 to 4743,4754)","%","11.1"
"RSM07","Turnover generated by Online Sales","202302","2023 February","X1390","Retail sale of textiles, clothing and footwear (4751,4771,4772)","%","8"
"RSM07","Turnover generated by Online Sales","202302","2023 February","X1400","Retail sale of books, newspapers, stationery and other goods (4753,4761 to 4765,4776 to 4778)","%","18.2"
"RSM07","Turnover generated by Online Sales","202302","2023 February","X1410","Other retail sales (4753,4763 to 4765,4776 to 4778)","%","8.4"
"RSM07","Turnover generated by Online Sales","202302","2023 February","X1411","Online or Mail Order","%","84.3"
"RSM07","Turnover generated by Online Sales","202302","2023 February","X1420","Retail sale of books, newspapers and stationery (4761,4762)","%",""
"RSM07","Turnover generated by Online Sales","202302","2023 February","X1430","Retail sale of pharmaceutical, medical and cosmetic articles (4773 to 4775)","%",""
"RSM07","Turnover generated by Online Sales","202303","2023 March","45","Motor trades (45)","%","2"
"RSM07","Turnover generated by Online Sales","202303","2023 March","4711","Retail sale in non-specialised stores with food, beverages or tobacco predominating (4711)","%","4.1"
"RSM07","Turnover generated by Online Sales","202303","2023 March","4719","Department stores (4719)","%","9.3"
"RSM07","Turnover generated by Online Sales","202303","2023 March","4730","Retail sale of automotive fuel (4730)","%",""
"RSM07","Turnover generated by Online Sales","202303","2023 March","4752","Retail sale of hardware, paints and glass (4752)","%",""
"RSM07","Turnover generated by Online Sales","202303","2023 March","4759","Retail sale of furniture and lighting (4759)","%",""
"RSM07","Turnover generated by Online Sales","202303","2023 March","5630","Bars (5630)","%",""
"RSM07","Turnover generated by Online Sales","202303","2023 March","V3970","All retail businesses","%","5.8"
"RSM07","Turnover generated by Online Sales","202303","2023 March","X1320","All retail businesses, excluding motor trades","%","7.4"
"RSM07","Turnover generated by Online Sales","202303","2023 March","X1330","All retail businesses, excluding motor trades, automotive fuel and bars","%","8"
"RSM07","Turnover generated by Online Sales","202303","2023 March","X1340","Retail sale of food (4711,4721 to 4729)","%","4.2"
"RSM07","Turnover generated by Online Sales","202303","2023 March","X1350","Retail sale of non food products, excluding motor trades, automotive fuel and bars","%","11.1"
"RSM07","Turnover generated by Online Sales","202303","2023 March","X1360","Retail sale of food, beverages and tobacco in specialised stores (4721 to 4729)","%","5.3"
"RSM07","Turnover generated by Online Sales","202303","2023 March","X1370","Retail sale of household equipment (4741 to 4743,4752,4754,4759)","%","13.1"
"RSM07","Turnover generated by Online Sales","202303","2023 March","X1380","Retail sale of electrical goods (4741 to 4743,4754)","%","13.8"
"RSM07","Turnover generated by Online Sales","202303","2023 March","X1390","Retail sale of textiles, clothing and footwear (4751,4771,4772)","%","8.8"
"RSM07","Turnover generated by Online Sales","202303","2023 March","X1400","Retail sale of books, newspapers, stationery and other goods (4753,4761 to 4765,4776 to 4778)","%","17.4"
"RSM07","Turnover generated by Online Sales","202303","2023 March","X1410","Other retail sales (4753,4763 to 4765,4776 to 4778)","%","7.8"
"RSM07","Turnover generated by Online Sales","202303","2023 March","X1411","Online or Mail Order","%","83.3"
"RSM07","Turnover generated by Online Sales","202303","2023 March","X1420","Retail sale of books, newspapers and stationery (4761,4762)","%",""
"RSM07","Turnover generated by Online Sales","202303","2023 March","X1430","Retail sale of pharmaceutical, medical and cosmetic articles (4773 to 4775)","%",""
"RSM07","Turnover generated by Online Sales","202304","2023 April","45","Motor trades (45)","%","1.5"
"RSM07","Turnover generated by Online Sales","202304","2023 April","4711","Retail sale in non-specialised stores with food, beverages or tobacco predominating (4711)","%","2.3"
"RSM07","Turnover generated by Online Sales","202304","2023 April","4719","Department stores (4719)","%","6"
"RSM07","Turnover generated by Online Sales","202304","2023 April","4730","Retail sale of automotive fuel (4730)","%",""
"RSM07","Turnover generated by Online Sales","202304","2023 April","4752","Retail sale of hardware, paints and glass (4752)","%",""
"RSM07","Turnover generated by Online Sales","202304","2023 April","4759","Retail sale of furniture and lighting (4759)","%",""
"RSM07","Turnover generated by Online Sales","202304","2023 April","5630","Bars (5630)","%",""
"RSM07","Turnover generated by Online Sales","202304","2023 April","V3970","All retail businesses","%","5.1"
"RSM07","Turnover generated by Online Sales","202304","2023 April","X1320","All retail businesses, excluding motor trades","%","6.6"
"RSM07","Turnover generated by Online Sales","202304","2023 April","X1330","All retail businesses, excluding motor trades, automotive fuel and bars","%","7.3"
"RSM07","Turnover generated by Online Sales","202304","2023 April","X1340","Retail sale of food (4711,4721 to 4729)","%","3.3"
"RSM07","Turnover generated by Online Sales","202304","2023 April","X1350","Retail sale of non food products, excluding motor trades, automotive fuel and bars","%","10.6"
"RSM07","Turnover generated by Online Sales","202304","2023 April","X1360","Retail sale of food, beverages and tobacco in specialised stores (4721 to 4729)","%","11.2"
"RSM07","Turnover generated by Online Sales","202304","2023 April","X1370","Retail sale of household equipment (4741 to 4743,4752,4754,4759)","%","11.1"
"RSM07","Turnover generated by Online Sales","202304","2023 April","X1380","Retail sale of electrical goods (4741 to 4743,4754)","%","11.6"
"RSM07","Turnover generated by Online Sales","202304","2023 April","X1390","Retail sale of textiles, clothing and footwear (4751,4771,4772)","%","12.2"
"RSM07","Turnover generated by Online Sales","202304","2023 April","X1400","Retail sale of books, newspapers, stationery and other goods (4753,4761 to 4765,4776 to 4778)","%","17.3"
"RSM07","Turnover generated by Online Sales","202304","2023 April","X1410","Other retail sales (4753,4763 to 4765,4776 to 4778)","%","7.7"
"RSM07","Turnover generated by Online Sales","202304","2023 April","X1411","Online or Mail Order","%","83.7"
"RSM07","Turnover generated by Online Sales","202304","2023 April","X1420","Retail sale of books, newspapers and stationery (4761,4762)","%",""
"RSM07","Turnover generated by Online Sales","202304","2023 April","X1430","Retail sale of pharmaceutical, medical and cosmetic articles (4773 to 4775)","%",""
"RSM07","Turnover generated by Online Sales","202305","2023 May","45","Motor trades (45)","%","1.5"
"RSM07","Turnover generated by Online Sales","202305","2023 May","4711","Retail sale in non-specialised stores with food, beverages or tobacco predominating (4711)","%","2.3"
"RSM07","Turnover generated by Online Sales","202305","2023 May","4719","Department stores (4719)","%","6.1"
"RSM07","Turnover generated by Online Sales","202305","2023 May","4730","Retail sale of automotive fuel (4730)","%",""
"RSM07","Turnover generated by Online Sales","202305","2023 May","4752","Retail sale of hardware, paints and glass (4752)","%",""
"RSM07","Turnover generated by Online Sales","202305","2023 May","4759","Retail sale of furniture and lighting (4759)","%",""
"RSM07","Turnover generated by Online Sales","202305","2023 May","5630","Bars (5630)","%",""
"RSM07","Turnover generated by Online Sales","202305","2023 May","V3970","All retail businesses","%","5.2"
"RSM07","Turnover generated by Online Sales","202305","2023 May","X1320","All retail businesses, excluding motor trades","%","6.7"
"RSM07","Turnover generated by Online Sales","202305","2023 May","X1330","All retail businesses, excluding motor trades, automotive fuel and bars","%","7.4"
"RSM07","Turnover generated by Online Sales","202305","2023 May","X1340","Retail sale of food (4711,4721 to 4729)","%","2.9"
"RSM07","Turnover generated by Online Sales","202305","2023 May","X1350","Retail sale of non food products, excluding motor trades, automotive fuel and bars","%","11.1"
"RSM07","Turnover generated by Online Sales","202305","2023 May","X1360","Retail sale of food, beverages and tobacco in specialised stores (4721 to 4729)","%","7.4"
"RSM07","Turnover generated by Online Sales","202305","2023 May","X1370","Retail sale of household equipment (4741 to 4743,4752,4754,4759)","%","13.1"
"RSM07","Turnover generated by Online Sales","202305","2023 May","X1380","Retail sale of electrical goods (4741 to 4743,4754)","%","13.9"
"RSM07","Turnover generated by Online Sales","202305","2023 May","X1390","Retail sale of textiles, clothing and footwear (4751,4771,4772)","%","11.7"
"RSM07","Turnover generated by Online Sales","202305","2023 May","X1400","Retail sale of books, newspapers, stationery and other goods (4753,4761 to 4765,4776 to 4778)","%","17.9"
"RSM07","Turnover generated by Online Sales","202305","2023 May","X1410","Other retail sales (4753,4763 to 4765,4776 to 4778)","%","8.3"
"RSM07","Turnover generated by Online Sales","202305","2023 May","X1411","Online or Mail Order","%","83.3"
"RSM07","Turnover generated by Online Sales","202305","2023 May","X1420","Retail sale of books, newspapers and stationery (4761,4762)","%",""
"RSM07","Turnover generated by Online Sales","202305","2023 May","X1430","Retail sale of pharmaceutical, medical and cosmetic articles (4773 to 4775)","%",""
"RSM07","Turnover generated by Online Sales","202306","2023 June","45","Motor trades (45)","%","1.3"
"RSM07","Turnover generated by Online Sales","202306","2023 June","4711","Retail sale in non-specialised stores with food, beverages or tobacco predominating (4711)","%","2.3"
"RSM07","Turnover generated by Online Sales","202306","2023 June","4719","Department stores (4719)","%","7.2"
"RSM07","Turnover generated by Online Sales","202306","2023 June","4730","Retail sale of automotive fuel (4730)","%",""
"RSM07","Turnover generated by Online Sales","202306","2023 June","4752","Retail sale of hardware, paints and glass (4752)","%",""
"RSM07","Turnover generated by Online Sales","202306","2023 June","4759","Retail sale of furniture and lighting (4759)","%",""
"RSM07","Turnover generated by Online Sales","202306","2023 June","5630","Bars (5630)","%",""
"RSM07","Turnover generated by Online Sales","202306","2023 June","V3970","All retail businesses","%","5.8"
"RSM07","Turnover generated by Online Sales","202306","2023 June","X1320","All retail businesses, excluding motor trades","%","7.6"
"RSM07","Turnover generated by Online Sales","202306","2023 June","X1330","All retail businesses, excluding motor trades, automotive fuel and bars","%","8.3"
"RSM07","Turnover generated by Online Sales","202306","2023 June","X1340","Retail sale of food (4711,4721 to 4729)","%","2.7"
"RSM07","Turnover generated by Online Sales","202306","2023 June","X1350","Retail sale of non food products, excluding motor trades, automotive fuel and bars","%","12.8"
"RSM07","Turnover generated by Online Sales","202306","2023 June","X1360","Retail sale of food, beverages and tobacco in specialised stores (4721 to 4729)","%","5.8"
"RSM07","Turnover generated by Online Sales","202306","2023 June","X1370","Retail sale of household equipment (4741 to 4743,4752,4754,4759)","%","10.5"
"RSM07","Turnover generated by Online Sales","202306","2023 June","X1380","Retail sale of electrical goods (4741 to 4743,4754)","%","14.7"
"RSM07","Turnover generated by Online Sales","202306","2023 June","X1390","Retail sale of textiles, clothing and footwear (4751,4771,4772)","%","18.8"
"RSM07","Turnover generated by Online Sales","202306","2023 June","X1400","Retail sale of books, newspapers, stationery and other goods (4753,4761 to 4765,4776 to 4778)","%","19.9"
"RSM07","Turnover generated by Online Sales","202306","2023 June","X1410","Other retail sales (4753,4763 to 4765,4776 to 4778)","%","10.1"
"RSM07","Turnover generated by Online Sales","202306","2023 June","X1411","Online or Mail Order","%","87.6"
"RSM07","Turnover generated by Online Sales","202306","2023 June","X1420","Retail sale of books, newspapers and stationery (4761,4762)","%",""
"RSM07","Turnover generated by Online Sales","202306","2023 June","X1430","Retail sale of pharmaceutical, medical and cosmetic articles (4773 to 4775)","%",""
"RSM07","Turnover generated by Online Sales","202307","2023 July","45","Motor trades (45)","%","1.1"
"RSM07","Turnover generated by Online Sales","202307","2023 July","4711","Retail sale in non-specialised stores with food, beverages or tobacco predominating (4711)","%","2.6"
"RSM07","Turnover generated by Online Sales","202307","2023 July","4719","Department stores (4719)","%","6.5"
"RSM07","Turnover generated by Online Sales","202307","2023 July","4730","Retail sale of automotive fuel (4730)","%",""
"RSM07","Turnover generated by Online Sales","202307","2023 July","4752","Retail sale of hardware, paints and glass (4752)","%",""
"RSM07","Turnover generated by Online Sales","202307","2023 July","4759","Retail sale of furniture and lighting (4759)","%",""
"RSM07","Turnover generated by Online Sales","202307","2023 July","5630","Bars (5630)","%",""
"RSM07","Turnover generated by Online Sales","202307","2023 July","V3970","All retail businesses","%","4.8"
"RSM07","Turnover generated by Online Sales","202307","2023 July","X1320","All retail businesses, excluding motor trades","%","6.3"
"RSM07","Turnover generated by Online Sales","202307","2023 July","X1330","All retail businesses, excluding motor trades, automotive fuel and bars","%","7"
"RSM07","Turnover generated by Online Sales","202307","2023 July","X1340","Retail sale of food (4711,4721 to 4729)","%","2.9"
"RSM07","Turnover generated by Online Sales","202307","2023 July","X1350","Retail sale of non food products, excluding motor trades, automotive fuel and bars","%","10.2"
"RSM07","Turnover generated by Online Sales","202307","2023 July","X1360","Retail sale of food, beverages and tobacco in specialised stores (4721 to 4729)","%","5.6"
"RSM07","Turnover generated by Online Sales","202307","2023 July","X1370","Retail sale of household equipment (4741 to 4743,4752,4754,4759)","%","12.5"
"RSM07","Turnover generated by Online Sales","202307","2023 July","X1380","Retail sale of electrical goods (4741 to 4743,4754)","%","13.8"
"RSM07","Turnover generated by Online Sales","202307","2023 July","X1390","Retail sale of textiles, clothing and footwear (4751,4771,4772)","%","7.8"
"RSM07","Turnover generated by Online Sales","202307","2023 July","X1400","Retail sale of books, newspapers, stationery and other goods (4753,4761 to 4765,4776 to 4778)","%","16.8"
"RSM07","Turnover generated by Online Sales","202307","2023 July","X1410","Other retail sales (4753,4763 to 4765,4776 to 4778)","%","6.8"
"RSM07","Turnover generated by Online Sales","202307","2023 July","X1411","Online or Mail Order","%","83.1"
"RSM07","Turnover generated by Online Sales","202307","2023 July","X1420","Retail sale of books, newspapers and stationery (4761,4762)","%",""
"RSM07","Turnover generated by Online Sales","202307","2023 July","X1430","Retail sale of pharmaceutical, medical and cosmetic articles (4773 to 4775)","%",""
"RSM07","Turnover generated by Online Sales","202308","2023 August","45","Motor trades (45)","%","1.4"
"RSM07","Turnover generated by Online Sales","202308","2023 August","4711","Retail sale in non-specialised stores with food, beverages or tobacco predominating (4711)","%","2.2"
"RSM07","Turnover generated by Online Sales","202308","2023 August","4719","Department stores (4719)","%","6.5"
"RSM07","Turnover generated by Online Sales","202308","2023 August","4730","Retail sale of automotive fuel (4730)","%",""
"RSM07","Turnover generated by Online Sales","202308","2023 August","4752","Retail sale of hardware, paints and glass (4752)","%",""
"RSM07","Turnover generated by Online Sales","202308","2023 August","4759","Retail sale of furniture and lighting (4759)","%",""
"RSM07","Turnover generated by Online Sales","202308","2023 August","5630","Bars (5630)","%",""
"RSM07","Turnover generated by Online Sales","202308","2023 August","V3970","All retail businesses","%","4.5"
"RSM07","Turnover generated by Online Sales","202308","2023 August","X1320","All retail businesses, excluding motor trades","%","5.8"
"RSM07","Turnover generated by Online Sales","202308","2023 August","X1330","All retail businesses, excluding motor trades, automotive fuel and bars","%","6.4"
"RSM07","Turnover generated by Online Sales","202308","2023 August","X1340","Retail sale of food (4711,4721 to 4729)","%","2.7"
"RSM07","Turnover generated by Online Sales","202308","2023 August","X1350","Retail sale of non food products, excluding motor trades, automotive fuel and bars","%","9.5"
"RSM07","Turnover generated by Online Sales","202308","2023 August","X1360","Retail sale of food, beverages and tobacco in specialised stores (4721 to 4729)","%","6.5"
"RSM07","Turnover generated by Online Sales","202308","2023 August","X1370","Retail sale of household equipment (4741 to 4743,4752,4754,4759)","%","10.6"
"RSM07","Turnover generated by Online Sales","202308","2023 August","X1380","Retail sale of electrical goods (4741 to 4743,4754)","%","14.5"
"RSM07","Turnover generated by Online Sales","202308","2023 August","X1390","Retail sale of textiles, clothing and footwear (4751,4771,4772)","%","7.7"
"RSM07","Turnover generated by Online Sales","202308","2023 August","X1400","Retail sale of books, newspapers, stationery and other goods (4753,4761 to 4765,4776 to 4778)","%","15.7"
"RSM07","Turnover generated by Online Sales","202308","2023 August","X1410","Other retail sales (4753,4763 to 4765,4776 to 4778)","%","6.2"
"RSM07","Turnover generated by Online Sales","202308","2023 August","X1411","Online or Mail Order","%","78.9"
"RSM07","Turnover generated by Online Sales","202308","2023 August","X1420","Retail sale of books, newspapers and stationery (4761,4762)","%",""
"RSM07","Turnover generated by Online Sales","202308","2023 August","X1430","Retail sale of pharmaceutical, medical and cosmetic articles (4773 to 4775)","%",""
"RSM07","Turnover generated by Online Sales","202309","2023 September","45","Motor trades (45)","%","1.2"
"RSM07","Turnover generated by Online Sales","202309","2023 September","4711","Retail sale in non-specialised stores with food, beverages or tobacco predominating (4711)","%","2.5"
"RSM07","Turnover generated by Online Sales","202309","2023 September","4719","Department stores (4719)","%","8.4"
"RSM07","Turnover generated by Online Sales","202309","2023 September","4730","Retail sale of automotive fuel (4730)","%",""
"RSM07","Turnover generated by Online Sales","202309","2023 September","4752","Retail sale of hardware, paints and glass (4752)","%",""
"RSM07","Turnover generated by Online Sales","202309","2023 September","4759","Retail sale of furniture and lighting (4759)","%",""
"RSM07","Turnover generated by Online Sales","202309","2023 September","5630","Bars (5630)","%",""
"RSM07","Turnover generated by Online Sales","202309","2023 September","V3970","All retail businesses","%","4.9"
"RSM07","Turnover generated by Online Sales","202309","2023 September","X1320","All retail businesses, excluding motor trades","%","6.4"
"RSM07","Turnover generated by Online Sales","202309","2023 September","X1330","All retail businesses, excluding motor trades, automotive fuel and bars","%","7.2"
"RSM07","Turnover generated by Online Sales","202309","2023 September","X1340","Retail sale of food (4711,4721 to 4729)","%","2.9"
"RSM07","Turnover generated by Online Sales","202309","2023 September","X1350","Retail sale of non food products, excluding motor trades, automotive fuel and bars","%","10.7"
"RSM07","Turnover generated by Online Sales","202309","2023 September","X1360","Retail sale of food, beverages and tobacco in specialised stores (4721 to 4729)","%","6"
"RSM07","Turnover generated by Online Sales","202309","2023 September","X1370","Retail sale of household equipment (4741 to 4743,4752,4754,4759)","%","13.4"
"RSM07","Turnover generated by Online Sales","202309","2023 September","X1380","Retail sale of electrical goods (4741 to 4743,4754)","%","18.6"
"RSM07","Turnover generated by Online Sales","202309","2023 September","X1390","Retail sale of textiles, clothing and footwear (4751,4771,4772)","%","8.7"
"RSM07","Turnover generated by Online Sales","202309","2023 September","X1400","Retail sale of books, newspapers, stationery and other goods (4753,4761 to 4765,4776 to 4778)","%","15.7"
"RSM07","Turnover generated by Online Sales","202309","2023 September","X1410","Other retail sales (4753,4763 to 4765,4776 to 4778)","%","6.4"
"RSM07","Turnover generated by Online Sales","202309","2023 September","X1411","Online or Mail Order","%","76.6"
"RSM07","Turnover generated by Online Sales","202309","2023 September","X1420","Retail sale of books, newspapers and stationery (4761,4762)","%",""
"RSM07","Turnover generated by Online Sales","202309","2023 September","X1430","Retail sale of pharmaceutical, medical and cosmetic articles (4773 to 4775)","%",""
"RSM07","Turnover generated by Online Sales","202310","2023 October","45","Motor trades (45)","%","1.6"
"RSM07","Turnover generated by Online Sales","202310","2023 October","4711","Retail sale in non-specialised stores with food, beverages or tobacco predominating (4711)","%","2.4"
"RSM07","Turnover generated by Online Sales","202310","2023 October","4719","Department stores (4719)","%","7.7"
"RSM07","Turnover generated by Online Sales","202310","2023 October","4730","Retail sale of automotive fuel (4730)","%",""
"RSM07","Turnover generated by Online Sales","202310","2023 October","4752","Retail sale of hardware, paints and glass (4752)","%",""
"RSM07","Turnover generated by Online Sales","202310","2023 October","4759","Retail sale of furniture and lighting (4759)","%",""
"RSM07","Turnover generated by Online Sales","202310","2023 October","5630","Bars (5630)","%",""
"RSM07","Turnover generated by Online Sales","202310","2023 October","V3970","All retail businesses","%","5.1"
"RSM07","Turnover generated by Online Sales","202310","2023 October","X1320","All retail businesses, excluding motor trades","%","6.5"
"RSM07","Turnover generated by Online Sales","202310","2023 October","X1330","All retail businesses, excluding motor trades, automotive fuel and bars","%","7.3"
"RSM07","Turnover generated by Online Sales","202310","2023 October","X1340","Retail sale of food (4711,4721 to 4729)","%","2.9"
"RSM07","Turnover generated by Online Sales","202310","2023 October","X1350","Retail sale of non food products, excluding motor trades, automotive fuel and bars","%","10.9"
"RSM07","Turnover generated by Online Sales","202310","2023 October","X1360","Retail sale of food, beverages and tobacco in specialised stores (4721 to 4729)","%","6.5"
"RSM07","Turnover generated by Online Sales","202310","2023 October","X1370","Retail sale of household equipment (4741 to 4743,4752,4754,4759)","%","12.2"
"RSM07","Turnover generated by Online Sales","202310","2023 October","X1380","Retail sale of electrical goods (4741 to 4743,4754)","%","13.8"
"RSM07","Turnover generated by Online Sales","202310","2023 October","X1390","Retail sale of textiles, clothing and footwear (4751,4771,4772)","%","9.8"
"RSM07","Turnover generated by Online Sales","202310","2023 October","X1400","Retail sale of books, newspapers, stationery and other goods (4753,4761 to 4765,4776 to 4778)","%","16.9"
"RSM07","Turnover generated by Online Sales","202310","2023 October","X1410","Other retail sales (4753,4763 to 4765,4776 to 4778)","%","7.8"
"RSM07","Turnover generated by Online Sales","202310","2023 October","X1411","Online or Mail Order","%","79.3"
"RSM07","Turnover generated by Online Sales","202310","2023 October","X1420","Retail sale of books, newspapers and stationery (4761,4762)","%",""
"RSM07","Turnover generated by Online Sales","202310","2023 October","X1430","Retail sale of pharmaceutical, medical and cosmetic articles (4773 to 4775)","%",""
"RSM07","Turnover generated by Online Sales","202311","2023 November","45","Motor trades (45)","%","1.5"
"RSM07","Turnover generated by Online Sales","202311","2023 November","4711","Retail sale in non-specialised stores with food, beverages or tobacco predominating (4711)","%","2.8"
"RSM07","Turnover generated by Online Sales","202311","2023 November","4719","Department stores (4719)","%","10"
"RSM07","Turnover generated by Online Sales","202311","2023 November","4730","Retail sale of automotive fuel (4730)","%",""
"RSM07","Turnover generated by Online Sales","202311","2023 November","4752","Retail sale of hardware, paints and glass (4752)","%",""
"RSM07","Turnover generated by Online Sales","202311","2023 November","4759","Retail sale of furniture and lighting (4759)","%",""
"RSM07","Turnover generated by Online Sales","202311","2023 November","5630","Bars (5630)","%",""
"RSM07","Turnover generated by Online Sales","202311","2023 November","V3970","All retail businesses","%","5.7"
"RSM07","Turnover generated by Online Sales","202311","2023 November","X1320","All retail businesses, excluding motor trades","%","7.4"
"RSM07","Turnover generated by Online Sales","202311","2023 November","X1330","All retail businesses, excluding motor trades, automotive fuel and bars","%","8.4"
"RSM07","Turnover generated by Online Sales","202311","2023 November","X1340","Retail sale of food (4711,4721 to 4729)","%","3.4"
"RSM07","Turnover generated by Online Sales","202311","2023 November","X1350","Retail sale of non food products, excluding motor trades, automotive fuel and bars","%","12.6"
"RSM07","Turnover generated by Online Sales","202311","2023 November","X1360","Retail sale of food, beverages and tobacco in specialised stores (4721 to 4729)","%","8.1"
"RSM07","Turnover generated by Online Sales","202311","2023 November","X1370","Retail sale of household equipment (4741 to 4743,4752,4754,4759)","%","13"
"RSM07","Turnover generated by Online Sales","202311","2023 November","X1380","Retail sale of electrical goods (4741 to 4743,4754)","%","16.2"
"RSM07","Turnover generated by Online Sales","202311","2023 November","X1390","Retail sale of textiles, clothing and footwear (4751,4771,4772)","%","12.8"
"RSM07","Turnover generated by Online Sales","202311","2023 November","X1400","Retail sale of books, newspapers, stationery and other goods (4753,4761 to 4765,4776 to 4778)","%","18.4"
"RSM07","Turnover generated by Online Sales","202311","2023 November","X1410","Other retail sales (4753,4763 to 4765,4776 to 4778)","%","8.7"
"RSM07","Turnover generated by Online Sales","202311","2023 November","X1411","Online or Mail Order","%","83.6"
"RSM07","Turnover generated by Online Sales","202311","2023 November","X1420","Retail sale of books, newspapers and stationery (4761,4762)","%",""
"RSM07","Turnover generated by Online Sales","202311","2023 November","X1430","Retail sale of pharmaceutical, medical and cosmetic articles (4773 to 4775)","%",""
"RSM07","Turnover generated by Online Sales","202312","2023 December","45","Motor trades (45)","%","3"
"RSM07","Turnover generated by Online Sales","202312","2023 December","4711","Retail sale in non-specialised stores with food, beverages or tobacco predominating (4711)","%","2.6"
"RSM07","Turnover generated by Online Sales","202312","2023 December","4719","Department stores (4719)","%","8.2"
"RSM07","Turnover generated by Online Sales","202312","2023 December","4730","Retail sale of automotive fuel (4730)","%",""
"RSM07","Turnover generated by Online Sales","202312","2023 December","4752","Retail sale of hardware, paints and glass (4752)","%",""
"RSM07","Turnover generated by Online Sales","202312","2023 December","4759","Retail sale of furniture and lighting (4759)","%",""
"RSM07","Turnover generated by Online Sales","202312","2023 December","5630","Bars (5630)","%",""
"RSM07","Turnover generated by Online Sales","202312","2023 December","V3970","All retail businesses","%","5.4"
"RSM07","Turnover generated by Online Sales","202312","2023 December","X1320","All retail businesses, excluding motor trades","%","6.4"
"RSM07","Turnover generated by Online Sales","202312","2023 December","X1330","All retail businesses, excluding motor trades, automotive fuel and bars","%","7.1"
"RSM07","Turnover generated by Online Sales","202312","2023 December","X1340","Retail sale of food (4711,4721 to 4729)","%","3"
"RSM07","Turnover generated by Online Sales","202312","2023 December","X1350","Retail sale of non food products, excluding motor trades, automotive fuel and bars","%","10.4"
"RSM07","Turnover generated by Online Sales","202312","2023 December","X1360","Retail sale of food, beverages and tobacco in specialised stores (4721 to 4729)","%","6.2"
"RSM07","Turnover generated by Online Sales","202312","2023 December","X1370","Retail sale of household equipment (4741 to 4743,4752,4754,4759)","%","11.3"
"RSM07","Turnover generated by Online Sales","202312","2023 December","X1380","Retail sale of electrical goods (4741 to 4743,4754)","%","17.8"
"RSM07","Turnover generated by Online Sales","202312","2023 December","X1390","Retail sale of textiles, clothing and footwear (4751,4771,4772)","%","8.1"
"RSM07","Turnover generated by Online Sales","202312","2023 December","X1400","Retail sale of books, newspapers, stationery and other goods (4753,4761 to 4765,4776 to 4778)","%","17.1"
"RSM07","Turnover generated by Online Sales","202312","2023 December","X1410","Other retail sales (4753,4763 to 4765,4776 to 4778)","%","9"
"RSM07","Turnover generated by Online Sales","202312","2023 December","X1411","Online or Mail Order","%","71.8"
"RSM07","Turnover generated by Online Sales","202312","2023 December","X1420","Retail sale of books, newspapers and stationery (4761,4762)","%",""
"RSM07","Turnover generated by Online Sales","202312","2023 December","X1430","Retail sale of pharmaceutical, medical and cosmetic articles (4773 to 4775)","%",""
"RSM07","Turnover generated by Online Sales","202401","2024 January","45","Motor trades (45)","%","1.4"
"RSM07","Turnover generated by Online Sales","202401","2024 January","4711","Retail sale in non-specialised stores with food, beverages or tobacco predominating (4711)","%","3.6"
"RSM07","Turnover generated by Online Sales","202401","2024 January","4719","Department stores (4719)","%","8.2"
"RSM07","Turnover generated by Online Sales","202401","2024 January","4730","Retail sale of automotive fuel (4730)","%",""
"RSM07","Turnover generated by Online Sales","202401","2024 January","4752","Retail sale of hardware, paints and glass (4752)","%",""
"RSM07","Turnover generated by Online Sales","202401","2024 January","4759","Retail sale of furniture and lighting (4759)","%",""
"RSM07","Turnover generated by Online Sales","202401","2024 January","5630","Bars (5630)","%",""
"RSM07","Turnover generated by Online Sales","202401","2024 January","V3970","All retail businesses","%","5.7"
"RSM07","Turnover generated by Online Sales","202401","2024 January","X1320","All retail businesses, excluding motor trades","%","7.5"
"RSM07","Turnover generated by Online Sales","202401","2024 January","X1330","All retail businesses, excluding motor trades, automotive fuel and bars","%","8.1"
"RSM07","Turnover generated by Online Sales","202401","2024 January","X1340","Retail sale of food (4711,4721 to 4729)","%","3.9"
"RSM07","Turnover generated by Online Sales","202401","2024 January","X1350","Retail sale of non food products, excluding motor trades, automotive fuel and bars","%","11.5"
"RSM07","Turnover generated by Online Sales","202401","2024 January","X1360","Retail sale of food, beverages and tobacco in specialised stores (4721 to 4729)","%","6.4"
"RSM07","Turnover generated by Online Sales","202401","2024 January","X1370","Retail sale of household equipment (4741 to 4743,4752,4754,4759)","%","13.3"
"RSM07","Turnover generated by Online Sales","202401","2024 January","X1380","Retail sale of electrical goods (4741 to 4743,4754)","%","14"
"RSM07","Turnover generated by Online Sales","202401","2024 January","X1390","Retail sale of textiles, clothing and footwear (4751,4771,4772)","%","11.8"
"RSM07","Turnover generated by Online Sales","202401","2024 January","X1400","Retail sale of books, newspapers, stationery and other goods (4753,4761 to 4765,4776 to 4778)","%","16.7"
"RSM07","Turnover generated by Online Sales","202401","2024 January","X1410","Other retail sales (4753,4763 to 4765,4776 to 4778)","%","7.8"
"RSM07","Turnover generated by Online Sales","202401","2024 January","X1411","Online or Mail Order","%","77.8"
"RSM07","Turnover generated by Online Sales","202401","2024 January","X1420","Retail sale of books, newspapers and stationery (4761,4762)","%",""
"RSM07","Turnover generated by Online Sales","202401","2024 January","X1430","Retail sale of pharmaceutical, medical and cosmetic articles (4773 to 4775)","%",""
"RSM07","Turnover generated by Online Sales","202402","2024 February","45","Motor trades (45)","%","1.3"
"RSM07","Turnover generated by Online Sales","202402","2024 February","4711","Retail sale in non-specialised stores with food, beverages or tobacco predominating (4711)","%","2.6"
"RSM07","Turnover generated by Online Sales","202402","2024 February","4719","Department stores (4719)","%","7.8"
"RSM07","Turnover generated by Online Sales","202402","2024 February","4730","Retail sale of automotive fuel (4730)","%",""
"RSM07","Turnover generated by Online Sales","202402","2024 February","4752","Retail sale of hardware, paints and glass (4752)","%",""
"RSM07","Turnover generated by Online Sales","202402","2024 February","4759","Retail sale of furniture and lighting (4759)","%",""
"RSM07","Turnover generated by Online Sales","202402","2024 February","5630","Bars (5630)","%",""
"RSM07","Turnover generated by Online Sales","202402","2024 February","V3970","All retail businesses","%","5"
"RSM07","Turnover generated by Online Sales","202402","2024 February","X1320","All retail businesses, excluding motor trades","%","6.5"
"RSM07","Turnover generated by Online Sales","202402","2024 February","X1330","All retail businesses, excluding motor trades, automotive fuel and bars","%","7.1"
"RSM07","Turnover generated by Online Sales","202402","2024 February","X1340","Retail sale of food (4711,4721 to 4729)","%","3"
"RSM07","Turnover generated by Online Sales","202402","2024 February","X1350","Retail sale of non food products, excluding motor trades, automotive fuel and bars","%","10.3"
"RSM07","Turnover generated by Online Sales","202402","2024 February","X1360","Retail sale of food, beverages and tobacco in specialised stores (4721 to 4729)","%","6.5"
"RSM07","Turnover generated by Online Sales","202402","2024 February","X1370","Retail sale of household equipment (4741 to 4743,4752,4754,4759)","%","12.2"
"RSM07","Turnover generated by Online Sales","202402","2024 February","X1380","Retail sale of electrical goods (4741 to 4743,4754)","%","17.9"
"RSM07","Turnover generated by Online Sales","202402","2024 February","X1390","Retail sale of textiles, clothing and footwear (4751,4771,4772)","%","8.5"
"RSM07","Turnover generated by Online Sales","202402","2024 February","X1400","Retail sale of books, newspapers, stationery and other goods (4753,4761 to 4765,4776 to 4778)","%","16.4"
"RSM07","Turnover generated by Online Sales","202402","2024 February","X1410","Other retail sales (4753,4763 to 4765,4776 to 4778)","%","6.2"
"RSM07","Turnover generated by Online Sales","202402","2024 February","X1411","Online or Mail Order","%","83.6"
"RSM07","Turnover generated by Online Sales","202402","2024 February","X1420","Retail sale of books, newspapers and stationery (4761,4762)","%",""
"RSM07","Turnover generated by Online Sales","202402","2024 February","X1430","Retail sale of pharmaceutical, medical and cosmetic articles (4773 to 4775)","%",""
"RSM07","Turnover generated by Online Sales","202403","2024 March","45","Motor trades (45)","%","1.6"
"RSM07","Turnover generated by Online Sales","202403","2024 March","4711","Retail sale in non-specialised stores with food, beverages or tobacco predominating (4711)","%","2.5"
"RSM07","Turnover generated by Online Sales","202403","2024 March","4719","Department stores (4719)","%","7.5"
"RSM07","Turnover generated by Online Sales","202403","2024 March","4730","Retail sale of automotive fuel (4730)","%",""
"RSM07","Turnover generated by Online Sales","202403","2024 March","4752","Retail sale of hardware, paints and glass (4752)","%",""
"RSM07","Turnover generated by Online Sales","202403","2024 March","4759","Retail sale of furniture and lighting (4759)","%",""
"RSM07","Turnover generated by Online Sales","202403","2024 March","5630","Bars (5630)","%",""
"RSM07","Turnover generated by Online Sales","202403","2024 March","V3970","All retail businesses","%","5.1"
"RSM07","Turnover generated by Online Sales","202403","2024 March","X1320","All retail businesses, excluding motor trades","%","6.5"
"RSM07","Turnover generated by Online Sales","202403","2024 March","X1330","All retail businesses, excluding motor trades, automotive fuel and bars","%","7.2"
"RSM07","Turnover generated by Online Sales","202403","2024 March","X1340","Retail sale of food (4711,4721 to 4729)","%","2.9"
"RSM07","Turnover generated by Online Sales","202403","2024 March","X1350","Retail sale of non food products, excluding motor trades, automotive fuel and bars","%","10.7"
"RSM07","Turnover generated by Online Sales","202403","2024 March","X1360","Retail sale of food, beverages and tobacco in specialised stores (4721 to 4729)","%","6.2"
"RSM07","Turnover generated by Online Sales","202403","2024 March","X1370","Retail sale of household equipment (4741 to 4743,4752,4754,4759)","%","15.1"
"RSM07","Turnover generated by Online Sales","202403","2024 March","X1380","Retail sale of electrical goods (4741 to 4743,4754)","%","15.7"
"RSM07","Turnover generated by Online Sales","202403","2024 March","X1390","Retail sale of textiles, clothing and footwear (4751,4771,4772)","%","9"
"RSM07","Turnover generated by Online Sales","202403","2024 March","X1400","Retail sale of books, newspapers, stationery and other goods (4753,4761 to 4765,4776 to 4778)","%","15"
"RSM07","Turnover generated by Online Sales","202403","2024 March","X1410","Other retail sales (4753,4763 to 4765,4776 to 4778)","%","4.4"
"RSM07","Turnover generated by Online Sales","202403","2024 March","X1411","Online or Mail Order","%","83.8"
"RSM07","Turnover generated by Online Sales","202403","2024 March","X1420","Retail sale of books, newspapers and stationery (4761,4762)","%",""
"RSM07","Turnover generated by Online Sales","202403","2024 March","X1430","Retail sale of pharmaceutical, medical and cosmetic articles (4773 to 4775)","%",""
"RSM07","Turnover generated by Online Sales","202404","2024 April","45","Motor trades (45)","%","1.7"
"RSM07","Turnover generated by Online Sales","202404","2024 April","4711","Retail sale in non-specialised stores with food, beverages or tobacco predominating (4711)","%","2.5"
"RSM07","Turnover generated by Online Sales","202404","2024 April","4719","Department stores (4719)","%","7.8"
"RSM07","Turnover generated by Online Sales","202404","2024 April","4730","Retail sale of automotive fuel (4730)","%",""
"RSM07","Turnover generated by Online Sales","202404","2024 April","4752","Retail sale of hardware, paints and glass (4752)","%",""
"RSM07","Turnover generated by Online Sales","202404","2024 April","4759","Retail sale of furniture and lighting (4759)","%",""
"RSM07","Turnover generated by Online Sales","202404","2024 April","5630","Bars (5630)","%",""
"RSM07","Turnover generated by Online Sales","202404","2024 April","V3970","All retail businesses","%","5.6"
"RSM07","Turnover generated by Online Sales","202404","2024 April","X1320","All retail businesses, excluding motor trades","%","7.2"
"RSM07","Turnover generated by Online Sales","202404","2024 April","X1330","All retail businesses, excluding motor trades, automotive fuel and bars","%","7.7"
"RSM07","Turnover generated by Online Sales","202404","2024 April","X1340","Retail sale of food (4711,4721 to 4729)","%","3"
"RSM07","Turnover generated by Online Sales","202404","2024 April","X1350","Retail sale of non food products, excluding motor trades, automotive fuel and bars","%","11.5"
"RSM07","Turnover generated by Online Sales","202404","2024 April","X1360","Retail sale of food, beverages and tobacco in specialised stores (4721 to 4729)","%","7.4"
"RSM07","Turnover generated by Online Sales","202404","2024 April","X1370","Retail sale of household equipment (4741 to 4743,4752,4754,4759)","%","12.7"
"RSM07","Turnover generated by Online Sales","202404","2024 April","X1380","Retail sale of electrical goods (4741 to 4743,4754)","%","14.1"
"RSM07","Turnover generated by Online Sales","202404","2024 April","X1390","Retail sale of textiles, clothing and footwear (4751,4771,4772)","%","9.5"
"RSM07","Turnover generated by Online Sales","202404","2024 April","X1400","Retail sale of books, newspapers, stationery and other goods (4753,4761 to 4765,4776 to 4778)","%","18.1"
"RSM07","Turnover generated by Online Sales","202404","2024 April","X1410","Other retail sales (4753,4763 to 4765,4776 to 4778)","%","8.8"
"RSM07","Turnover generated by Online Sales","202404","2024 April","X1411","Online or Mail Order","%","83.3"
"RSM07","Turnover generated by Online Sales","202404","2024 April","X1420","Retail sale of books, newspapers and stationery (4761,4762)","%",""
"RSM07","Turnover generated by Online Sales","202404","2024 April","X1430","Retail sale of pharmaceutical, medical and cosmetic articles (4773 to 4775)","%",""
"RSM07","Turnover generated by Online Sales","202405","2024 May","45","Motor trades (45)","%","1.2"
"RSM07","Turnover generated by Online Sales","202405","2024 May","4711","Retail sale in non-specialised stores with food, beverages or tobacco predominating (4711)","%","2.3"
"RSM07","Turnover generated by Online Sales","202405","2024 May","4719","Department stores (4719)","%","6.7"
"RSM07","Turnover generated by Online Sales","202405","2024 May","4730","Retail sale of automotive fuel (4730)","%",""
"RSM07","Turnover generated by Online Sales","202405","2024 May","4752","Retail sale of hardware, paints and glass (4752)","%",""
"RSM07","Turnover generated by Online Sales","202405","2024 May","4759","Retail sale of furniture and lighting (4759)","%",""
"RSM07","Turnover generated by Online Sales","202405","2024 May","5630","Bars (5630)","%",""
"RSM07","Turnover generated by Online Sales","202405","2024 May","V3970","All retail businesses","%","4.8"
"RSM07","Turnover generated by Online Sales","202405","2024 May","X1320","All retail businesses, excluding motor trades","%","6.3"
"RSM07","Turnover generated by Online Sales","202405","2024 May","X1330","All retail businesses, excluding motor trades, automotive fuel and bars","%","7"
"RSM07","Turnover generated by Online Sales","202405","2024 May","X1340","Retail sale of food (4711,4721 to 4729)","%","2.8"
"RSM07","Turnover generated by Online Sales","202405","2024 May","X1350","Retail sale of non food products, excluding motor trades, automotive fuel and bars","%","10.3"
"RSM07","Turnover generated by Online Sales","202405","2024 May","X1360","Retail sale of food, beverages and tobacco in specialised stores (4721 to 4729)","%","6.8"
"RSM07","Turnover generated by Online Sales","202405","2024 May","X1370","Retail sale of household equipment (4741 to 4743,4752,4754,4759)","%","11.8"
"RSM07","Turnover generated by Online Sales","202405","2024 May","X1380","Retail sale of electrical goods (4741 to 4743,4754)","%","14.1"
"RSM07","Turnover generated by Online Sales","202405","2024 May","X1390","Retail sale of textiles, clothing and footwear (4751,4771,4772)","%","9.2"
"RSM07","Turnover generated by Online Sales","202405","2024 May","X1400","Retail sale of books, newspapers, stationery and other goods (4753,4761 to 4765,4776 to 4778)","%","16.7"
"RSM07","Turnover generated by Online Sales","202405","2024 May","X1410","Other retail sales (4753,4763 to 4765,4776 to 4778)","%","7.3"
"RSM07","Turnover generated by Online Sales","202405","2024 May","X1411","Online or Mail Order","%","79.7"
"RSM07","Turnover generated by Online Sales","202405","2024 May","X1420","Retail sale of books, newspapers and stationery (4761,4762)","%",""
"RSM07","Turnover generated by Online Sales","202405","2024 May","X1430","Retail sale of pharmaceutical, medical and cosmetic articles (4773 to 4775)","%",""
"RSM07","Turnover generated by Online Sales","202406","2024 June","45","Motor trades (45)","%","1.5"
"RSM07","Turnover generated by Online Sales","202406","2024 June","4711","Retail sale in non-specialised stores with food, beverages or tobacco predominating (4711)","%","2.4"
"RSM07","Turnover generated by Online Sales","202406","2024 June","4719","Department stores (4719)","%","7.2"
"RSM07","Turnover generated by Online Sales","202406","2024 June","4730","Retail sale of automotive fuel (4730)","%",""
"RSM07","Turnover generated by Online Sales","202406","2024 June","4752","Retail sale of hardware, paints and glass (4752)","%",""
"RSM07","Turnover generated by Online Sales","202406","2024 June","4759","Retail sale of furniture and lighting (4759)","%",""
"RSM07","Turnover generated by Online Sales","202406","2024 June","5630","Bars (5630)","%",""
"RSM07","Turnover generated by Online Sales","202406","2024 June","V3970","All retail businesses","%","4.9"
"RSM07","Turnover generated by Online Sales","202406","2024 June","X1320","All retail businesses, excluding motor trades","%","6.4"
"RSM07","Turnover generated by Online Sales","202406","2024 June","X1330","All retail businesses, excluding motor trades, automotive fuel and bars","%","6.9"
"RSM07","Turnover generated by Online Sales","202406","2024 June","X1340","Retail sale of food (4711,4721 to 4729)","%","2.8"
"RSM07","Turnover generated by Online Sales","202406","2024 June","X1350","Retail sale of non food products, excluding motor trades, automotive fuel and bars","%","10.2"
"RSM07","Turnover generated by Online Sales","202406","2024 June","X1360","Retail sale of food, beverages and tobacco in specialised stores (4721 to 4729)","%","6"
"RSM07","Turnover generated by Online Sales","202406","2024 June","X1370","Retail sale of household equipment (4741 to 4743,4752,4754,4759)","%","10.8"
"RSM07","Turnover generated by Online Sales","202406","2024 June","X1380","Retail sale of electrical goods (4741 to 4743,4754)","%","17.6"
"RSM07","Turnover generated by Online Sales","202406","2024 June","X1390","Retail sale of textiles, clothing and footwear (4751,4771,4772)","%","9.5"
"RSM07","Turnover generated by Online Sales","202406","2024 June","X1400","Retail sale of books, newspapers, stationery and other goods (4753,4761 to 4765,4776 to 4778)","%","16.9"
"RSM07","Turnover generated by Online Sales","202406","2024 June","X1410","Other retail sales (4753,4763 to 4765,4776 to 4778)","%","7.8"
"RSM07","Turnover generated by Online Sales","202406","2024 June","X1411","Online or Mail Order","%","78.6"
"RSM07","Turnover generated by Online Sales","202406","2024 June","X1420","Retail sale of books, newspapers and stationery (4761,4762)","%",""
"RSM07","Turnover generated by Online Sales","202406","2024 June","X1430","Retail sale of pharmaceutical, medical and cosmetic articles (4773 to 4775)","%",""
"RSM07","Turnover generated by Online Sales","202407","2024 July","45","Motor trades (45)","%","1.1"
"RSM07","Turnover generated by Online Sales","202407","2024 July","4711","Retail sale in non-specialised stores with food, beverages or tobacco predominating (4711)","%","2.3"
"RSM07","Turnover generated by Online Sales","202407","2024 July","4719","Department stores (4719)","%","6"
"RSM07","Turnover generated by Online Sales","202407","2024 July","4730","Retail sale of automotive fuel (4730)","%",""
"RSM07","Turnover generated by Online Sales","202407","2024 July","4752","Retail sale of hardware, paints and glass (4752)","%",""
"RSM07","Turnover generated by Online Sales","202407","2024 July","4759","Retail sale of furniture and lighting (4759)","%",""
"RSM07","Turnover generated by Online Sales","202407","2024 July","5630","Bars (5630)","%",""
"RSM07","Turnover generated by Online Sales","202407","2024 July","V3970","All retail businesses","%","4.8"
"RSM07","Turnover generated by Online Sales","202407","2024 July","X1320","All retail businesses, excluding motor trades","%","6.3"
"RSM07","Turnover generated by Online Sales","202407","2024 July","X1330","All retail businesses, excluding motor trades, automotive fuel and bars","%","6.8"
"RSM07","Turnover generated by Online Sales","202407","2024 July","X1340","Retail sale of food (4711,4721 to 4729)","%","2.7"
"RSM07","Turnover generated by Online Sales","202407","2024 July","X1350","Retail sale of non food products, excluding motor trades, automotive fuel and bars","%","10.1"
"RSM07","Turnover generated by Online Sales","202407","2024 July","X1360","Retail sale of food, beverages and tobacco in specialised stores (4721 to 4729)","%","5.7"
"RSM07","Turnover generated by Online Sales","202407","2024 July","X1370","Retail sale of household equipment (4741 to 4743,4752,4754,4759)","%","12.3"
"RSM07","Turnover generated by Online Sales","202407","2024 July","X1380","Retail sale of electrical goods (4741 to 4743,4754)","%","15.4"
"RSM07","Turnover generated by Online Sales","202407","2024 July","X1390","Retail sale of textiles, clothing and footwear (4751,4771,4772)","%","8.2"
"RSM07","Turnover generated by Online Sales","202407","2024 July","X1400","Retail sale of books, newspapers, stationery and other goods (4753,4761 to 4765,4776 to 4778)","%","16.4"
"RSM07","Turnover generated by Online Sales","202407","2024 July","X1410","Other retail sales (4753,4763 to 4765,4776 to 4778)","%","6.4"
"RSM07","Turnover generated by Online Sales","202407","2024 July","X1411","Online or Mail Order","%","83.2"
"RSM07","Turnover generated by Online Sales","202407","2024 July","X1420","Retail sale of books, newspapers and stationery (4761,4762)","%",""
"RSM07","Turnover generated by Online Sales","202407","2024 July","X1430","Retail sale of pharmaceutical, medical and cosmetic articles (4773 to 4775)","%",""
"RSM07","Turnover generated by Online Sales","202408","2024 August","45","Motor trades (45)","%","1.7"
"RSM07","Turnover generated by Online Sales","202408","2024 August","4711","Retail sale in non-specialised stores with food, beverages or tobacco predominating (4711)","%","2.3"
"RSM07","Turnover generated by Online Sales","202408","2024 August","4719","Department stores (4719)","%","6.9"
"RSM07","Turnover generated by Online Sales","202408","2024 August","4730","Retail sale of automotive fuel (4730)","%",""
"RSM07","Turnover generated by Online Sales","202408","2024 August","4752","Retail sale of hardware, paints and glass (4752)","%",""
"RSM07","Turnover generated by Online Sales","202408","2024 August","4759","Retail sale of furniture and lighting (4759)","%",""
"RSM07","Turnover generated by Online Sales","202408","2024 August","5630","Bars (5630)","%",""
"RSM07","Turnover generated by Online Sales","202408","2024 August","V3970","All retail businesses","%","4.7"
"RSM07","Turnover generated by Online Sales","202408","2024 August","X1320","All retail businesses, excluding motor trades","%","6"
"RSM07","Turnover generated by Online Sales","202408","2024 August","X1330","All retail businesses, excluding motor trades, automotive fuel and bars","%","6.8"
"RSM07","Turnover generated by Online Sales","202408","2024 August","X1340","Retail sale of food (4711,4721 to 4729)","%","2.7"
"RSM07","Turnover generated by Online Sales","202408","2024 August","X1350","Retail sale of non food products, excluding motor trades, automotive fuel and bars","%","10.2"
"RSM07","Turnover generated by Online Sales","202408","2024 August","X1360","Retail sale of food, beverages and tobacco in specialised stores (4721 to 4729)","%","5.9"
"RSM07","Turnover generated by Online Sales","202408","2024 August","X1370","Retail sale of household equipment (4741 to 4743,4752,4754,4759)","%","12.3"
"RSM07","Turnover generated by Online Sales","202408","2024 August","X1380","Retail sale of electrical goods (4741 to 4743,4754)","%","18"
"RSM07","Turnover generated by Online Sales","202408","2024 August","X1390","Retail sale of textiles, clothing and footwear (4751,4771,4772)","%","8.7"
"RSM07","Turnover generated by Online Sales","202408","2024 August","X1400","Retail sale of books, newspapers, stationery and other goods (4753,4761 to 4765,4776 to 4778)","%","16.3"
"RSM07","Turnover generated by Online Sales","202408","2024 August","X1410","Other retail sales (4753,4763 to 4765,4776 to 4778)","%","6.6"
"RSM07","Turnover generated by Online Sales","202408","2024 August","X1411","Online or Mail Order","%","80.9"
"RSM07","Turnover generated by Online Sales","202408","2024 August","X1420","Retail sale of books, newspapers and stationery (4761,4762)","%",""
"RSM07","Turnover generated by Online Sales","202408","2024 August","X1430","Retail sale of pharmaceutical, medical and cosmetic articles (4773 to 4775)","%",""
"RSM07","Turnover generated by Online Sales","202409","2024 September","45","Motor trades (45)","%","1.2"
"RSM07","Turnover generated by Online Sales","202409","2024 September","4711","Retail sale in non-specialised stores with food, beverages or tobacco predominating (4711)","%","2.6"
"RSM07","Turnover generated by Online Sales","202409","2024 September","4719","Department stores (4719)","%","9.4"
"RSM07","Turnover generated by Online Sales","202409","2024 September","4730","Retail sale of automotive fuel (4730)","%",""
"RSM07","Turnover generated by Online Sales","202409","2024 September","4752","Retail sale of hardware, paints and glass (4752)","%",""
"RSM07","Turnover generated by Online Sales","202409","2024 September","4759","Retail sale of furniture and lighting (4759)","%",""
"RSM07","Turnover generated by Online Sales","202409","2024 September","5630","Bars (5630)","%",""
"RSM07","Turnover generated by Online Sales","202409","2024 September","V3970","All retail businesses","%","5.1"
"RSM07","Turnover generated by Online Sales","202409","2024 September","X1320","All retail businesses, excluding motor trades","%","6.8"
"RSM07","Turnover generated by Online Sales","202409","2024 September","X1330","All retail businesses, excluding motor trades, automotive fuel and bars","%","7"
"RSM07","Turnover generated by Online Sales","202409","2024 September","X1340","Retail sale of food (4711,4721 to 4729)","%","3.1"
"RSM07","Turnover generated by Online Sales","202409","2024 September","X1350","Retail sale of non food products, excluding motor trades, automotive fuel and bars","%","10.2"
"RSM07","Turnover generated by Online Sales","202409","2024 September","X1360","Retail sale of food, beverages and tobacco in specialised stores (4721 to 4729)","%","6.9"
"RSM07","Turnover generated by Online Sales","202409","2024 September","X1370","Retail sale of household equipment (4741 to 4743,4752,4754,4759)","%","10"
"RSM07","Turnover generated by Online Sales","202409","2024 September","X1380","Retail sale of electrical goods (4741 to 4743,4754)","%","15.5"
"RSM07","Turnover generated by Online Sales","202409","2024 September","X1390","Retail sale of textiles, clothing and footwear (4751,4771,4772)","%","8.3"
"RSM07","Turnover generated by Online Sales","202409","2024 September","X1400","Retail sale of books, newspapers, stationery and other goods (4753,4761 to 4765,4776 to 4778)","%","16.7"
"RSM07","Turnover generated by Online Sales","202409","2024 September","X1410","Other retail sales (4753,4763 to 4765,4776 to 4778)","%","6.4"
"RSM07","Turnover generated by Online Sales","202409","2024 September","X1411","Online or Mail Order","%","85.6"
"RSM07","Turnover generated by Online Sales","202409","2024 September","X1420","Retail sale of books, newspapers and stationery (4761,4762)","%",""
"RSM07","Turnover generated by Online Sales","202409","2024 September","X1430","Retail sale of pharmaceutical, medical and cosmetic articles (4773 to 4775)","%",""
"RSM07","Turnover generated by Online Sales","202410","2024 October","45","Motor trades (45)","%","0.7"
"RSM07","Turnover generated by Online Sales","202410","2024 October","4711","Retail sale in non-specialised stores with food, beverages or tobacco predominating (4711)","%","2.5"
"RSM07","Turnover generated by Online Sales","202410","2024 October","4719","Department stores (4719)","%","10.6"
"RSM07","Turnover generated by Online Sales","202410","2024 October","4730","Retail sale of automotive fuel (4730)","%",""
"RSM07","Turnover generated by Online Sales","202410","2024 October","4752","Retail sale of hardware, paints and glass (4752)","%",""
"RSM07","Turnover generated by Online Sales","202410","2024 October","4759","Retail sale of furniture and lighting (4759)","%",""
"RSM07","Turnover generated by Online Sales","202410","2024 October","5630","Bars (5630)","%",""
"RSM07","Turnover generated by Online Sales","202410","2024 October","V3970","All retail businesses","%","5"
"RSM07","Turnover generated by Online Sales","202410","2024 October","X1320","All retail businesses, excluding motor trades","%","6.8"
"RSM07","Turnover generated by Online Sales","202410","2024 October","X1330","All retail businesses, excluding motor trades, automotive fuel and bars","%","7.5"
"RSM07","Turnover generated by Online Sales","202410","2024 October","X1340","Retail sale of food (4711,4721 to 4729)","%","3.1"
"RSM07","Turnover generated by Online Sales","202410","2024 October","X1350","Retail sale of non food products, excluding motor trades, automotive fuel and bars","%","11"
"RSM07","Turnover generated by Online Sales","202410","2024 October","X1360","Retail sale of food, beverages and tobacco in specialised stores (4721 to 4729)","%","7.9"
"RSM07","Turnover generated by Online Sales","202410","2024 October","X1370","Retail sale of household equipment (4741 to 4743,4752,4754,4759)","%","11.8"
"RSM07","Turnover generated by Online Sales","202410","2024 October","X1380","Retail sale of electrical goods (4741 to 4743,4754)","%","14.2"
"RSM07","Turnover generated by Online Sales","202410","2024 October","X1390","Retail sale of textiles, clothing and footwear (4751,4771,4772)","%","10"
"RSM07","Turnover generated by Online Sales","202410","2024 October","X1400","Retail sale of books, newspapers, stationery and other goods (4753,4761 to 4765,4776 to 4778)","%","17.1"
"RSM07","Turnover generated by Online Sales","202410","2024 October","X1410","Other retail sales (4753,4763 to 4765,4776 to 4778)","%","8.4"
"RSM07","Turnover generated by Online Sales","202410","2024 October","X1411","Online or Mail Order","%","76.7"
"RSM07","Turnover generated by Online Sales","202410","2024 October","X1420","Retail sale of books, newspapers and stationery (4761,4762)","%",""
"RSM07","Turnover generated by Online Sales","202410","2024 October","X1430","Retail sale of pharmaceutical, medical and cosmetic articles (4773 to 4775)","%",""
"RSM07","Turnover generated by Online Sales","202411","2024 November","45","Motor trades (45)","%","1.4"
"RSM07","Turnover generated by Online Sales","202411","2024 November","4711","Retail sale in non-specialised stores with food, beverages or tobacco predominating (4711)","%","2.5"
"RSM07","Turnover generated by Online Sales","202411","2024 November","4719","Department stores (4719)","%","13.2"
"RSM07","Turnover generated by Online Sales","202411","2024 November","4730","Retail sale of automotive fuel (4730)","%",""
"RSM07","Turnover generated by Online Sales","202411","2024 November","4752","Retail sale of hardware, paints and glass (4752)","%",""
"RSM07","Turnover generated by Online Sales","202411","2024 November","4759","Retail sale of furniture and lighting (4759)","%",""
"RSM07","Turnover generated by Online Sales","202411","2024 November","5630","Bars (5630)","%",""
"RSM07","Turnover generated by Online Sales","202411","2024 November","V3970","All retail businesses","%","6"
"RSM07","Turnover generated by Online Sales","202411","2024 November","X1320","All retail businesses, excluding motor trades","%","7.8"
"RSM07","Turnover generated by Online Sales","202411","2024 November","X1330","All retail businesses, excluding motor trades, automotive fuel and bars","%","8.9"
"RSM07","Turnover generated by Online Sales","202411","2024 November","X1340","Retail sale of food (4711,4721 to 4729)","%","3.9"
"RSM07","Turnover generated by Online Sales","202411","2024 November","X1350","Retail sale of non food products, excluding motor trades, automotive fuel and bars","%","12.9"
"RSM07","Turnover generated by Online Sales","202411","2024 November","X1360","Retail sale of food, beverages and tobacco in specialised stores (4721 to 4729)","%","15.3"
"RSM07","Turnover generated by Online Sales","202411","2024 November","X1370","Retail sale of household equipment (4741 to 4743,4752,4754,4759)","%","11.9"
"RSM07","Turnover generated by Online Sales","202411","2024 November","X1380","Retail sale of electrical goods (4741 to 4743,4754)","%","19.7"
"RSM07","Turnover generated by Online Sales","202411","2024 November","X1390","Retail sale of textiles, clothing and footwear (4751,4771,4772)","%","11.3"
"RSM07","Turnover generated by Online Sales","202411","2024 November","X1400","Retail sale of books, newspapers, stationery and other goods (4753,4761 to 4765,4776 to 4778)","%","19.5"
"RSM07","Turnover generated by Online Sales","202411","2024 November","X1410","Other retail sales (4753,4763 to 4765,4776 to 4778)","%","10"
"RSM07","Turnover generated by Online Sales","202411","2024 November","X1411","Online or Mail Order","%","84.6"
"RSM07","Turnover generated by Online Sales","202411","2024 November","X1420","Retail sale of books, newspapers and stationery (4761,4762)","%",""
"RSM07","Turnover generated by Online Sales","202411","2024 November","X1430","Retail sale of pharmaceutical, medical and cosmetic articles (4773 to 4775)","%",""
"RSM07","Turnover generated by Online Sales","202412","2024 December","45","Motor trades (45)","%","1.4"
"RSM07","Turnover generated by Online Sales","202412","2024 December","4711","Retail sale in non-specialised stores with food, beverages or tobacco predominating (4711)","%","3.6"
"RSM07","Turnover generated by Online Sales","202412","2024 December","4719","Department stores (4719)","%","9.3"
"RSM07","Turnover generated by Online Sales","202412","2024 December","4730","Retail sale of automotive fuel (4730)","%",""
"RSM07","Turnover generated by Online Sales","202412","2024 December","4752","Retail sale of hardware, paints and glass (4752)","%",""
"RSM07","Turnover generated by Online Sales","202412","2024 December","4759","Retail sale of furniture and lighting (4759)","%",""
"RSM07","Turnover generated by Online Sales","202412","2024 December","5630","Bars (5630)","%",""
"RSM07","Turnover generated by Online Sales","202412","2024 December","V3970","All retail businesses","%","6.1"
"RSM07","Turnover generated by Online Sales","202412","2024 December","X1320","All retail businesses, excluding motor trades","%","8"
"RSM07","Turnover generated by Online Sales","202412","2024 December","X1330","All retail businesses, excluding motor trades, automotive fuel and bars","%","8.6"
"RSM07","Turnover generated by Online Sales","202412","2024 December","X1340","Retail sale of food (4711,4721 to 4729)","%","4"
"RSM07","Turnover generated by Online Sales","202412","2024 December","X1350","Retail sale of non food products, excluding motor trades, automotive fuel and bars","%","12.4"
"RSM07","Turnover generated by Online Sales","202412","2024 December","X1360","Retail sale of food, beverages and tobacco in specialised stores (4721 to 4729)","%","6.6"
"RSM07","Turnover generated by Online Sales","202412","2024 December","X1370","Retail sale of household equipment (4741 to 4743,4752,4754,4759)","%","13.9"
"RSM07","Turnover generated by Online Sales","202412","2024 December","X1380","Retail sale of electrical goods (4741 to 4743,4754)","%","22.5"
"RSM07","Turnover generated by Online Sales","202412","2024 December","X1390","Retail sale of textiles, clothing and footwear (4751,4771,4772)","%","12.2"
"RSM07","Turnover generated by Online Sales","202412","2024 December","X1400","Retail sale of books, newspapers, stationery and other goods (4753,4761 to 4765,4776 to 4778)","%","17.5"
"RSM07","Turnover generated by Online Sales","202412","2024 December","X1410","Other retail sales (4753,4763 to 4765,4776 to 4778)","%","7.9"
"RSM07","Turnover generated by Online Sales","202412","2024 December","X1411","Online or Mail Order","%","81.7"
"RSM07","Turnover generated by Online Sales","202412","2024 December","X1420","Retail sale of books, newspapers and stationery (4761,4762)","%",""
"RSM07","Turnover generated by Online Sales","202412","2024 December","X1430","Retail sale of pharmaceutical, medical and cosmetic articles (4773 to 4775)","%",""
"RSM07","Turnover generated by Online Sales","202501","2025 January","45","Motor trades (45)","%","1.4"
"RSM07","Turnover generated by Online Sales","202501","2025 January","4711","Retail sale in non-specialised stores with food, beverages or tobacco predominating (4711)","%","2.5"
"RSM07","Turnover generated by Online Sales","202501","2025 January","4719","Department stores (4719)","%","8.4"
"RSM07","Turnover generated by Online Sales","202501","2025 January","4730","Retail sale of automotive fuel (4730)","%",""
"RSM07","Turnover generated by Online Sales","202501","2025 January","4752","Retail sale of hardware, paints and glass (4752)","%",""
"RSM07","Turnover generated by Online Sales","202501","2025 January","4759","Retail sale of furniture and lighting (4759)","%",""
"RSM07","Turnover generated by Online Sales","202501","2025 January","5630","Bars (5630)","%",""
"RSM07","Turnover generated by Online Sales","202501","2025 January","V3970","All retail businesses","%","5.5"
"RSM07","Turnover generated by Online Sales","202501","2025 January","X1320","All retail businesses, excluding motor trades","%","7.2"
"RSM07","Turnover generated by Online Sales","202501","2025 January","X1330","All retail businesses, excluding motor trades, automotive fuel and bars","%","7.6"
"RSM07","Turnover generated by Online Sales","202501","2025 January","X1340","Retail sale of food (4711,4721 to 4729)","%","3.1"
"RSM07","Turnover generated by Online Sales","202501","2025 January","X1350","Retail sale of non food products, excluding motor trades, automotive fuel and bars","%","11.3"
"RSM07","Turnover generated by Online Sales","202501","2025 January","X1360","Retail sale of food, beverages and tobacco in specialised stores (4721 to 4729)","%","7.4"
"RSM07","Turnover generated by Online Sales","202501","2025 January","X1370","Retail sale of household equipment (4741 to 4743,4752,4754,4759)","%","11.2"
"RSM07","Turnover generated by Online Sales","202501","2025 January","X1380","Retail sale of electrical goods (4741 to 4743,4754)","%","15.7"
"RSM07","Turnover generated by Online Sales","202501","2025 January","X1390","Retail sale of textiles, clothing and footwear (4751,4771,4772)","%","14"
"RSM07","Turnover generated by Online Sales","202501","2025 January","X1400","Retail sale of books, newspapers, stationery and other goods (4753,4761 to 4765,4776 to 4778)","%","15.6"
"RSM07","Turnover generated by Online Sales","202501","2025 January","X1410","Other retail sales (4753,4763 to 4765,4776 to 4778)","%","6.1"
"RSM07","Turnover generated by Online Sales","202501","2025 January","X1411","Online or Mail Order","%","78.5"
"RSM07","Turnover generated by Online Sales","202501","2025 January","X1420","Retail sale of books, newspapers and stationery (4761,4762)","%",""
"RSM07","Turnover generated by Online Sales","202501","2025 January","X1430","Retail sale of pharmaceutical, medical and cosmetic articles (4773 to 4775)","%",""
"RSM07","Turnover generated by Online Sales","202502","2025 February","45","Motor trades (45)","%","1"
"RSM07","Turnover generated by Online Sales","202502","2025 February","4711","Retail sale in non-specialised stores with food, beverages or tobacco predominating (4711)","%","2.7"
"RSM07","Turnover generated by Online Sales","202502","2025 February","4719","Department stores (4719)","%","7.6"
"RSM07","Turnover generated by Online Sales","202502","2025 February","4730","Retail sale of automotive fuel (4730)","%",""
"RSM07","Turnover generated by Online Sales","202502","2025 February","4752","Retail sale of hardware, paints and glass (4752)","%",""
"RSM07","Turnover generated by Online Sales","202502","2025 February","4759","Retail sale of furniture and lighting (4759)","%",""
"RSM07","Turnover generated by Online Sales","202502","2025 February","5630","Bars (5630)","%",""
"RSM07","Turnover generated by Online Sales","202502","2025 February","V3970","All retail businesses","%","4.8"
"RSM07","Turnover generated by Online Sales","202502","2025 February","X1320","All retail businesses, excluding motor trades","%","6.4"
"RSM07","Turnover generated by Online Sales","202502","2025 February","X1330","All retail businesses, excluding motor trades, automotive fuel and bars","%","6.7"
"RSM07","Turnover generated by Online Sales","202502","2025 February","X1340","Retail sale of food (4711,4721 to 4729)","%","3.3"
"RSM07","Turnover generated by Online Sales","202502","2025 February","X1350","Retail sale of non food products, excluding motor trades, automotive fuel and bars","%","9.5"
"RSM07","Turnover generated by Online Sales","202502","2025 February","X1360","Retail sale of food, beverages and tobacco in specialised stores (4721 to 4729)","%","7.6"
"RSM07","Turnover generated by Online Sales","202502","2025 February","X1370","Retail sale of household equipment (4741 to 4743,4752,4754,4759)","%","10.3"
"RSM07","Turnover generated by Online Sales","202502","2025 February","X1380","Retail sale of electrical goods (4741 to 4743,4754)","%","15.5"
"RSM07","Turnover generated by Online Sales","202502","2025 February","X1390","Retail sale of textiles, clothing and footwear (4751,4771,4772)","%","9.1"
"RSM07","Turnover generated by Online Sales","202502","2025 February","X1400","Retail sale of books, newspapers, stationery and other goods (4753,4761 to 4765,4776 to 4778)","%","14.4"
"RSM07","Turnover generated by Online Sales","202502","2025 February","X1410","Other retail sales (4753,4763 to 4765,4776 to 4778)","%","4.7"
"RSM07","Turnover generated by Online Sales","202502","2025 February","X1411","Online or Mail Order","%","77.6"
"RSM07","Turnover generated by Online Sales","202502","2025 February","X1420","Retail sale of books, newspapers and stationery (4761,4762)","%",""
"RSM07","Turnover generated by Online Sales","202502","2025 February","X1430","Retail sale of pharmaceutical, medical and cosmetic articles (4773 to 4775)","%",""
"RSM07","Turnover generated by Online Sales","202503","2025 March","45","Motor trades (45)","%","1.4"
"RSM07","Turnover generated by Online Sales","202503","2025 March","4711","Retail sale in non-specialised stores with food, beverages or tobacco predominating (4711)","%","2.6"
"RSM07","Turnover generated by Online Sales","202503","2025 March","4719","Department stores (4719)","%","8"
"RSM07","Turnover generated by Online Sales","202503","2025 March","4730","Retail sale of automotive fuel (4730)","%",""
"RSM07","Turnover generated by Online Sales","202503","2025 March","4752","Retail sale of hardware, paints and glass (4752)","%",""
"RSM07","Turnover generated by Online Sales","202503","2025 March","4759","Retail sale of furniture and lighting (4759)","%",""
"RSM07","Turnover generated by Online Sales","202503","2025 March","5630","Bars (5630)","%",""
"RSM07","Turnover generated by Online Sales","202503","2025 March","V3970","All retail businesses","%","4.8"
"RSM07","Turnover generated by Online Sales","202503","2025 March","X1320","All retail businesses, excluding motor trades","%","6.2"
"RSM07","Turnover generated by Online Sales","202503","2025 March","X1330","All retail businesses, excluding motor trades, automotive fuel and bars","%","6.8"
"RSM07","Turnover generated by Online Sales","202503","2025 March","X1340","Retail sale of food (4711,4721 to 4729)","%","3.2"
"RSM07","Turnover generated by Online Sales","202503","2025 March","X1350","Retail sale of non food products, excluding motor trades, automotive fuel and bars","%","9.7"
"RSM07","Turnover generated by Online Sales","202503","2025 March","X1360","Retail sale of food, beverages and tobacco in specialised stores (4721 to 4729)","%","8.1"
"RSM07","Turnover generated by Online Sales","202503","2025 March","X1370","Retail sale of household equipment (4741 to 4743,4752,4754,4759)","%","9.9"
"RSM07","Turnover generated by Online Sales","202503","2025 March","X1380","Retail sale of electrical goods (4741 to 4743,4754)","%","15.6"
"RSM07","Turnover generated by Online Sales","202503","2025 March","X1390","Retail sale of textiles, clothing and footwear (4751,4771,4772)","%","9.8"
"RSM07","Turnover generated by Online Sales","202503","2025 March","X1400","Retail sale of books, newspapers, stationery and other goods (4753,4761 to 4765,4776 to 4778)","%","14.7"
"RSM07","Turnover generated by Online Sales","202503","2025 March","X1410","Other retail sales (4753,4763 to 4765,4776 to 4778)","%","4.3"
"RSM07","Turnover generated by Online Sales","202503","2025 March","X1411","Online or Mail Order","%","81.2"
"RSM07","Turnover generated by Online Sales","202503","2025 March","X1420","Retail sale of books, newspapers and stationery (4761,4762)","%",""
"RSM07","Turnover generated by Online Sales","202503","2025 March","X1430","Retail sale of pharmaceutical, medical and cosmetic articles (4773 to 4775)","%",""
"RSM07","Turnover generated by Online Sales","202504","2025 April","45","Motor trades (45)","%","1"
"RSM07","Turnover generated by Online Sales","202504","2025 April","4711","Retail sale in non-specialised stores with food, beverages or tobacco predominating (4711)","%","2.6"
"RSM07","Turnover generated by Online Sales","202504","2025 April","4719","Department stores (4719)","%","7.3"
"RSM07","Turnover generated by Online Sales","202504","2025 April","4730","Retail sale of automotive fuel (4730)","%",""
"RSM07","Turnover generated by Online Sales","202504","2025 April","4752","Retail sale of hardware, paints and glass (4752)","%",""
"RSM07","Turnover generated by Online Sales","202504","2025 April","4759","Retail sale of furniture and lighting (4759)","%",""
"RSM07","Turnover generated by Online Sales","202504","2025 April","5630","Bars (5630)","%",""
"RSM07","Turnover generated by Online Sales","202504","2025 April","V3970","All retail businesses","%","5"
"RSM07","Turnover generated by Online Sales","202504","2025 April","X1320","All retail businesses, excluding motor trades","%","6.7"
"RSM07","Turnover generated by Online Sales","202504","2025 April","X1330","All retail businesses, excluding motor trades, automotive fuel and bars","%","7"
"RSM07","Turnover generated by Online Sales","202504","2025 April","X1340","Retail sale of food (4711,4721 to 4729)","%","3.1"
"RSM07","Turnover generated by Online Sales","202504","2025 April","X1350","Retail sale of non food products, excluding motor trades, automotive fuel and bars","%","10.1"
"RSM07","Turnover generated by Online Sales","202504","2025 April","X1360","Retail sale of food, beverages and tobacco in specialised stores (4721 to 4729)","%","6.8"
"RSM07","Turnover generated by Online Sales","202504","2025 April","X1370","Retail sale of household equipment (4741 to 4743,4752,4754,4759)","%","12.2"
"RSM07","Turnover generated by Online Sales","202504","2025 April","X1380","Retail sale of electrical goods (4741 to 4743,4754)","%","20.3"
"RSM07","Turnover generated by Online Sales","202504","2025 April","X1390","Retail sale of textiles, clothing and footwear (4751,4771,4772)","%","9.4"
"RSM07","Turnover generated by Online Sales","202504","2025 April","X1400","Retail sale of books, newspapers, stationery and other goods (4753,4761 to 4765,4776 to 4778)","%","15"
"RSM07","Turnover generated by Online Sales","202504","2025 April","X1410","Other retail sales (4753,4763 to 4765,4776 to 4778)","%","4.9"
"RSM07","Turnover generated by Online Sales","202504","2025 April","X1411","Online or Mail Order","%","81.5"
"RSM07","Turnover generated by Online Sales","202504","2025 April","X1420","Retail sale of books, newspapers and stationery (4761,4762)","%",""
"RSM07","Turnover generated by Online Sales","202504","2025 April","X1430","Retail sale of pharmaceutical, medical and cosmetic articles (4773 to 4775)","%",""
"RSM07","Turnover generated by Online Sales","202505","2025 May","45","Motor trades (45)","%","1.1"
"RSM07","Turnover generated by Online Sales","202505","2025 May","4711","Retail sale in non-specialised stores with food, beverages or tobacco predominating (4711)","%","2.5"
"RSM07","Turnover generated by Online Sales","202505","2025 May","4719","Department stores (4719)","%","6.3"
"RSM07","Turnover generated by Online Sales","202505","2025 May","4730","Retail sale of automotive fuel (4730)","%",""
"RSM07","Turnover generated by Online Sales","202505","2025 May","4752","Retail sale of hardware, paints and glass (4752)","%",""
"RSM07","Turnover generated by Online Sales","202505","2025 May","4759","Retail sale of furniture and lighting (4759)","%",""
"RSM07","Turnover generated by Online Sales","202505","2025 May","5630","Bars (5630)","%",""
"RSM07","Turnover generated by Online Sales","202505","2025 May","V3970","All retail businesses","%","4.9"
"RSM07","Turnover generated by Online Sales","202505","2025 May","X1320","All retail businesses, excluding motor trades","%","6.5"
"RSM07","Turnover generated by Online Sales","202505","2025 May","X1330","All retail businesses, excluding motor trades, automotive fuel and bars","%","7.2"
"RSM07","Turnover generated by Online Sales","202505","2025 May","X1340","Retail sale of food (4711,4721 to 4729)","%","3.1"
"RSM07","Turnover generated by Online Sales","202505","2025 May","X1350","Retail sale of non food products, excluding motor trades, automotive fuel and bars","%","10.6"
"RSM07","Turnover generated by Online Sales","202505","2025 May","X1360","Retail sale of food, beverages and tobacco in specialised stores (4721 to 4729)","%","7.5"
"RSM07","Turnover generated by Online Sales","202505","2025 May","X1370","Retail sale of household equipment (4741 to 4743,4752,4754,4759)","%","13.9"
"RSM07","Turnover generated by Online Sales","202505","2025 May","X1380","Retail sale of electrical goods (4741 to 4743,4754)","%","18.1"
"RSM07","Turnover generated by Online Sales","202505","2025 May","X1390","Retail sale of textiles, clothing and footwear (4751,4771,4772)","%","10.9"
"RSM07","Turnover generated by Online Sales","202505","2025 May","X1400","Retail sale of books, newspapers, stationery and other goods (4753,4761 to 4765,4776 to 4778)","%","14.3"
"RSM07","Turnover generated by Online Sales","202505","2025 May","X1410","Other retail sales (4753,4763 to 4765,4776 to 4778)","%","4.5"
"RSM07","Turnover generated by Online Sales","202505","2025 May","X1411","Online or Mail Order","%","78.7"
"RSM07","Turnover generated by Online Sales","202505","2025 May","X1420","Retail sale of books, newspapers and stationery (4761,4762)","%",""
"RSM07","Turnover generated by Online Sales","202505","2025 May","X1430","Retail sale of pharmaceutical, medical and cosmetic articles (4773 to 4775)","%",""
"RSM07","Turnover generated by Online Sales","202506","2025 June","45","Motor trades (45)","%","1.6"
"RSM07","Turnover generated by Online Sales","202506","2025 June","4711","Retail sale in non-specialised stores with food, beverages or tobacco predominating (4711)","%","2.4"
"RSM07","Turnover generated by Online Sales","202506","2025 June","4719","Department stores (4719)","%","5.7"
"RSM07","Turnover generated by Online Sales","202506","2025 June","4730","Retail sale of automotive fuel (4730)","%",""
"RSM07","Turnover generated by Online Sales","202506","2025 June","4752","Retail sale of hardware, paints and glass (4752)","%",""
"RSM07","Turnover generated by Online Sales","202506","2025 June","4759","Retail sale of furniture and lighting (4759)","%",""
"RSM07","Turnover generated by Online Sales","202506","2025 June","5630","Bars (5630)","%",""
"RSM07","Turnover generated by Online Sales","202506","2025 June","V3970","All retail businesses","%","5.1"
"RSM07","Turnover generated by Online Sales","202506","2025 June","X1320","All retail businesses, excluding motor trades","%","6.5"
"RSM07","Turnover generated by Online Sales","202506","2025 June","X1330","All retail businesses, excluding motor trades, automotive fuel and bars","%","7.2"
"RSM07","Turnover generated by Online Sales","202506","2025 June","X1340","Retail sale of food (4711,4721 to 4729)","%","2.9"
"RSM07","Turnover generated by Online Sales","202506","2025 June","X1350","Retail sale of non food products, excluding motor trades, automotive fuel and bars","%","10.8"
"RSM07","Turnover generated by Online Sales","202506","2025 June","X1360","Retail sale of food, beverages and tobacco in specialised stores (4721 to 4729)","%","6.7"
"RSM07","Turnover generated by Online Sales","202506","2025 June","X1370","Retail sale of household equipment (4741 to 4743,4752,4754,4759)","%","14.1"
"RSM07","Turnover generated by Online Sales","202506","2025 June","X1380","Retail sale of electrical goods (4741 to 4743,4754)","%","16.4"
"RSM07","Turnover generated by Online Sales","202506","2025 June","X1390","Retail sale of textiles, clothing and footwear (4751,4771,4772)","%","9.8"
"RSM07","Turnover generated by Online Sales","202506","2025 June","X1400","Retail sale of books, newspapers, stationery and other goods (4753,4761 to 4765,4776 to 4778)","%","16"
"RSM07","Turnover generated by Online Sales","202506","2025 June","X1410","Other retail sales (4753,4763 to 4765,4776 to 4778)","%","6"
"RSM07","Turnover generated by Online Sales","202506","2025 June","X1411","Online or Mail Order","%","83.8"
"RSM07","Turnover generated by Online Sales","202506","2025 June","X1420","Retail sale of books, newspapers and stationery (4761,4762)","%",""
"RSM07","Turnover generated by Online Sales","202506","2025 June","X1430","Retail sale of pharmaceutical, medical and cosmetic articles (4773 to 4775)","%",""
"RSM07","Turnover generated by Online Sales","202507","2025 July","45","Motor trades (45)","%","1.3"
"RSM07","Turnover generated by Online Sales","202507","2025 July","4711","Retail sale in non-specialised stores with food, beverages or tobacco predominating (4711)","%","2.5"
"RSM07","Turnover generated by Online Sales","202507","2025 July","4719","Department stores (4719)","%","4.1"
"RSM07","Turnover generated by Online Sales","202507","2025 July","4730","Retail sale of automotive fuel (4730)","%",""
"RSM07","Turnover generated by Online Sales","202507","2025 July","4752","Retail sale of hardware, paints and glass (4752)","%",""
"RSM07","Turnover generated by Online Sales","202507","2025 July","4759","Retail sale of furniture and lighting (4759)","%",""
"RSM07","Turnover generated by Online Sales","202507","2025 July","5630","Bars (5630)","%",""
"RSM07","Turnover generated by Online Sales","202507","2025 July","V3970","All retail businesses","%","5.2"
"RSM07","Turnover generated by Online Sales","202507","2025 July","X1320","All retail businesses, excluding motor trades","%","6.7"
"RSM07","Turnover generated by Online Sales","202507","2025 July","X1330","All retail businesses, excluding motor trades, automotive fuel and bars","%","7.4"
"RSM07","Turnover generated by Online Sales","202507","2025 July","X1340","Retail sale of food (4711,4721 to 4729)","%","2.9"
"RSM07","Turnover generated by Online Sales","202507","2025 July","X1350","Retail sale of non food products, excluding motor trades, automotive fuel and bars","%","11.1"
"RSM07","Turnover generated by Online Sales","202507","2025 July","X1360","Retail sale of food, beverages and tobacco in specialised stores (4721 to 4729)","%","6.7"
"RSM07","Turnover generated by Online Sales","202507","2025 July","X1370","Retail sale of household equipment (4741 to 4743,4752,4754,4759)","%","15"
"RSM07","Turnover generated by Online Sales","202507","2025 July","X1380","Retail sale of electrical goods (4741 to 4743,4754)","%","15.7"
"RSM07","Turnover generated by Online Sales","202507","2025 July","X1390","Retail sale of textiles, clothing and footwear (4751,4771,4772)","%","9.7"
"RSM07","Turnover generated by Online Sales","202507","2025 July","X1400","Retail sale of books, newspapers, stationery and other goods (4753,4761 to 4765,4776 to 4778)","%","16.9"
"RSM07","Turnover generated by Online Sales","202507","2025 July","X1410","Other retail sales (4753,4763 to 4765,4776 to 4778)","%","6.8"
"RSM07","Turnover generated by Online Sales","202507","2025 July","X1411","Online or Mail Order","%","85.6"
"RSM07","Turnover generated by Online Sales","202507","2025 July","X1420","Retail sale of books, newspapers and stationery (4761,4762)","%",""
"RSM07","Turnover generated by Online Sales","202507","2025 July","X1430","Retail sale of pharmaceutical, medical and cosmetic articles (4773 to 4775)","%",""
"RSM07","Turnover generated by Online Sales","202508","2025 August","45","Motor trades (45)","%","1.4"
"RSM07","Turnover generated by Online Sales","202508","2025 August","4711","Retail sale in non-specialised stores with food, beverages or tobacco predominating (4711)","%","2.5"
"RSM07","Turnover generated by Online Sales","202508","2025 August","4719","Department stores (4719)","%","5.1"
"RSM07","Turnover generated by Online Sales","202508","2025 August","4730","Retail sale of automotive fuel (4730)","%",""
"RSM07","Turnover generated by Online Sales","202508","2025 August","4752","Retail sale of hardware, paints and glass (4752)","%",""
"RSM07","Turnover generated by Online Sales","202508","2025 August","4759","Retail sale of furniture and lighting (4759)","%",""
"RSM07","Turnover generated by Online Sales","202508","2025 August","5630","Bars (5630)","%",""
"RSM07","Turnover generated by Online Sales","202508","2025 August","V3970","All retail businesses","%","5"
"RSM07","Turnover generated by Online Sales","202508","2025 August","X1320","All retail businesses, excluding motor trades","%","6.5"
"RSM07","Turnover generated by Online Sales","202508","2025 August","X1330","All retail businesses, excluding motor trades, automotive fuel and bars","%","7.2"
"RSM07","Turnover generated by Online Sales","202508","2025 August","X1340","Retail sale of food (4711,4721 to 4729)","%","2.9"
"RSM07","Turnover generated by Online Sales","202508","2025 August","X1350","Retail sale of non food products, excluding motor trades, automotive fuel and bars","%","10.6"
"RSM07","Turnover generated by Online Sales","202508","2025 August","X1360","Retail sale of food, beverages and tobacco in specialised stores (4721 to 4729)","%","6"
"RSM07","Turnover generated by Online Sales","202508","2025 August","X1370","Retail sale of household equipment (4741 to 4743,4752,4754,4759)","%","13.3"
"RSM07","Turnover generated by Online Sales","202508","2025 August","X1380","Retail sale of electrical goods (4741 to 4743,4754)","%","18.3"
"RSM07","Turnover generated by Online Sales","202508","2025 August","X1390","Retail sale of textiles, clothing and footwear (4751,4771,4772)","%","10.2"
"RSM07","Turnover generated by Online Sales","202508","2025 August","X1400","Retail sale of books, newspapers, stationery and other goods (4753,4761 to 4765,4776 to 4778)","%","15.9"
"RSM07","Turnover generated by Online Sales","202508","2025 August","X1410","Other retail sales (4753,4763 to 4765,4776 to 4778)","%","5.3"
"RSM07","Turnover generated by Online Sales","202508","2025 August","X1411","Online or Mail Order","%","86.6"
"RSM07","Turnover generated by Online Sales","202508","2025 August","X1420","Retail sale of books, newspapers and stationery (4761,4762)","%",""
"RSM07","Turnover generated by Online Sales","202508","2025 August","X1430","Retail sale of pharmaceutical, medical and cosmetic articles (4773 to 4775)","%",""
"RSM07","Turnover generated by Online Sales","202509","2025 September","45","Motor trades (45)","%","1.4"
"RSM07","Turnover generated by Online Sales","202509","2025 September","4711","Retail sale in non-specialised stores with food, beverages or tobacco predominating (4711)","%","2.6"
"RSM07","Turnover generated by Online Sales","202509","2025 September","4719","Department stores (4719)","%","7.3"
"RSM07","Turnover generated by Online Sales","202509","2025 September","4730","Retail sale of automotive fuel (4730)","%",""
"RSM07","Turnover generated by Online Sales","202509","2025 September","4752","Retail sale of hardware, paints and glass (4752)","%",""
"RSM07","Turnover generated by Online Sales","202509","2025 September","4759","Retail sale of furniture and lighting (4759)","%",""
"RSM07","Turnover generated by Online Sales","202509","2025 September","5630","Bars (5630)","%",""
"RSM07","Turnover generated by Online Sales","202509","2025 September","V3970","All retail businesses","%","5.2"
"RSM07","Turnover generated by Online Sales","202509","2025 September","X1320","All retail businesses, excluding motor trades","%","6.8"
"RSM07","Turnover generated by Online Sales","202509","2025 September","X1330","All retail businesses, excluding motor trades, automotive fuel and bars","%","7.5"
"RSM07","Turnover generated by Online Sales","202509","2025 September","X1340","Retail sale of food (4711,4721 to 4729)","%","3.1"
"RSM07","Turnover generated by Online Sales","202509","2025 September","X1350","Retail sale of non food products, excluding motor trades, automotive fuel and bars","%","11.2"
"RSM07","Turnover generated by Online Sales","202509","2025 September","X1360","Retail sale of food, beverages and tobacco in specialised stores (4721 to 4729)","%","6.7"
"RSM07","Turnover generated by Online Sales","202509","2025 September","X1370","Retail sale of household equipment (4741 to 4743,4752,4754,4759)","%","14.9"
"RSM07","Turnover generated by Online Sales","202509","2025 September","X1380","Retail sale of electrical goods (4741 to 4743,4754)","%","18.2"
"RSM07","Turnover generated by Online Sales","202509","2025 September","X1390","Retail sale of textiles, clothing and footwear (4751,4771,4772)","%","10"
"RSM07","Turnover generated by Online Sales","202509","2025 September","X1400","Retail sale of books, newspapers, stationery and other goods (4753,4761 to 4765,4776 to 4778)","%","15.9"
"RSM07","Turnover generated by Online Sales","202509","2025 September","X1410","Other retail sales (4753,4763 to 4765,4776 to 4778)","%","5.3"
"RSM07","Turnover generated by Online Sales","202509","2025 September","X1411","Online or Mail Order","%","86.9"
"RSM07","Turnover generated by Online Sales","202509","2025 September","X1420","Retail sale of books, newspapers and stationery (4761,4762)","%",""
"RSM07","Turnover generated by Online Sales","202509","2025 September","X1430","Retail sale of pharmaceutical, medical and cosmetic articles (4773 to 4775)","%",""
"RSM07","Turnover generated by Online Sales","202510","2025 October","45","Motor trades (45)","%","2.6"
"RSM07","Turnover generated by Online Sales","202510","2025 October","4711","Retail sale in non-specialised stores with food, beverages or tobacco predominating (4711)","%","2.9"
"RSM07","Turnover generated by Online Sales","202510","2025 October","4719","Department stores (4719)","%","8.6"
"RSM07","Turnover generated by Online Sales","202510","2025 October","4730","Retail sale of automotive fuel (4730)","%",""
"RSM07","Turnover generated by Online Sales","202510","2025 October","4752","Retail sale of hardware, paints and glass (4752)","%",""
"RSM07","Turnover generated by Online Sales","202510","2025 October","4759","Retail sale of furniture and lighting (4759)","%",""
"RSM07","Turnover generated by Online Sales","202510","2025 October","5630","Bars (5630)","%",""
"RSM07","Turnover generated by Online Sales","202510","2025 October","V3970","All retail businesses","%","5.7"
"RSM07","Turnover generated by Online Sales","202510","2025 October","X1320","All retail businesses, excluding motor trades","%","7"
"RSM07","Turnover generated by Online Sales","202510","2025 October","X1330","All retail businesses, excluding motor trades, automotive fuel and bars","%","7.8"
"RSM07","Turnover generated by Online Sales","202510","2025 October","X1340","Retail sale of food (4711,4721 to 4729)","%","3.5"
"RSM07","Turnover generated by Online Sales","202510","2025 October","X1350","Retail sale of non food products, excluding motor trades, automotive fuel and bars","%","11.3"
"RSM07","Turnover generated by Online Sales","202510","2025 October","X1360","Retail sale of food, beverages and tobacco in specialised stores (4721 to 4729)","%","7.6"
"RSM07","Turnover generated by Online Sales","202510","2025 October","X1370","Retail sale of household equipment (4741 to 4743,4752,4754,4759)","%","13.1"
"RSM07","Turnover generated by Online Sales","202510","2025 October","X1380","Retail sale of electrical goods (4741 to 4743,4754)","%","14.3"
"RSM07","Turnover generated by Online Sales","202510","2025 October","X1390","Retail sale of textiles, clothing and footwear (4751,4771,4772)","%","10.2"
"RSM07","Turnover generated by Online Sales","202510","2025 October","X1400","Retail sale of books, newspapers, stationery and other goods (4753,4761 to 4765,4776 to 4778)","%","16.9"
"RSM07","Turnover generated by Online Sales","202510","2025 October","X1410","Other retail sales (4753,4763 to 4765,4776 to 4778)","%","6.6"
"RSM07","Turnover generated by Online Sales","202510","2025 October","X1411","Online or Mail Order","%","86"
"RSM07","Turnover generated by Online Sales","202510","2025 October","X1420","Retail sale of books, newspapers and stationery (4761,4762)","%",""
"RSM07","Turnover generated by Online Sales","202510","2025 October","X1430","Retail sale of pharmaceutical, medical and cosmetic articles (4773 to 4775)","%",""
"RSM07","Turnover generated by Online Sales","202511","2025 November","45","Motor trades (45)","%","1.6"
"RSM07","Turnover generated by Online Sales","202511","2025 November","4711","Retail sale in non-specialised stores with food, beverages or tobacco predominating (4711)","%","3"
"RSM07","Turnover generated by Online Sales","202511","2025 November","4719","Department stores (4719)","%","11.8"
"RSM07","Turnover generated by Online Sales","202511","2025 November","4730","Retail sale of automotive fuel (4730)","%",""
"RSM07","Turnover generated by Online Sales","202511","2025 November","4752","Retail sale of hardware, paints and glass (4752)","%",""
"RSM07","Turnover generated by Online Sales","202511","2025 November","4759","Retail sale of furniture and lighting (4759)","%",""
"RSM07","Turnover generated by Online Sales","202511","2025 November","5630","Bars (5630)","%",""
"RSM07","Turnover generated by Online Sales","202511","2025 November","V3970","All retail businesses","%","7"
"RSM07","Turnover generated by Online Sales","202511","2025 November","X1320","All retail businesses, excluding motor trades","%","9.2"
"RSM07","Turnover generated by Online Sales","202511","2025 November","X1330","All retail businesses, excluding motor trades, automotive fuel and bars","%","10.1"
"RSM07","Turnover generated by Online Sales","202511","2025 November","X1340","Retail sale of food (4711,4721 to 4729)","%","3.8"
"RSM07","Turnover generated by Online Sales","202511","2025 November","X1350","Retail sale of non food products, excluding motor trades, automotive fuel and bars","%","15.2"
"RSM07","Turnover generated by Online Sales","202511","2025 November","X1360","Retail sale of food, beverages and tobacco in specialised stores (4721 to 4729)","%","10.2"
"RSM07","Turnover generated by Online Sales","202511","2025 November","X1370","Retail sale of household equipment (4741 to 4743,4752,4754,4759)","%","17.7"
"RSM07","Turnover generated by Online Sales","202511","2025 November","X1380","Retail sale of electrical goods (4741 to 4743,4754)","%","22.8"
"RSM07","Turnover generated by Online Sales","202511","2025 November","X1390","Retail sale of textiles, clothing and footwear (4751,4771,4772)","%","16"
"RSM07","Turnover generated by Online Sales","202511","2025 November","X1400","Retail sale of books, newspapers, stationery and other goods (4753,4761 to 4765,4776 to 4778)","%","19.3"
"RSM07","Turnover generated by Online Sales","202511","2025 November","X1410","Other retail sales (4753,4763 to 4765,4776 to 4778)","%","8.7"
"RSM07","Turnover generated by Online Sales","202511","2025 November","X1411","Online or Mail Order","%","88.5"
"RSM07","Turnover generated by Online Sales","202511","2025 November","X1420","Retail sale of books, newspapers and stationery (4761,4762)","%",""
"RSM07","Turnover generated by Online Sales","202511","2025 November","X1430","Retail sale of pharmaceutical, medical and cosmetic articles (4773 to 4775)","%",""
"RSM07","Turnover generated by Online Sales","202512","2025 December","45","Motor trades (45)","%","1.4"
"RSM07","Turnover generated by Online Sales","202512","2025 December","4711","Retail sale in non-specialised stores with food, beverages or tobacco predominating (4711)","%","2.9"
"RSM07","Turnover generated by Online Sales","202512","2025 December","4719","Department stores (4719)","%","10.3"
"RSM07","Turnover generated by Online Sales","202512","2025 December","4730","Retail sale of automotive fuel (4730)","%",""
"RSM07","Turnover generated by Online Sales","202512","2025 December","4752","Retail sale of hardware, paints and glass (4752)","%",""
"RSM07","Turnover generated by Online Sales","202512","2025 December","4759","Retail sale of furniture and lighting (4759)","%",""
"RSM07","Turnover generated by Online Sales","202512","2025 December","5630","Bars (5630)","%",""
"RSM07","Turnover generated by Online Sales","202512","2025 December","V3970","All retail businesses","%","6.4"
"RSM07","Turnover generated by Online Sales","202512","2025 December","X1320","All retail businesses, excluding motor trades","%","8.5"
"RSM07","Turnover generated by Online Sales","202512","2025 December","X1330","All retail businesses, excluding motor trades, automotive fuel and bars","%","9.4"
"RSM07","Turnover generated by Online Sales","202512","2025 December","X1340","Retail sale of food (4711,4721 to 4729)","%","3.5"
"RSM07","Turnover generated by Online Sales","202512","2025 December","X1350","Retail sale of non food products, excluding motor trades, automotive fuel and bars","%","14.1"
"RSM07","Turnover generated by Online Sales","202512","2025 December","X1360","Retail sale of food, beverages and tobacco in specialised stores (4721 to 4729)","%","9.1"
"RSM07","Turnover generated by Online Sales","202512","2025 December","X1370","Retail sale of household equipment (4741 to 4743,4752,4754,4759)","%","17.4"
"RSM07","Turnover generated by Online Sales","202512","2025 December","X1380","Retail sale of electrical goods (4741 to 4743,4754)","%","20.6"
"RSM07","Turnover generated by Online Sales","202512","2025 December","X1390","Retail sale of textiles, clothing and footwear (4751,4771,4772)","%","12.8"
"RSM07","Turnover generated by Online Sales","202512","2025 December","X1400","Retail sale of books, newspapers, stationery and other goods (4753,4761 to 4765,4776 to 4778)","%","20.1"
"RSM07","Turnover generated by Online Sales","202512","2025 December","X1410","Other retail sales (4753,4763 to 4765,4776 to 4778)","%","9.9"
"RSM07","Turnover generated by Online Sales","202512","2025 December","X1411","Online or Mail Order","%","90.6"
"RSM07","Turnover generated by Online Sales","202512","2025 December","X1420","Retail sale of books, newspapers and stationery (4761,4762)","%",""
"RSM07","Turnover generated by Online Sales","202512","2025 December","X1430","Retail sale of pharmaceutical, medical and cosmetic articles (4773 to 4775)","%",""
"RSM07","Turnover generated by Online Sales","202601","2026 January","45","Motor trades (45)","%","1.5"
"RSM07","Turnover generated by Online Sales","202601","2026 January","4711","Retail sale in non-specialised stores with food, beverages or tobacco predominating (4711)","%","3.1"
"RSM07","Turnover generated by Online Sales","202601","2026 January","4719","Department stores (4719)","%","9.6"
"RSM07","Turnover generated by Online Sales","202601","2026 January","4730","Retail sale of automotive fuel (4730)","%",""
"RSM07","Turnover generated by Online Sales","202601","2026 January","4752","Retail sale of hardware, paints and glass (4752)","%",""
"RSM07","Turnover generated by Online Sales","202601","2026 January","4759","Retail sale of furniture and lighting (4759)","%",""
"RSM07","Turnover generated by Online Sales","202601","2026 January","5630","Bars (5630)","%",""
"RSM07","Turnover generated by Online Sales","202601","2026 January","V3970","All retail businesses","%","6.1"
"RSM07","Turnover generated by Online Sales","202601","2026 January","X1320","All retail businesses, excluding motor trades","%","8"
"RSM07","Turnover generated by Online Sales","202601","2026 January","X1330","All retail businesses, excluding motor trades, automotive fuel and bars","%","8.8"
"RSM07","Turnover generated by Online Sales","202601","2026 January","X1340","Retail sale of food (4711,4721 to 4729)","%","3.9"
"RSM07","Turnover generated by Online Sales","202601","2026 January","X1350","Retail sale of non food products, excluding motor trades, automotive fuel and bars","%","12.8"
"RSM07","Turnover generated by Online Sales","202601","2026 January","X1360","Retail sale of food, beverages and tobacco in specialised stores (4721 to 4729)","%","10.7"
"RSM07","Turnover generated by Online Sales","202601","2026 January","X1370","Retail sale of household equipment (4741 to 4743,4752,4754,4759)","%","17.1"
"RSM07","Turnover generated by Online Sales","202601","2026 January","X1380","Retail sale of electrical goods (4741 to 4743,4754)","%","20.3"
"RSM07","Turnover generated by Online Sales","202601","2026 January","X1390","Retail sale of textiles, clothing and footwear (4751,4771,4772)","%","11.6"
"RSM07","Turnover generated by Online Sales","202601","2026 January","X1400","Retail sale of books, newspapers, stationery and other goods (4753,4761 to 4765,4776 to 4778)","%","17.3"
"RSM07","Turnover generated by Online Sales","202601","2026 January","X1410","Other retail sales (4753,4763 to 4765,4776 to 4778)","%","7.4"
"RSM07","Turnover generated by Online Sales","202601","2026 January","X1411","Online or Mail Order","%","85"
"RSM07","Turnover generated by Online Sales","202601","2026 January","X1420","Retail sale of books, newspapers and stationery (4761,4762)","%",""
"RSM07","Turnover generated by Online Sales","202601","2026 January","X1430","Retail sale of pharmaceutical, medical and cosmetic articles (4773 to 4775)","%",""
"RSM07","Turnover generated by Online Sales","202602","2026 February","45","Motor trades (45)","%","1.3"
"RSM07","Turnover generated by Online Sales","202602","2026 February","4711","Retail sale in non-specialised stores with food, beverages or tobacco predominating (4711)","%","2.7"
"RSM07","Turnover generated by Online Sales","202602","2026 February","4719","Department stores (4719)","%","7.8"
"RSM07","Turnover generated by Online Sales","202602","2026 February","4730","Retail sale of automotive fuel (4730)","%",""
"RSM07","Turnover generated by Online Sales","202602","2026 February","4752","Retail sale of hardware, paints and glass (4752)","%",""
"RSM07","Turnover generated by Online Sales","202602","2026 February","4759","Retail sale of furniture and lighting (4759)","%",""
"RSM07","Turnover generated by Online Sales","202602","2026 February","5630","Bars (5630)","%",""
"RSM07","Turnover generated by Online Sales","202602","2026 February","V3970","All retail businesses","%","5.5"
"RSM07","Turnover generated by Online Sales","202602","2026 February","X1320","All retail businesses, excluding motor trades","%","7.2"
"RSM07","Turnover generated by Online Sales","202602","2026 February","X1330","All retail businesses, excluding motor trades, automotive fuel and bars","%","7.9"
"RSM07","Turnover generated by Online Sales","202602","2026 February","X1340","Retail sale of food (4711,4721 to 4729)","%","3.1"
"RSM07","Turnover generated by Online Sales","202602","2026 February","X1350","Retail sale of non food products, excluding motor trades, automotive fuel and bars","%","11.8"
"RSM07","Turnover generated by Online Sales","202602","2026 February","X1360","Retail sale of food, beverages and tobacco in specialised stores (4721 to 4729)","%","6"
"RSM07","Turnover generated by Online Sales","202602","2026 February","X1370","Retail sale of household equipment (4741 to 4743,4752,4754,4759)","%","14.7"
"RSM07","Turnover generated by Online Sales","202602","2026 February","X1380","Retail sale of electrical goods (4741 to 4743,4754)","%","16.6"
"RSM07","Turnover generated by Online Sales","202602","2026 February","X1390","Retail sale of textiles, clothing and footwear (4751,4771,4772)","%","10.8"
"RSM07","Turnover generated by Online Sales","202602","2026 February","X1400","Retail sale of books, newspapers, stationery and other goods (4753,4761 to 4765,4776 to 4778)","%","16.5"
"RSM07","Turnover generated by Online Sales","202602","2026 February","X1410","Other retail sales (4753,4763 to 4765,4776 to 4778)","%","6.4"
"RSM07","Turnover generated by Online Sales","202602","2026 February","X1411","Online or Mail Order","%","85"
"RSM07","Turnover generated by Online Sales","202602","2026 February","X1420","Retail sale of books, newspapers and stationery (4761,4762)","%",""
"RSM07","Turnover generated by Online Sales","202602","2026 February","X1430","Retail sale of pharmaceutical, medical and cosmetic articles (4773 to 4775)","%",""
"RSM07","Turnover generated by Online Sales","202603","2026 March","45","Motor trades (45)","%","1.9"
"RSM07","Turnover generated by Online Sales","202603","2026 March","4711","Retail sale in non-specialised stores with food, beverages or tobacco predominating (4711)","%","2.7"
"RSM07","Turnover generated by Online Sales","202603","2026 March","4719","Department stores (4719)","%","8"
"RSM07","Turnover generated by Online Sales","202603","2026 March","4730","Retail sale of automotive fuel (4730)","%",""
"RSM07","Turnover generated by Online Sales","202603","2026 March","4752","Retail sale of hardware, paints and glass (4752)","%",""
"RSM07","Turnover generated by Online Sales","202603","2026 March","4759","Retail sale of furniture and lighting (4759)","%",""
"RSM07","Turnover generated by Online Sales","202603","2026 March","5630","Bars (5630)","%",""
"RSM07","Turnover generated by Online Sales","202603","2026 March","V3970","All retail businesses","%","5.6"
"RSM07","Turnover generated by Online Sales","202603","2026 March","X1320","All retail businesses, excluding motor trades","%","7.1"
"RSM07","Turnover generated by Online Sales","202603","2026 March","X1330","All retail businesses, excluding motor trades, automotive fuel and bars","%","7.8"
"RSM07","Turnover generated by Online Sales","202603","2026 March","X1340","Retail sale of food (4711,4721 to 4729)","%","3.1"
"RSM07","Turnover generated by Online Sales","202603","2026 March","X1350","Retail sale of non food products, excluding motor trades, automotive fuel and bars","%","11.6"
"RSM07","Turnover generated by Online Sales","202603","2026 March","X1360","Retail sale of food, beverages and tobacco in specialised stores (4721 to 4729)","%","6.6"
"RSM07","Turnover generated by Online Sales","202603","2026 March","X1370","Retail sale of household equipment (4741 to 4743,4752,4754,4759)","%","13.9"
"RSM07","Turnover generated by Online Sales","202603","2026 March","X1380","Retail sale of electrical goods (4741 to 4743,4754)","%","14.2"
"RSM07","Turnover generated by Online Sales","202603","2026 March","X1390","Retail sale of textiles, clothing and footwear (4751,4771,4772)","%","12"
"RSM07","Turnover generated by Online Sales","202603","2026 March","X1400","Retail sale of books, newspapers, stationery and other goods (4753,4761 to 4765,4776 to 4778)","%","15.5"
"RSM07","Turnover generated by Online Sales","202603","2026 March","X1410","Other retail sales (4753,4763 to 4765,4776 to 4778)","%","5.4"
"RSM07","Turnover generated by Online Sales","202603","2026 March","X1411","Online or Mail Order","%","84.5"
"RSM07","Turnover generated by Online Sales","202603","2026 March","X1420","Retail sale of books, newspapers and stationery (4761,4762)","%",""
"RSM07","Turnover generated by Online Sales","202603","2026 March","X1430","Retail sale of pharmaceutical, medical and cosmetic articles (4773 to 4775)","%",""
"RSM07","Turnover generated by Online Sales","202604","2026 April","45","Motor trades (45)","%","1.5"
"RSM07","Turnover generated by Online Sales","202604","2026 April","4711","Retail sale in non-specialised stores with food, beverages or tobacco predominating (4711)","%","2.6"
"RSM07","Turnover generated by Online Sales","202604","2026 April","4719","Department stores (4719)","%","9.6"
"RSM07","Turnover generated by Online Sales","202604","2026 April","4730","Retail sale of automotive fuel (4730)","%",""
"RSM07","Turnover generated by Online Sales","202604","2026 April","4752","Retail sale of hardware, paints and glass (4752)","%",""
"RSM07","Turnover generated by Online Sales","202604","2026 April","4759","Retail sale of furniture and lighting (4759)","%",""
"RSM07","Turnover generated by Online Sales","202604","2026 April","5630","Bars (5630)","%",""
"RSM07","Turnover generated by Online Sales","202604","2026 April","V3970","All retail businesses","%","5.5"
"RSM07","Turnover generated by Online Sales","202604","2026 April","X1320","All retail businesses, excluding motor trades","%","7.2"
"RSM07","Turnover generated by Online Sales","202604","2026 April","X1330","All retail businesses, excluding motor trades, automotive fuel and bars","%","7.9"
"RSM07","Turnover generated by Online Sales","202604","2026 April","X1340","Retail sale of food (4711,4721 to 4729)","%","3.3"
"RSM07","Turnover generated by Online Sales","202604","2026 April","X1350","Retail sale of non food products, excluding motor trades, automotive fuel and bars","%","11.6"
"RSM07","Turnover generated by Online Sales","202604","2026 April","X1360","Retail sale of food, beverages and tobacco in specialised stores (4721 to 4729)","%","8.6"
"RSM07","Turnover generated by Online Sales","202604","2026 April","X1370","Retail sale of household equipment (4741 to 4743,4752,4754,4759)","%","14.4"
"RSM07","Turnover generated by Online Sales","202604","2026 April","X1380","Retail sale of electrical goods (4741 to 4743,4754)","%","14.5"
"RSM07","Turnover generated by Online Sales","202604","2026 April","X1390","Retail sale of textiles, clothing and footwear (4751,4771,4772)","%","10.4"
"RSM07","Turnover generated by Online Sales","202604","2026 April","X1400","Retail sale of books, newspapers, stationery and other goods (4753,4761 to 4765,4776 to 4778)","%","16.3"
"RSM07","Turnover generated by Online Sales","202604","2026 April","X1410","Other retail sales (4753,4763 to 4765,4776 to 4778)","%","6.5"
"RSM07","Turnover generated by Online Sales","202604","2026 April","X1411","Online or Mail Order","%","84.2"
"RSM07","Turnover generated by Online Sales","202604","2026 April","X1420","Retail sale of books, newspapers and stationery (4761,4762)","%",""
"RSM07","Turnover generated by Online Sales","202604","2026 April","X1430","Retail sale of pharmaceutical, medical and cosmetic articles (4773 to 4775)","%",""
"RSM07","Turnover generated by Online Sales","202605","2026 May","45","Motor trades (45)","%","1.3"
"RSM07","Turnover generated by Online Sales","202605","2026 May","4711","Retail sale in non-specialised stores with food, beverages or tobacco predominating (4711)","%","2.6"
"RSM07","Turnover generated by Online Sales","202605","2026 May","4719","Department stores (4719)","%","4.8"
"RSM07","Turnover generated by Online Sales","202605","2026 May","4730","Retail sale of automotive fuel (4730)","%",""
"RSM07","Turnover generated by Online Sales","202605","2026 May","4752","Retail sale of hardware, paints and glass (4752)","%",""
"RSM07","Turnover generated by Online Sales","202605","2026 May","4759","Retail sale of furniture and lighting (4759)","%",""
"RSM07","Turnover generated by Online Sales","202605","2026 May","5630","Bars (5630)","%",""
"RSM07","Turnover generated by Online Sales","202605","2026 May","V3970","All retail businesses","%","5.3"
"RSM07","Turnover generated by Online Sales","202605","2026 May","X1320","All retail businesses, excluding motor trades","%","7"
"RSM07","Turnover generated by Online Sales","202605","2026 May","X1330","All retail businesses, excluding motor trades, automotive fuel and bars","%","7.6"
"RSM07","Turnover generated by Online Sales","202605","2026 May","X1340","Retail sale of food (4711,4721 to 4729)","%","3.3"
"RSM07","Turnover generated by Online Sales","202605","2026 May","X1350","Retail sale of non food products, excluding motor trades, automotive fuel and bars","%","11"
"RSM07","Turnover generated by Online Sales","202605","2026 May","X1360","Retail sale of food, beverages and tobacco in specialised stores (4721 to 4729)","%","8.7"
"RSM07","Turnover generated by Online Sales","202605","2026 May","X1370","Retail sale of household equipment (4741 to 4743,4752,4754,4759)","%","13.4"
"RSM07","Turnover generated by Online Sales","202605","2026 May","X1380","Retail sale of electrical goods (4741 to 4743,4754)","%","14.7"
"RSM07","Turnover generated by Online Sales","202605","2026 May","X1390","Retail sale of textiles, clothing and footwear (4751,4771,4772)","%","9.3"
"RSM07","Turnover generated by Online Sales","202605","2026 May","X1400","Retail sale of books, newspapers, stationery and other goods (4753,4761 to 4765,4776 to 4778)","%","16.6"
"RSM07","Turnover generated by Online Sales","202605","2026 May","X1410","Other retail sales (4753,4763 to 4765,4776 to 4778)","%","6"
"RSM07","Turnover generated by Online Sales","202605","2026 May","X1411","Online or Mail Order","%","87.4"
"RSM07","Turnover generated by Online Sales","202605","2026 May","X1420","Retail sale of books, newspapers and stationery (4761,4762)","%",""
"RSM07","Turnover generated by Online Sales","202605","2026 May","X1430","Retail sale of pharmaceutical, medical and cosmetic articles (4773 to 4775)","%",""
"RSM07","Turnover generated by Online Sales","202606","2026 June","45","Motor trades (45)","%","0.9"
"RSM07","Turnover generated by Online Sales","202606","2026 June","4711","Retail sale in non-specialised stores with food, beverages or tobacco predominating (4711)","%","2.5"
"RSM07","Turnover generated by Online Sales","202606","2026 June","4719","Department stores (4719)","%","5.9"
"RSM07","Turnover generated by Online Sales","202606","2026 June","4730","Retail sale of automotive fuel (4730)","%",""
"RSM07","Turnover generated by Online Sales","202606","2026 June","4752","Retail sale of hardware, paints and glass (4752)","%",""
"RSM07","Turnover generated by Online Sales","202606","2026 June","4759","Retail sale of furniture and lighting (4759)","%",""
"RSM07","Turnover generated by Online Sales","202606","2026 June","5630","Bars (5630)","%",""
"RSM07","Turnover generated by Online Sales","202606","2026 June","V3970","All retail businesses","%","5.3"
"RSM07","Turnover generated by Online Sales","202606","2026 June","X1320","All retail businesses, excluding motor trades","%","7.1"
"RSM07","Turnover generated by Online Sales","202606","2026 June","X1330","All retail businesses, excluding motor trades, automotive fuel and bars","%","7.7"
"RSM07","Turnover generated by Online Sales","202606","2026 June","X1340","Retail sale of food (4711,4721 to 4729)","%","2.9"
"RSM07","Turnover generated by Online Sales","202606","2026 June","X1350","Retail sale of non food products, excluding motor trades, automotive fuel and bars","%","11.6"
"RSM07","Turnover generated by Online Sales","202606","2026 June","X1360","Retail sale of food, beverages and tobacco in specialised stores (4721 to 4729)","%","6"
"RSM07","Turnover generated by Online Sales","202606","2026 June","X1370","Retail sale of household equipment (4741 to 4743,4752,4754,4759)","%","14.5"
"RSM07","Turnover generated by Online Sales","202606","2026 June","X1380","Retail sale of electrical goods (4741 to 4743,4754)","%","15.5"
"RSM07","Turnover generated by Online Sales","202606","2026 June","X1390","Retail sale of textiles, clothing and footwear (4751,4771,4772)","%","10.9"
"RSM07","Turnover generated by Online Sales","202606","2026 June","X1400","Retail sale of books, newspapers, stationery and other goods (4753,4761 to 4765,4776 to 4778)","%","16.5"
"RSM07","Turnover generated by Online Sales","202606","2026 June","X1410","Other retail sales (4753,4763 to 4765,4776 to 4778)","%","6.2"
"RSM07","Turnover generated by Online Sales","202606","2026 June","X1411","Online or Mail Order","%","86"
"RSM07","Turnover generated by Online Sales","202606","2026 June","X1420","Retail sale of books, newspapers and stationery (4761,4762)","%",""
"RSM07","Turnover generated by Online Sales","202606","2026 June","X1430","Retail sale of pharmaceutical, medical and cosmetic articles (4773 to 4775)","%",""
