year_month1,month_label,month_start,year,quarter,month_num,sector_code,sector,is_aggregate,value_index_adj,volume_index_adj,value_mom_pct,value_yoy_pct,volume_mom_pct,volume_yoy_pct,online_sales_pct
202101,"2021 January",2021-01-01,2021,Q1,1,V3970,"All retail businesses",1,77.60,80.00,NULL,NULL,NULL,NULL,11.00
202101,"2021 January",2021-01-01,2021,Q1,1,4730,"Automotive fuel",0,69.90,77.70,NULL,NULL,NULL,NULL,NULL
202101,"2021 January",2021-01-01,2021,Q1,1,5630,Bars,0,42.10,39.70,NULL,NULL,NULL,NULL,NULL
202101,"2021 January",2021-01-01,2021,Q1,1,X1420,"Books, newspapers & stationery",1,60.30,58.30,NULL,NULL,NULL,NULL,NULL
202101,"2021 January",2021-01-01,2021,Q1,1,X1400,"Books, stationery & other goods",1,69.80,65.20,NULL,NULL,NULL,NULL,24.80
202101,"2021 January",2021-01-01,2021,Q1,1,4719,"Department stores",0,68.00,65.10,NULL,NULL,NULL,NULL,26.90
202101,"2021 January",2021-01-01,2021,Q1,1,X1380,"Electrical goods",1,105.20,98.20,NULL,NULL,NULL,NULL,25.60
202101,"2021 January",2021-01-01,2021,Q1,1,X1340,"Food retail",1,105.60,105.30,NULL,NULL,NULL,NULL,3.50
202101,"2021 January",2021-01-01,2021,Q1,1,4711,"Food-dominant stores",0,102.80,102.30,NULL,NULL,NULL,NULL,3.20
202101,"2021 January",2021-01-01,2021,Q1,1,4759,"Furniture & lighting",0,56.20,62.00,NULL,NULL,NULL,NULL,NULL
202101,"2021 January",2021-01-01,2021,Q1,1,4752,"Hardware, paints & glass",0,86.30,89.80,NULL,NULL,NULL,NULL,NULL
202101,"2021 January",2021-01-01,2021,Q1,1,X1370,"Household equipment",1,82.70,83.30,NULL,NULL,NULL,NULL,15.30
202101,"2021 January",2021-01-01,2021,Q1,1,45,"Motor trades",0,72.80,83.50,NULL,NULL,NULL,NULL,3.30
202101,"2021 January",2021-01-01,2021,Q1,1,V3980,"Motor trades & automotive fuel",1,73.30,82.40,NULL,NULL,NULL,NULL,NULL
202101,"2021 January",2021-01-01,2021,Q1,1,X1350,"Non-food retail",1,70.20,68.40,NULL,NULL,NULL,NULL,26.30
202101,"2021 January",2021-01-01,2021,Q1,1,X1410,"Other retail sales",1,68.10,65.10,NULL,NULL,NULL,NULL,14.70
202101,"2021 January",2021-01-01,2021,Q1,1,X1430,"Pharma, medical & cosmetics",1,85.40,82.10,NULL,NULL,NULL,NULL,NULL
202101,"2021 January",2021-01-01,2021,Q1,1,X1320,"Retail excl. motor trades",1,82.50,81.80,NULL,NULL,NULL,NULL,14.20
202101,"2021 January",2021-01-01,2021,Q1,1,X1310,"Retail excl. motor trades & bars",1,82.90,82.10,NULL,NULL,NULL,NULL,NULL
202101,"2021 January",2021-01-01,2021,Q1,1,X1330,"Retail excl. motor, fuel & bars",1,84.10,82.10,NULL,NULL,NULL,NULL,16.10
202101,"2021 January",2021-01-01,2021,Q1,1,X1360,"Specialised food & beverages",1,109.00,111.00,NULL,NULL,NULL,NULL,5.40
202101,"2021 January",2021-01-01,2021,Q1,1,X1390,"Textiles, clothing & footwear",1,27.50,26.00,NULL,NULL,NULL,NULL,62.70
202102,"2021 February",2021-02-01,2021,Q1,2,V3970,"All retail businesses",1,88.20,89.80,13.60,NULL,12.30,NULL,11.80
202102,"2021 February",2021-02-01,2021,Q1,2,4730,"Automotive fuel",0,76.20,81.50,8.90,NULL,4.90,NULL,NULL
202102,"2021 February",2021-02-01,2021,Q1,2,5630,Bars,0,27.40,25.80,-35.00,NULL,-34.90,NULL,NULL
202102,"2021 February",2021-02-01,2021,Q1,2,X1420,"Books, newspapers & stationery",1,67.20,65.20,11.50,NULL,11.80,NULL,NULL
202102,"2021 February",2021-02-01,2021,Q1,2,X1400,"Books, stationery & other goods",1,82.80,76.20,18.60,NULL,17.00,NULL,26.50
202102,"2021 February",2021-02-01,2021,Q1,2,4719,"Department stores",0,84.80,83.00,24.70,NULL,27.50,NULL,35.80
202102,"2021 February",2021-02-01,2021,Q1,2,X1380,"Electrical goods",1,120.10,117.90,14.10,NULL,20.10,NULL,21.50
202102,"2021 February",2021-02-01,2021,Q1,2,X1340,"Food retail",1,103.40,100.70,-2.10,NULL,-4.30,NULL,3.30
202102,"2021 February",2021-02-01,2021,Q1,2,4711,"Food-dominant stores",0,103.40,101.30,0.60,NULL,-1.00,NULL,2.90
202102,"2021 February",2021-02-01,2021,Q1,2,4759,"Furniture & lighting",0,61.50,75.60,9.40,NULL,22.10,NULL,NULL
202102,"2021 February",2021-02-01,2021,Q1,2,4752,"Hardware, paints & glass",0,101.00,101.20,17.10,NULL,12.70,NULL,NULL
202102,"2021 February",2021-02-01,2021,Q1,2,X1370,"Household equipment",1,92.60,102.90,12.00,NULL,23.50,NULL,17.70
202102,"2021 February",2021-02-01,2021,Q1,2,45,"Motor trades",0,96.60,102.40,32.70,NULL,22.50,NULL,2.90
202102,"2021 February",2021-02-01,2021,Q1,2,V3980,"Motor trades & automotive fuel",1,95.50,99.70,30.30,NULL,21.00,NULL,NULL
202102,"2021 February",2021-02-01,2021,Q1,2,X1350,"Non-food retail",1,79.50,79.90,13.30,NULL,16.80,NULL,29.20
202102,"2021 February",2021-02-01,2021,Q1,2,X1410,"Other retail sales",1,83.00,75.80,21.80,NULL,16.40,NULL,17.00
202102,"2021 February",2021-02-01,2021,Q1,2,X1430,"Pharma, medical & cosmetics",1,93.30,90.30,9.20,NULL,9.90,NULL,NULL
202102,"2021 February",2021-02-01,2021,Q1,2,X1320,"Retail excl. motor trades",1,83.60,83.50,1.30,NULL,2.00,NULL,15.40
202102,"2021 February",2021-02-01,2021,Q1,2,X1310,"Retail excl. motor trades & bars",1,87.50,88.10,5.60,NULL,7.40,NULL,NULL
202102,"2021 February",2021-02-01,2021,Q1,2,X1330,"Retail excl. motor, fuel & bars",1,88.10,88.40,4.70,NULL,7.70,NULL,17.60
202102,"2021 February",2021-02-01,2021,Q1,2,X1360,"Specialised food & beverages",1,97.80,99.20,-10.30,NULL,-10.70,NULL,6.50
202102,"2021 February",2021-02-01,2021,Q1,2,X1390,"Textiles, clothing & footwear",1,27.30,27.60,-0.80,NULL,5.90,NULL,65.90
202103,"2021 March",2021-03-01,2021,Q1,3,V3970,"All retail businesses",1,88.60,90.10,0.60,NULL,0.30,NULL,11.10
202103,"2021 March",2021-03-01,2021,Q1,3,4730,"Automotive fuel",0,86.80,90.50,13.90,NULL,11.10,NULL,NULL
202103,"2021 March",2021-03-01,2021,Q1,3,5630,Bars,0,26.90,26.30,-1.50,NULL,1.90,NULL,NULL
202103,"2021 March",2021-03-01,2021,Q1,3,X1420,"Books, newspapers & stationery",1,69.30,75.70,3.10,NULL,16.20,NULL,NULL
202103,"2021 March",2021-03-01,2021,Q1,3,X1400,"Books, stationery & other goods",1,80.90,81.50,-2.20,NULL,6.90,NULL,22.50
202103,"2021 March",2021-03-01,2021,Q1,3,4719,"Department stores",0,81.10,77.30,-4.30,NULL,-6.90,NULL,28.50
202103,"2021 March",2021-03-01,2021,Q1,3,X1380,"Electrical goods",1,111.70,110.90,-7.00,NULL,-5.90,NULL,21.40
202103,"2021 March",2021-03-01,2021,Q1,3,X1340,"Food retail",1,102.20,103.10,-1.20,NULL,2.40,NULL,2.80
202103,"2021 March",2021-03-01,2021,Q1,3,4711,"Food-dominant stores",0,101.90,102.40,-1.40,NULL,1.10,NULL,2.90
202103,"2021 March",2021-03-01,2021,Q1,3,4759,"Furniture & lighting",0,85.20,82.40,38.50,NULL,9.00,NULL,NULL
202103,"2021 March",2021-03-01,2021,Q1,3,4752,"Hardware, paints & glass",0,119.80,125.70,18.70,NULL,24.20,NULL,NULL
202103,"2021 March",2021-03-01,2021,Q1,3,X1370,"Household equipment",1,111.00,109.40,19.80,NULL,6.30,NULL,16.80
202103,"2021 March",2021-03-01,2021,Q1,3,45,"Motor trades",0,97.40,99.50,0.90,NULL,-2.80,NULL,3.40
202103,"2021 March",2021-03-01,2021,Q1,3,V3980,"Motor trades & automotive fuel",1,96.90,98.10,1.50,NULL,-1.60,NULL,NULL
202103,"2021 March",2021-03-01,2021,Q1,3,X1350,"Non-food retail",1,80.90,80.70,1.70,NULL,1.10,NULL,26.90
202103,"2021 March",2021-03-01,2021,Q1,3,X1410,"Other retail sales",1,87.00,80.50,4.80,NULL,6.20,NULL,11.80
202103,"2021 March",2021-03-01,2021,Q1,3,X1430,"Pharma, medical & cosmetics",1,92.40,88.80,-1.00,NULL,-1.70,NULL,NULL
202103,"2021 March",2021-03-01,2021,Q1,3,X1320,"Retail excl. motor trades",1,85.30,84.90,2.00,NULL,1.70,NULL,14.20
202103,"2021 March",2021-03-01,2021,Q1,3,X1310,"Retail excl. motor trades & bars",1,89.40,89.50,2.10,NULL,1.50,NULL,NULL
202103,"2021 March",2021-03-01,2021,Q1,3,X1330,"Retail excl. motor, fuel & bars",1,89.10,89.50,1.10,NULL,1.30,NULL,16.10
202103,"2021 March",2021-03-01,2021,Q1,3,X1360,"Specialised food & beverages",1,101.70,102.80,4.00,NULL,3.60,NULL,2.50
202103,"2021 March",2021-03-01,2021,Q1,3,X1390,"Textiles, clothing & footwear",1,28.20,28.10,3.30,NULL,2.10,NULL,65.80
202104,"2021 April",2021-04-01,2021,Q2,4,V3970,"All retail businesses",1,87.20,90.40,-1.60,NULL,0.30,NULL,10.10
202104,"2021 April",2021-04-01,2021,Q2,4,4730,"Automotive fuel",0,89.90,92.90,3.60,NULL,2.70,NULL,NULL
202104,"2021 April",2021-04-01,2021,Q2,4,5630,Bars,0,35.70,34.70,32.60,NULL,31.70,NULL,NULL
202104,"2021 April",2021-04-01,2021,Q2,4,X1420,"Books, newspapers & stationery",1,72.30,76.90,4.40,NULL,1.60,NULL,NULL
202104,"2021 April",2021-04-01,2021,Q2,4,X1400,"Books, stationery & other goods",1,93.20,85.30,15.20,NULL,4.60,NULL,18.20
202104,"2021 April",2021-04-01,2021,Q2,4,4719,"Department stores",0,53.80,55.80,-33.60,NULL,-27.80,NULL,34.60
202104,"2021 April",2021-04-01,2021,Q2,4,X1380,"Electrical goods",1,103.50,107.20,-7.30,NULL,-3.40,NULL,20.40
202104,"2021 April",2021-04-01,2021,Q2,4,X1340,"Food retail",1,102.40,104.80,0.20,NULL,1.70,NULL,2.60
202104,"2021 April",2021-04-01,2021,Q2,4,4711,"Food-dominant stores",0,102.00,104.80,0.10,NULL,2.30,NULL,2.60
202104,"2021 April",2021-04-01,2021,Q2,4,4759,"Furniture & lighting",0,89.20,89.50,4.60,NULL,8.60,NULL,NULL
202104,"2021 April",2021-04-01,2021,Q2,4,4752,"Hardware, paints & glass",0,120.40,121.00,0.40,NULL,-3.80,NULL,NULL
202104,"2021 April",2021-04-01,2021,Q2,4,X1370,"Household equipment",1,110.30,113.10,-0.60,NULL,3.40,NULL,13.50
202104,"2021 April",2021-04-01,2021,Q2,4,45,"Motor trades",0,90.20,97.40,-7.40,NULL,-2.20,NULL,3.80
202104,"2021 April",2021-04-01,2021,Q2,4,V3980,"Motor trades & automotive fuel",1,91.10,96.30,-6.00,NULL,-1.80,NULL,NULL
202104,"2021 April",2021-04-01,2021,Q2,4,X1350,"Non-food retail",1,78.20,77.90,-3.30,NULL,-3.40,NULL,23.90
202104,"2021 April",2021-04-01,2021,Q2,4,X1410,"Other retail sales",1,90.30,84.70,3.80,NULL,5.20,NULL,6.90
202104,"2021 April",2021-04-01,2021,Q2,4,X1430,"Pharma, medical & cosmetics",1,87.00,80.70,-5.80,NULL,-9.10,NULL,NULL
202104,"2021 April",2021-04-01,2021,Q2,4,X1320,"Retail excl. motor trades",1,85.30,85.50,0.00,NULL,0.70,NULL,12.70
202104,"2021 April",2021-04-01,2021,Q2,4,X1310,"Retail excl. motor trades & bars",1,88.00,88.60,-1.50,NULL,-1.00,NULL,NULL
202104,"2021 April",2021-04-01,2021,Q2,4,X1330,"Retail excl. motor, fuel & bars",1,87.90,88.60,-1.40,NULL,-1.10,NULL,14.30
202104,"2021 April",2021-04-01,2021,Q2,4,X1360,"Specialised food & beverages",1,104.00,103.30,2.20,NULL,0.50,NULL,2.80
202104,"2021 April",2021-04-01,2021,Q2,4,X1390,"Textiles, clothing & footwear",1,27.30,27.00,-3.30,NULL,-4.10,NULL,58.20
202105,"2021 May",2021-05-01,2021,Q2,5,V3970,"All retail businesses",1,100.00,100.60,14.70,NULL,11.30,NULL,5.60
202105,"2021 May",2021-05-01,2021,Q2,5,4730,"Automotive fuel",0,97.70,100.60,8.70,NULL,8.30,NULL,NULL
202105,"2021 May",2021-05-01,2021,Q2,5,5630,Bars,0,26.90,25.70,-24.70,NULL,-25.80,NULL,NULL
202105,"2021 May",2021-05-01,2021,Q2,5,X1420,"Books, newspapers & stationery",1,67.40,70.10,-6.90,NULL,-8.90,NULL,NULL
202105,"2021 May",2021-05-01,2021,Q2,5,X1400,"Books, stationery & other goods",1,93.30,87.20,0.10,NULL,2.20,NULL,19.50
202105,"2021 May",2021-05-01,2021,Q2,5,4719,"Department stores",0,106.50,107.40,97.70,NULL,92.40,NULL,10.60
202105,"2021 May",2021-05-01,2021,Q2,5,X1380,"Electrical goods",1,94.20,96.40,-9.00,NULL,-10.10,NULL,16.90
202105,"2021 May",2021-05-01,2021,Q2,5,X1340,"Food retail",1,100.90,102.00,-1.50,NULL,-2.70,NULL,2.50
202105,"2021 May",2021-05-01,2021,Q2,5,4711,"Food-dominant stores",0,100.50,101.70,-1.40,NULL,-2.90,NULL,2.40
202105,"2021 May",2021-05-01,2021,Q2,5,4759,"Furniture & lighting",0,113.50,105.40,27.30,NULL,17.80,NULL,NULL
202105,"2021 May",2021-05-01,2021,Q2,5,4752,"Hardware, paints & glass",0,93.30,97.00,-22.50,NULL,-19.80,NULL,NULL
202105,"2021 May",2021-05-01,2021,Q2,5,X1370,"Household equipment",1,100.40,103.90,-9.00,NULL,-8.10,NULL,9.50
202105,"2021 May",2021-05-01,2021,Q2,5,45,"Motor trades",0,108.10,110.60,19.90,NULL,13.60,NULL,2.90
202105,"2021 May",2021-05-01,2021,Q2,5,V3980,"Motor trades & automotive fuel",1,106.50,108.40,16.80,NULL,12.60,NULL,NULL
202105,"2021 May",2021-05-01,2021,Q2,5,X1350,"Non-food retail",1,96.90,98.70,23.90,NULL,26.70,NULL,11.50
202105,"2021 May",2021-05-01,2021,Q2,5,X1410,"Other retail sales",1,92.20,86.40,2.20,NULL,2.10,NULL,8.10
202105,"2021 May",2021-05-01,2021,Q2,5,X1430,"Pharma, medical & cosmetics",1,94.00,88.80,8.10,NULL,10.10,NULL,NULL
202105,"2021 May",2021-05-01,2021,Q2,5,X1320,"Retail excl. motor trades",1,94.00,94.30,10.10,NULL,10.20,NULL,6.70
202105,"2021 May",2021-05-01,2021,Q2,5,X1310,"Retail excl. motor trades & bars",1,97.70,98.90,11.00,NULL,11.70,NULL,NULL
202105,"2021 May",2021-05-01,2021,Q2,5,X1330,"Retail excl. motor, fuel & bars",1,99.00,98.90,12.70,NULL,11.70,NULL,7.40
202105,"2021 May",2021-05-01,2021,Q2,5,X1360,"Specialised food & beverages",1,104.10,104.20,0.10,NULL,0.90,NULL,3.70
202105,"2021 May",2021-05-01,2021,Q2,5,X1390,"Textiles, clothing & footwear",1,123.00,122.70,350.90,NULL,354.70,NULL,11.50
202106,"2021 June",2021-06-01,2021,Q2,6,V3970,"All retail businesses",1,104.90,106.90,4.90,NULL,6.20,NULL,4.90
202106,"2021 June",2021-06-01,2021,Q2,6,4730,"Automotive fuel",0,104.80,111.00,7.30,NULL,10.30,NULL,NULL
202106,"2021 June",2021-06-01,2021,Q2,6,5630,Bars,0,94.20,91.50,249.90,NULL,255.70,NULL,NULL
202106,"2021 June",2021-06-01,2021,Q2,6,X1420,"Books, newspapers & stationery",1,104.40,112.80,55.00,NULL,61.00,NULL,NULL
202106,"2021 June",2021-06-01,2021,Q2,6,X1400,"Books, stationery & other goods",1,104.00,96.50,11.50,NULL,10.60,NULL,17.70
202106,"2021 June",2021-06-01,2021,Q2,6,4719,"Department stores",0,126.80,128.90,19.10,NULL,20.00,NULL,8.10
202106,"2021 June",2021-06-01,2021,Q2,6,X1380,"Electrical goods",1,97.80,97.00,3.90,NULL,0.70,NULL,13.70
202106,"2021 June",2021-06-01,2021,Q2,6,X1340,"Food retail",1,99.20,100.60,-1.60,NULL,-1.40,NULL,3.10
202106,"2021 June",2021-06-01,2021,Q2,6,4711,"Food-dominant stores",0,98.30,99.60,-2.20,NULL,-2.00,NULL,3.10
202106,"2021 June",2021-06-01,2021,Q2,6,4759,"Furniture & lighting",0,114.20,113.80,0.70,NULL,8.00,NULL,NULL
202106,"2021 June",2021-06-01,2021,Q2,6,4752,"Hardware, paints & glass",0,95.60,95.60,2.50,NULL,-1.40,NULL,NULL
202106,"2021 June",2021-06-01,2021,Q2,6,X1370,"Household equipment",1,100.30,103.60,-0.10,NULL,-0.30,NULL,7.90
202106,"2021 June",2021-06-01,2021,Q2,6,45,"Motor trades",0,107.30,106.10,-0.70,NULL,-4.10,NULL,2.00
202106,"2021 June",2021-06-01,2021,Q2,6,V3980,"Motor trades & automotive fuel",1,106.80,108.20,0.30,NULL,-0.20,NULL,NULL
202106,"2021 June",2021-06-01,2021,Q2,6,X1350,"Non-food retail",1,105.00,104.30,8.30,NULL,5.70,NULL,9.60
202106,"2021 June",2021-06-01,2021,Q2,6,X1410,"Other retail sales",1,104.70,97.50,13.60,NULL,12.80,NULL,6.90
202106,"2021 June",2021-06-01,2021,Q2,6,X1430,"Pharma, medical & cosmetics",1,104.30,99.70,10.90,NULL,12.20,NULL,NULL
202106,"2021 June",2021-06-01,2021,Q2,6,X1320,"Retail excl. motor trades",1,103.50,104.60,10.10,NULL,11.00,NULL,6.10
202106,"2021 June",2021-06-01,2021,Q2,6,X1310,"Retail excl. motor trades & bars",1,104.10,104.00,6.50,NULL,5.20,NULL,NULL
202106,"2021 June",2021-06-01,2021,Q2,6,X1330,"Retail excl. motor, fuel & bars",1,103.30,103.50,4.30,NULL,4.70,NULL,6.70
202106,"2021 June",2021-06-01,2021,Q2,6,X1360,"Specialised food & beverages",1,107.40,107.60,3.20,NULL,3.30,NULL,3.20
202106,"2021 June",2021-06-01,2021,Q2,6,X1390,"Textiles, clothing & footwear",1,128.30,128.10,4.30,NULL,4.40,NULL,8.60
202107,"2021 July",2021-07-01,2021,Q3,7,V3970,"All retail businesses",1,105.30,105.40,0.40,NULL,-1.30,NULL,4.80
202107,"2021 July",2021-07-01,2021,Q3,7,4730,"Automotive fuel",0,106.60,107.70,1.70,NULL,-3.00,NULL,NULL
202107,"2021 July",2021-07-01,2021,Q3,7,5630,Bars,0,117.80,124.70,25.10,NULL,36.30,NULL,NULL
202107,"2021 July",2021-07-01,2021,Q3,7,X1420,"Books, newspapers & stationery",1,97.10,101.10,-7.00,NULL,-10.40,NULL,NULL
202107,"2021 July",2021-07-01,2021,Q3,7,X1400,"Books, stationery & other goods",1,101.30,97.70,-2.70,NULL,1.30,NULL,15.50
202107,"2021 July",2021-07-01,2021,Q3,7,4719,"Department stores",0,110.70,112.50,-12.70,NULL,-12.70,NULL,7.80
202107,"2021 July",2021-07-01,2021,Q3,7,X1380,"Electrical goods",1,97.30,95.00,-0.50,NULL,-2.10,NULL,14.40
202107,"2021 July",2021-07-01,2021,Q3,7,X1340,"Food retail",1,102.30,102.80,3.10,NULL,2.20,NULL,2.40
202107,"2021 July",2021-07-01,2021,Q3,7,4711,"Food-dominant stores",0,103.00,102.90,4.80,NULL,3.30,NULL,2.30
202107,"2021 July",2021-07-01,2021,Q3,7,4759,"Furniture & lighting",0,120.00,111.60,5.10,NULL,-1.90,NULL,NULL
202107,"2021 July",2021-07-01,2021,Q3,7,4752,"Hardware, paints & glass",0,93.50,94.80,-2.20,NULL,-0.90,NULL,NULL
202107,"2021 July",2021-07-01,2021,Q3,7,X1370,"Household equipment",1,103.20,99.30,2.90,NULL,-4.10,NULL,8.30
202107,"2021 July",2021-07-01,2021,Q3,7,45,"Motor trades",0,110.70,112.00,3.20,NULL,5.50,NULL,3.00
202107,"2021 July",2021-07-01,2021,Q3,7,V3980,"Motor trades & automotive fuel",1,109.50,108.60,2.50,NULL,0.30,NULL,NULL
202107,"2021 July",2021-07-01,2021,Q3,7,X1350,"Non-food retail",1,102.90,103.20,-1.90,NULL,-1.10,NULL,9.30
202107,"2021 July",2021-07-01,2021,Q3,7,X1410,"Other retail sales",1,101.40,99.40,-3.20,NULL,1.90,NULL,4.30
202107,"2021 July",2021-07-01,2021,Q3,7,X1430,"Pharma, medical & cosmetics",1,97.80,100.80,-6.20,NULL,1.10,NULL,NULL
202107,"2021 July",2021-07-01,2021,Q3,7,X1320,"Retail excl. motor trades",1,104.60,105.50,1.10,NULL,0.90,NULL,5.60
202107,"2021 July",2021-07-01,2021,Q3,7,X1310,"Retail excl. motor trades & bars",1,103.40,103.90,-0.70,NULL,-0.10,NULL,NULL
202107,"2021 July",2021-07-01,2021,Q3,7,X1330,"Retail excl. motor, fuel & bars",1,102.90,103.70,-0.30,NULL,0.20,NULL,6.20
202107,"2021 July",2021-07-01,2021,Q3,7,X1360,"Specialised food & beverages",1,104.00,104.00,-3.20,NULL,-3.40,NULL,3.30
202107,"2021 July",2021-07-01,2021,Q3,7,X1390,"Textiles, clothing & footwear",1,119.70,123.30,-6.70,NULL,-3.80,NULL,8.30
202108,"2021 August",2021-08-01,2021,Q3,8,V3970,"All retail businesses",1,104.40,104.10,-0.80,NULL,-1.30,NULL,4.80
202108,"2021 August",2021-08-01,2021,Q3,8,4730,"Automotive fuel",0,110.60,111.70,3.80,NULL,3.80,NULL,NULL
202108,"2021 August",2021-08-01,2021,Q3,8,5630,Bars,0,145.60,152.50,23.60,NULL,22.30,NULL,NULL
202108,"2021 August",2021-08-01,2021,Q3,8,X1420,"Books, newspapers & stationery",1,119.60,116.30,23.10,NULL,15.00,NULL,NULL
202108,"2021 August",2021-08-01,2021,Q3,8,X1400,"Books, stationery & other goods",1,96.20,89.80,-5.00,NULL,-8.10,NULL,14.80
202108,"2021 August",2021-08-01,2021,Q3,8,4719,"Department stores",0,109.30,110.20,-1.30,NULL,-2.10,NULL,7.90
202108,"2021 August",2021-08-01,2021,Q3,8,X1380,"Electrical goods",1,98.80,99.70,1.50,NULL,5.00,NULL,15.60
202108,"2021 August",2021-08-01,2021,Q3,8,X1340,"Food retail",1,97.80,96.50,-4.30,NULL,-6.10,NULL,2.50
202108,"2021 August",2021-08-01,2021,Q3,8,4711,"Food-dominant stores",0,98.30,96.30,-4.50,NULL,-6.30,NULL,2.40
202108,"2021 August",2021-08-01,2021,Q3,8,4759,"Furniture & lighting",0,115.30,110.20,-3.90,NULL,-1.20,NULL,NULL
202108,"2021 August",2021-08-01,2021,Q3,8,4752,"Hardware, paints & glass",0,96.40,94.90,3.00,NULL,0.20,NULL,NULL
202108,"2021 August",2021-08-01,2021,Q3,8,X1370,"Household equipment",1,99.90,101.40,-3.10,NULL,2.10,NULL,9.20
202108,"2021 August",2021-08-01,2021,Q3,8,45,"Motor trades",0,109.30,107.60,-1.30,NULL,-4.00,NULL,2.60
202108,"2021 August",2021-08-01,2021,Q3,8,V3980,"Motor trades & automotive fuel",1,109.40,108.40,-0.10,NULL,-0.20,NULL,NULL
202108,"2021 August",2021-08-01,2021,Q3,8,X1350,"Non-food retail",1,102.60,103.50,-0.30,NULL,0.40,NULL,9.50
202108,"2021 August",2021-08-01,2021,Q3,8,X1410,"Other retail sales",1,96.90,90.70,-4.50,NULL,-8.80,NULL,2.90
202108,"2021 August",2021-08-01,2021,Q3,8,X1430,"Pharma, medical & cosmetics",1,95.30,98.60,-2.50,NULL,-2.20,NULL,NULL
202108,"2021 August",2021-08-01,2021,Q3,8,X1320,"Retail excl. motor trades",1,103.20,103.50,-1.30,NULL,-1.90,NULL,5.70
202108,"2021 August",2021-08-01,2021,Q3,8,X1310,"Retail excl. motor trades & bars",1,101.20,101.70,-2.10,NULL,-2.20,NULL,NULL
202108,"2021 August",2021-08-01,2021,Q3,8,X1330,"Retail excl. motor, fuel & bars",1,100.30,100.80,-2.60,NULL,-2.80,NULL,6.30
202108,"2021 August",2021-08-01,2021,Q3,8,X1360,"Specialised food & beverages",1,101.50,101.20,-2.30,NULL,-2.70,NULL,3.20
202108,"2021 August",2021-08-01,2021,Q3,8,X1390,"Textiles, clothing & footwear",1,125.10,125.30,4.50,NULL,1.60,NULL,9.00
202109,"2021 September",2021-09-01,2021,Q3,9,V3970,"All retail businesses",1,106.40,105.10,1.80,NULL,1.00,NULL,4.60
202109,"2021 September",2021-09-01,2021,Q3,9,4730,"Automotive fuel",0,107.90,106.30,-2.40,NULL,-4.90,NULL,NULL
202109,"2021 September",2021-09-01,2021,Q3,9,5630,Bars,0,172.30,182.30,18.40,NULL,19.60,NULL,NULL
202109,"2021 September",2021-09-01,2021,Q3,9,X1420,"Books, newspapers & stationery",1,116.90,112.50,-2.30,NULL,-3.20,NULL,NULL
202109,"2021 September",2021-09-01,2021,Q3,9,X1400,"Books, stationery & other goods",1,100.90,100.50,4.90,NULL,11.90,NULL,14.40
202109,"2021 September",2021-09-01,2021,Q3,9,4719,"Department stores",0,114.10,112.70,4.50,NULL,2.30,NULL,7.10
202109,"2021 September",2021-09-01,2021,Q3,9,X1380,"Electrical goods",1,98.40,95.40,-0.40,NULL,-4.40,NULL,13.60
202109,"2021 September",2021-09-01,2021,Q3,9,X1340,"Food retail",1,98.00,96.00,0.20,NULL,-0.50,NULL,2.50
202109,"2021 September",2021-09-01,2021,Q3,9,4711,"Food-dominant stores",0,98.10,96.50,-0.20,NULL,0.10,NULL,2.50
202109,"2021 September",2021-09-01,2021,Q3,9,4759,"Furniture & lighting",0,112.80,111.60,-2.20,NULL,1.20,NULL,NULL
202109,"2021 September",2021-09-01,2021,Q3,9,4752,"Hardware, paints & glass",0,92.30,89.60,-4.20,NULL,-5.60,NULL,NULL
202109,"2021 September",2021-09-01,2021,Q3,9,X1370,"Household equipment",1,96.50,95.80,-3.50,NULL,-5.60,NULL,8.90
202109,"2021 September",2021-09-01,2021,Q3,9,45,"Motor trades",0,109.10,105.90,-0.20,NULL,-1.50,NULL,2.90
202109,"2021 September",2021-09-01,2021,Q3,9,V3980,"Motor trades & automotive fuel",1,107.80,104.30,-1.50,NULL,-3.70,NULL,NULL
202109,"2021 September",2021-09-01,2021,Q3,9,X1350,"Non-food retail",1,106.40,106.30,3.60,NULL,2.60,NULL,8.60
202109,"2021 September",2021-09-01,2021,Q3,9,X1410,"Other retail sales",1,102.20,103.10,5.50,NULL,13.70,NULL,4.30
202109,"2021 September",2021-09-01,2021,Q3,9,X1430,"Pharma, medical & cosmetics",1,99.00,102.10,3.90,NULL,3.50,NULL,NULL
202109,"2021 September",2021-09-01,2021,Q3,9,X1320,"Retail excl. motor trades",1,106.50,106.70,3.20,NULL,3.10,NULL,5.30
202109,"2021 September",2021-09-01,2021,Q3,9,X1310,"Retail excl. motor trades & bars",1,103.80,103.90,2.50,NULL,2.20,NULL,NULL
202109,"2021 September",2021-09-01,2021,Q3,9,X1330,"Retail excl. motor, fuel & bars",1,103.50,103.40,3.20,NULL,2.60,NULL,5.90
202109,"2021 September",2021-09-01,2021,Q3,9,X1360,"Specialised food & beverages",1,101.00,99.10,-0.50,NULL,-2.00,NULL,2.70
202109,"2021 September",2021-09-01,2021,Q3,9,X1390,"Textiles, clothing & footwear",1,133.40,130.50,6.60,NULL,4.20,NULL,8.10
202110,"2021 October",2021-10-01,2021,Q4,10,V3970,"All retail businesses",1,112.90,109.70,6.20,NULL,4.40,NULL,5.50
202110,"2021 October",2021-10-01,2021,Q4,10,4730,"Automotive fuel",0,111.70,104.60,3.50,NULL,-1.60,NULL,NULL
202110,"2021 October",2021-10-01,2021,Q4,10,5630,Bars,0,180.00,189.50,4.40,NULL,3.90,NULL,NULL
202110,"2021 October",2021-10-01,2021,Q4,10,X1420,"Books, newspapers & stationery",1,129.80,133.80,11.00,NULL,18.90,NULL,NULL
202110,"2021 October",2021-10-01,2021,Q4,10,X1400,"Books, stationery & other goods",1,131.50,134.80,30.30,NULL,34.20,NULL,16.10
202110,"2021 October",2021-10-01,2021,Q4,10,4719,"Department stores",0,111.00,112.20,-2.70,NULL,-0.40,NULL,7.80
202110,"2021 October",2021-10-01,2021,Q4,10,X1380,"Electrical goods",1,97.60,94.90,-0.80,NULL,-0.50,NULL,13.00
202110,"2021 October",2021-10-01,2021,Q4,10,X1340,"Food retail",1,97.00,96.60,-1.00,NULL,0.60,NULL,2.40
202110,"2021 October",2021-10-01,2021,Q4,10,4711,"Food-dominant stores",0,98.00,97.50,0.00,NULL,1.10,NULL,2.40
202110,"2021 October",2021-10-01,2021,Q4,10,4759,"Furniture & lighting",0,118.30,108.20,4.90,NULL,-3.00,NULL,NULL
202110,"2021 October",2021-10-01,2021,Q4,10,4752,"Hardware, paints & glass",0,92.50,91.30,0.20,NULL,1.80,NULL,NULL
202110,"2021 October",2021-10-01,2021,Q4,10,X1370,"Household equipment",1,98.40,96.60,2.00,NULL,0.90,NULL,7.70
202110,"2021 October",2021-10-01,2021,Q4,10,45,"Motor trades",0,128.90,104.00,18.20,NULL,-1.80,NULL,3.60
202110,"2021 October",2021-10-01,2021,Q4,10,V3980,"Motor trades & automotive fuel",1,112.30,104.40,4.20,NULL,0.10,NULL,NULL
202110,"2021 October",2021-10-01,2021,Q4,10,X1350,"Non-food retail",1,118.20,118.60,11.10,NULL,11.60,NULL,9.80
202110,"2021 October",2021-10-01,2021,Q4,10,X1410,"Other retail sales",1,139.70,141.10,36.70,NULL,36.90,NULL,5.60
202110,"2021 October",2021-10-01,2021,Q4,10,X1430,"Pharma, medical & cosmetics",1,98.80,104.30,-0.20,NULL,2.20,NULL,NULL
202110,"2021 October",2021-10-01,2021,Q4,10,X1320,"Retail excl. motor trades",1,113.10,112.60,6.20,NULL,5.60,NULL,6.30
202110,"2021 October",2021-10-01,2021,Q4,10,X1310,"Retail excl. motor trades & bars",1,109.20,109.00,5.20,NULL,4.90,NULL,NULL
202110,"2021 October",2021-10-01,2021,Q4,10,X1330,"Retail excl. motor, fuel & bars",1,108.80,109.40,5.20,NULL,5.80,NULL,6.50
202110,"2021 October",2021-10-01,2021,Q4,10,X1360,"Specialised food & beverages",1,89.40,90.00,-11.50,NULL,-9.20,NULL,2.40
202110,"2021 October",2021-10-01,2021,Q4,10,X1390,"Textiles, clothing & footwear",1,126.30,129.70,-5.30,NULL,-0.70,NULL,9.60
202111,"2021 November",2021-11-01,2021,Q4,11,V3970,"All retail businesses",1,115.50,111.80,2.30,NULL,1.90,NULL,6.00
202111,"2021 November",2021-11-01,2021,Q4,11,4730,"Automotive fuel",0,111.60,104.30,-0.10,NULL,-0.30,NULL,NULL
202111,"2021 November",2021-11-01,2021,Q4,11,5630,Bars,0,184.20,196.10,2.30,NULL,3.50,NULL,NULL
202111,"2021 November",2021-11-01,2021,Q4,11,X1420,"Books, newspapers & stationery",1,133.10,128.50,2.50,NULL,-3.90,NULL,NULL
202111,"2021 November",2021-11-01,2021,Q4,11,X1400,"Books, stationery & other goods",1,123.50,124.30,-6.10,NULL,-7.80,NULL,17.50
202111,"2021 November",2021-11-01,2021,Q4,11,4719,"Department stores",0,108.30,108.20,-2.40,NULL,-3.60,NULL,10.30
202111,"2021 November",2021-11-01,2021,Q4,11,X1380,"Electrical goods",1,101.70,106.30,4.20,NULL,12.00,NULL,16.20
202111,"2021 November",2021-11-01,2021,Q4,11,X1340,"Food retail",1,96.10,95.90,-0.90,NULL,-0.70,NULL,2.50
202111,"2021 November",2021-11-01,2021,Q4,11,4711,"Food-dominant stores",0,96.40,96.20,-1.70,NULL,-1.40,NULL,2.60
202111,"2021 November",2021-11-01,2021,Q4,11,4759,"Furniture & lighting",0,115.40,109.20,-2.40,NULL,0.90,NULL,NULL
202111,"2021 November",2021-11-01,2021,Q4,11,4752,"Hardware, paints & glass",0,97.90,94.50,5.90,NULL,3.60,NULL,NULL
202111,"2021 November",2021-11-01,2021,Q4,11,X1370,"Household equipment",1,102.50,99.10,4.20,NULL,2.60,NULL,10.50
202111,"2021 November",2021-11-01,2021,Q4,11,45,"Motor trades",0,123.80,109.80,-3.90,NULL,5.60,NULL,4.30
202111,"2021 November",2021-11-01,2021,Q4,11,V3980,"Motor trades & automotive fuel",1,125.40,112.30,11.70,NULL,7.50,NULL,NULL
202111,"2021 November",2021-11-01,2021,Q4,11,X1350,"Non-food retail",1,116.10,114.80,-1.80,NULL,-3.10,NULL,11.70
202111,"2021 November",2021-11-01,2021,Q4,11,X1410,"Other retail sales",1,110.20,125.20,-21.10,NULL,-11.30,NULL,5.10
202111,"2021 November",2021-11-01,2021,Q4,11,X1430,"Pharma, medical & cosmetics",1,108.10,107.30,9.40,NULL,2.90,NULL,NULL
202111,"2021 November",2021-11-01,2021,Q4,11,X1320,"Retail excl. motor trades",1,112.70,112.10,-0.30,NULL,-0.50,NULL,6.80
202111,"2021 November",2021-11-01,2021,Q4,11,X1310,"Retail excl. motor trades & bars",1,109.60,108.20,0.30,NULL,-0.80,NULL,NULL
202111,"2021 November",2021-11-01,2021,Q4,11,X1330,"Retail excl. motor, fuel & bars",1,110.00,108.70,1.10,NULL,-0.70,NULL,7.60
202111,"2021 November",2021-11-01,2021,Q4,11,X1360,"Specialised food & beverages",1,94.60,96.20,5.80,NULL,6.80,NULL,2.20
202111,"2021 November",2021-11-01,2021,Q4,11,X1390,"Textiles, clothing & footwear",1,123.40,124.00,-2.30,NULL,-4.40,NULL,14.70
202112,"2021 December",2021-12-01,2021,Q4,12,V3970,"All retail businesses",1,107.20,104.10,-7.20,NULL,-7.00,NULL,9.70
202112,"2021 December",2021-12-01,2021,Q4,12,4730,"Automotive fuel",0,115.10,99.20,3.10,NULL,-4.90,NULL,NULL
202112,"2021 December",2021-12-01,2021,Q4,12,5630,Bars,0,134.10,131.70,-27.20,NULL,-32.80,NULL,NULL
202112,"2021 December",2021-12-01,2021,Q4,12,X1420,"Books, newspapers & stationery",1,135.30,131.00,1.70,NULL,1.90,NULL,NULL
202112,"2021 December",2021-12-01,2021,Q4,12,X1400,"Books, stationery & other goods",1,96.20,113.80,-22.10,NULL,-8.50,NULL,17.50
202112,"2021 December",2021-12-01,2021,Q4,12,4719,"Department stores",0,106.40,107.00,-1.80,NULL,-1.10,NULL,6.80
202112,"2021 December",2021-12-01,2021,Q4,12,X1380,"Electrical goods",1,86.60,88.50,-14.90,NULL,-16.80,NULL,14.50
202112,"2021 December",2021-12-01,2021,Q4,12,X1340,"Food retail",1,95.70,95.40,-0.40,NULL,-0.50,NULL,3.10
202112,"2021 December",2021-12-01,2021,Q4,12,4711,"Food-dominant stores",0,96.60,96.30,0.20,NULL,0.10,NULL,2.60
202112,"2021 December",2021-12-01,2021,Q4,12,4759,"Furniture & lighting",0,103.10,111.40,-10.70,NULL,2.10,NULL,NULL
202112,"2021 December",2021-12-01,2021,Q4,12,4752,"Hardware, paints & glass",0,101.20,97.40,3.40,NULL,3.00,NULL,NULL
202112,"2021 December",2021-12-01,2021,Q4,12,X1370,"Household equipment",1,98.90,93.90,-3.60,NULL,-5.20,NULL,9.80
202112,"2021 December",2021-12-01,2021,Q4,12,45,"Motor trades",0,110.10,83.40,-11.10,NULL,-24.00,NULL,17.70
202112,"2021 December",2021-12-01,2021,Q4,12,V3980,"Motor trades & automotive fuel",1,110.40,94.20,-12.00,NULL,-16.10,NULL,NULL
202112,"2021 December",2021-12-01,2021,Q4,12,X1350,"Non-food retail",1,108.60,109.50,-6.40,NULL,-4.70,NULL,10.40
202112,"2021 December",2021-12-01,2021,Q4,12,X1410,"Other retail sales",1,98.70,111.70,-10.40,NULL,-10.70,NULL,7.10
202112,"2021 December",2021-12-01,2021,Q4,12,X1430,"Pharma, medical & cosmetics",1,107.60,121.10,-0.50,NULL,12.90,NULL,NULL
202112,"2021 December",2021-12-01,2021,Q4,12,X1320,"Retail excl. motor trades",1,107.10,106.40,-5.00,NULL,-5.10,NULL,6.30
202112,"2021 December",2021-12-01,2021,Q4,12,X1310,"Retail excl. motor trades & bars",1,105.40,104.50,-3.80,NULL,-3.40,NULL,NULL
202112,"2021 December",2021-12-01,2021,Q4,12,X1330,"Retail excl. motor, fuel & bars",1,105.20,104.70,-4.40,NULL,-3.70,NULL,7.10
202112,"2021 December",2021-12-01,2021,Q4,12,X1360,"Specialised food & beverages",1,93.00,89.90,-1.70,NULL,-6.50,NULL,7.60
202112,"2021 December",2021-12-01,2021,Q4,12,X1390,"Textiles, clothing & footwear",1,116.80,119.40,-5.40,NULL,-3.70,NULL,9.30
202201,"2022 January",2022-01-01,2022,Q1,1,V3970,"All retail businesses",1,100.40,100.10,-6.30,29.40,-3.80,25.20,5.60
202201,"2022 January",2022-01-01,2022,Q1,1,4730,"Automotive fuel",0,112.50,99.00,-2.30,60.80,-0.10,27.40,NULL
202201,"2022 January",2022-01-01,2022,Q1,1,5630,Bars,0,137.20,130.00,2.30,226.10,-1.30,227.50,NULL
202201,"2022 January",2022-01-01,2022,Q1,1,X1420,"Books, newspapers & stationery",1,144.30,138.40,6.70,139.20,5.60,137.30,NULL
202201,"2022 January",2022-01-01,2022,Q1,1,X1400,"Books, stationery & other goods",1,108.10,108.10,12.40,55.00,-5.00,65.90,16.60
202201,"2022 January",2022-01-01,2022,Q1,1,4719,"Department stores",0,132.50,128.70,24.50,94.80,20.20,97.60,7.70
202201,"2022 January",2022-01-01,2022,Q1,1,X1380,"Electrical goods",1,101.10,93.80,16.80,-3.90,6.00,-4.50,25.00
202201,"2022 January",2022-01-01,2022,Q1,1,X1340,"Food retail",1,99.60,95.80,4.10,-5.70,0.40,-9.00,3.20
202201,"2022 January",2022-01-01,2022,Q1,1,4711,"Food-dominant stores",0,97.90,94.90,1.30,-4.80,-1.50,-7.30,2.50
202201,"2022 January",2022-01-01,2022,Q1,1,4759,"Furniture & lighting",0,102.50,107.10,-0.60,82.30,-3.90,72.90,NULL
202201,"2022 January",2022-01-01,2022,Q1,1,4752,"Hardware, paints & glass",0,98.10,95.30,-3.10,13.70,-2.10,6.10,NULL
202201,"2022 January",2022-01-01,2022,Q1,1,X1370,"Household equipment",1,97.70,95.80,-1.20,18.10,2.00,15.00,13.60
202201,"2022 January",2022-01-01,2022,Q1,1,45,"Motor trades",0,91.80,95.50,-16.70,26.20,14.50,14.30,2.00
202201,"2022 January",2022-01-01,2022,Q1,1,V3980,"Motor trades & automotive fuel",1,95.10,94.80,-13.80,29.80,0.70,15.20,NULL
202201,"2022 January",2022-01-01,2022,Q1,1,X1350,"Non-food retail",1,110.70,108.30,1.90,57.70,-1.00,58.40,11.90
202201,"2022 January",2022-01-01,2022,Q1,1,X1410,"Other retail sales",1,106.70,108.90,8.10,56.70,-2.50,67.30,6.50
202201,"2022 January",2022-01-01,2022,Q1,1,X1430,"Pharma, medical & cosmetics",1,102.70,97.70,-4.50,20.20,-19.30,18.90,NULL
202201,"2022 January",2022-01-01,2022,Q1,1,X1320,"Retail excl. motor trades",1,107.40,105.60,0.30,30.10,-0.70,29.10,7.10
202201,"2022 January",2022-01-01,2022,Q1,1,X1310,"Retail excl. motor trades & bars",1,104.40,102.60,-1.00,26.00,-1.80,25.00,NULL
202201,"2022 January",2022-01-01,2022,Q1,1,X1330,"Retail excl. motor, fuel & bars",1,105.70,102.30,0.50,25.60,-2.20,24.70,8.00
202201,"2022 January",2022-01-01,2022,Q1,1,X1360,"Specialised food & beverages",1,96.40,92.30,3.70,-11.50,2.60,-16.90,8.30
202201,"2022 January",2022-01-01,2022,Q1,1,X1390,"Textiles, clothing & footwear",1,122.10,119.30,4.60,344.00,-0.10,358.30,13.80
202202,"2022 February",2022-02-01,2022,Q1,2,V3970,"All retail businesses",1,106.70,102.70,6.30,21.10,2.60,14.40,4.50
202202,"2022 February",2022-02-01,2022,Q1,2,4730,"Automotive fuel",0,115.30,99.80,2.50,51.40,0.80,22.50,NULL
202202,"2022 February",2022-02-01,2022,Q1,2,5630,Bars,0,201.80,193.70,47.10,637.70,49.00,649.70,NULL
202202,"2022 February",2022-02-01,2022,Q1,2,X1420,"Books, newspapers & stationery",1,139.80,131.10,-3.10,107.90,-5.30,101.10,NULL
202202,"2022 February",2022-02-01,2022,Q1,2,X1400,"Books, stationery & other goods",1,125.30,117.10,15.90,51.40,8.30,53.60,14.40
202202,"2022 February",2022-02-01,2022,Q1,2,4719,"Department stores",0,132.00,127.90,-0.30,55.60,-0.60,54.00,8.30
202202,"2022 February",2022-02-01,2022,Q1,2,X1380,"Electrical goods",1,106.70,100.00,5.40,-11.20,6.70,-15.20,8.60
202202,"2022 February",2022-02-01,2022,Q1,2,X1340,"Food retail",1,96.70,91.70,-2.90,-6.50,-4.30,-8.90,3.20
202202,"2022 February",2022-02-01,2022,Q1,2,4711,"Food-dominant stores",0,96.50,92.00,-1.40,-6.70,-3.10,-9.20,2.70
202202,"2022 February",2022-02-01,2022,Q1,2,4759,"Furniture & lighting",0,96.20,109.40,-6.10,56.40,2.10,44.60,NULL
202202,"2022 February",2022-02-01,2022,Q1,2,4752,"Hardware, paints & glass",0,95.60,91.00,-2.50,-5.30,-4.50,-10.10,NULL
202202,"2022 February",2022-02-01,2022,Q1,2,X1370,"Household equipment",1,98.20,100.40,0.50,6.00,4.80,-2.40,6.00
202202,"2022 February",2022-02-01,2022,Q1,2,45,"Motor trades",0,96.40,95.70,5.00,-0.20,0.30,-6.50,1.30
202202,"2022 February",2022-02-01,2022,Q1,2,V3980,"Motor trades & automotive fuel",1,99.90,94.70,5.00,4.60,-0.20,-5.00,NULL
202202,"2022 February",2022-02-01,2022,Q1,2,X1350,"Non-food retail",1,114.20,113.40,3.10,43.50,4.60,42.00,9.20
202202,"2022 February",2022-02-01,2022,Q1,2,X1410,"Other retail sales",1,120.20,112.90,12.60,44.90,3.60,49.00,6.40
202202,"2022 February",2022-02-01,2022,Q1,2,X1430,"Pharma, medical & cosmetics",1,103.40,101.00,0.70,10.80,3.40,11.90,NULL
202202,"2022 February",2022-02-01,2022,Q1,2,X1320,"Retail excl. motor trades",1,112.20,108.50,4.50,34.20,2.70,29.90,5.90
202202,"2022 February",2022-02-01,2022,Q1,2,X1310,"Retail excl. motor trades & bars",1,106.50,104.70,2.00,21.60,2.00,18.80,NULL
202202,"2022 February",2022-02-01,2022,Q1,2,X1330,"Retail excl. motor, fuel & bars",1,106.00,104.10,0.30,20.30,1.70,17.80,6.50
202202,"2022 February",2022-02-01,2022,Q1,2,X1360,"Specialised food & beverages",1,94.80,92.10,-1.70,-3.10,-0.20,-7.10,7.00
202202,"2022 February",2022-02-01,2022,Q1,2,X1390,"Textiles, clothing & footwear",1,124.70,123.10,2.10,356.90,3.20,346.60,10.10
202203,"2022 March",2022-03-01,2022,Q1,3,V3970,"All retail businesses",1,109.00,105.10,2.10,23.00,2.20,16.60,5.00
202203,"2022 March",2022-03-01,2022,Q1,3,4730,"Automotive fuel",0,121.70,94.50,5.50,40.20,-5.30,4.50,NULL
202203,"2022 March",2022-03-01,2022,Q1,3,5630,Bars,0,224.80,201.70,11.40,734.60,4.10,666.00,NULL
202203,"2022 March",2022-03-01,2022,Q1,3,X1420,"Books, newspapers & stationery",1,133.60,129.60,-4.40,92.80,-1.10,71.20,NULL
202203,"2022 March",2022-03-01,2022,Q1,3,X1400,"Books, stationery & other goods",1,131.20,128.50,4.80,62.20,9.70,57.60,15.40
202203,"2022 March",2022-03-01,2022,Q1,3,4719,"Department stores",0,134.60,129.10,2.00,65.90,1.00,67.00,9.40
202203,"2022 March",2022-03-01,2022,Q1,3,X1380,"Electrical goods",1,98.60,94.80,-7.50,-11.70,-5.20,-14.60,10.40
202203,"2022 March",2022-03-01,2022,Q1,3,X1340,"Food retail",1,98.20,95.20,1.50,-3.90,3.80,-7.70,3.30
202203,"2022 March",2022-03-01,2022,Q1,3,4711,"Food-dominant stores",0,98.30,95.10,1.80,-3.60,3.40,-7.20,2.70
202203,"2022 March",2022-03-01,2022,Q1,3,4759,"Furniture & lighting",0,122.20,115.70,27.00,43.40,5.80,40.30,NULL
202203,"2022 March",2022-03-01,2022,Q1,3,4752,"Hardware, paints & glass",0,107.70,105.50,12.60,-10.20,15.90,-16.10,NULL
202203,"2022 March",2022-03-01,2022,Q1,3,X1370,"Household equipment",1,109.40,104.10,11.50,-1.40,3.70,-4.80,7.00
202203,"2022 March",2022-03-01,2022,Q1,3,45,"Motor trades",0,96.50,92.90,0.10,-0.90,-2.90,-6.60,2.00
202203,"2022 March",2022-03-01,2022,Q1,3,V3980,"Motor trades & automotive fuel",1,99.80,92.90,-0.10,3.00,-1.80,-5.30,NULL
202203,"2022 March",2022-03-01,2022,Q1,3,X1350,"Non-food retail",1,117.70,116.50,3.10,45.50,2.80,44.40,9.70
202203,"2022 March",2022-03-01,2022,Q1,3,X1410,"Other retail sales",1,135.60,125.90,12.80,56.00,11.50,56.40,4.60
202203,"2022 March",2022-03-01,2022,Q1,3,X1430,"Pharma, medical & cosmetics",1,101.10,100.50,-2.20,9.50,-0.50,13.30,NULL
202203,"2022 March",2022-03-01,2022,Q1,3,X1320,"Retail excl. motor trades",1,118.50,114.40,5.60,38.90,5.50,34.70,6.30
202203,"2022 March",2022-03-01,2022,Q1,3,X1310,"Retail excl. motor trades & bars",1,112.50,108.10,5.60,25.90,3.30,20.80,NULL
202203,"2022 March",2022-03-01,2022,Q1,3,X1330,"Retail excl. motor, fuel & bars",1,109.70,107.90,3.50,23.10,3.70,20.50,6.80
202203,"2022 March",2022-03-01,2022,Q1,3,X1360,"Specialised food & beverages",1,95.00,91.30,0.30,-6.60,-0.90,-11.20,7.70
202203,"2022 March",2022-03-01,2022,Q1,3,X1390,"Textiles, clothing & footwear",1,123.10,122.80,-1.30,336.30,-0.30,336.40,11.30
202204,"2022 April",2022-04-01,2022,Q2,4,V3970,"All retail businesses",1,110.10,105.90,1.00,26.30,0.80,17.10,4.90
202204,"2022 April",2022-04-01,2022,Q2,4,4730,"Automotive fuel",0,123.40,100.40,1.40,37.20,6.20,8.00,NULL
202204,"2022 April",2022-04-01,2022,Q2,4,5630,Bars,0,202.40,199.00,-10.00,466.70,-1.30,473.90,NULL
202204,"2022 April",2022-04-01,2022,Q2,4,X1420,"Books, newspapers & stationery",1,127.10,122.90,-4.90,75.70,-5.20,59.80,NULL
202204,"2022 April",2022-04-01,2022,Q2,4,X1400,"Books, stationery & other goods",1,123.80,115.20,-5.60,32.90,-10.40,35.00,16.30
202204,"2022 April",2022-04-01,2022,Q2,4,4719,"Department stores",0,136.40,138.30,1.30,153.30,7.20,147.80,6.60
202204,"2022 April",2022-04-01,2022,Q2,4,X1380,"Electrical goods",1,103.10,100.60,4.50,-0.40,6.10,-6.20,9.60
202204,"2022 April",2022-04-01,2022,Q2,4,X1340,"Food retail",1,97.90,95.10,-0.40,-4.50,-0.10,-9.30,3.20
202204,"2022 April",2022-04-01,2022,Q2,4,4711,"Food-dominant stores",0,98.10,95.30,-0.20,-3.80,0.30,-9.00,2.50
202204,"2022 April",2022-04-01,2022,Q2,4,4759,"Furniture & lighting",0,107.80,106.00,-11.80,21.00,-8.40,18.40,NULL
202204,"2022 April",2022-04-01,2022,Q2,4,4752,"Hardware, paints & glass",0,97.80,92.50,-9.10,-18.70,-12.30,-23.50,NULL
202204,"2022 April",2022-04-01,2022,Q2,4,X1370,"Household equipment",1,102.20,99.40,-6.70,-7.40,-4.60,-12.10,8.00
202204,"2022 April",2022-04-01,2022,Q2,4,45,"Motor trades",0,99.30,94.00,2.90,10.00,1.20,-3.40,1.40
202204,"2022 April",2022-04-01,2022,Q2,4,V3980,"Motor trades & automotive fuel",1,103.10,95.90,3.30,13.20,3.10,-0.50,NULL
202204,"2022 April",2022-04-01,2022,Q2,4,X1350,"Non-food retail",1,115.90,114.30,-1.50,48.10,-1.90,46.70,9.80
202204,"2022 April",2022-04-01,2022,Q2,4,X1410,"Other retail sales",1,120.80,114.70,-10.90,33.80,-8.90,35.40,6.30
202204,"2022 April",2022-04-01,2022,Q2,4,X1430,"Pharma, medical & cosmetics",1,98.20,93.20,-2.90,12.90,-7.30,15.50,NULL
202204,"2022 April",2022-04-01,2022,Q2,4,X1320,"Retail excl. motor trades",1,114.80,111.00,-3.10,34.60,-3.00,29.70,6.40
202204,"2022 April",2022-04-01,2022,Q2,4,X1310,"Retail excl. motor trades & bars",1,109.40,105.80,-2.80,24.20,-2.10,19.40,NULL
202204,"2022 April",2022-04-01,2022,Q2,4,X1330,"Retail excl. motor, fuel & bars",1,108.20,106.40,-1.30,23.20,-1.40,20.20,6.80
202204,"2022 April",2022-04-01,2022,Q2,4,X1360,"Specialised food & beverages",1,95.40,89.50,0.30,-8.30,-1.90,-13.40,9.00
202204,"2022 April",2022-04-01,2022,Q2,4,X1390,"Textiles, clothing & footwear",1,127.50,124.40,3.60,367.40,1.40,361.20,9.60
202205,"2022 May",2022-05-01,2022,Q2,5,V3970,"All retail businesses",1,112.70,105.70,2.30,12.70,-0.20,5.00,5.70
202205,"2022 May",2022-05-01,2022,Q2,5,4730,"Automotive fuel",0,124.20,98.80,0.60,27.00,-1.60,-1.80,NULL
202205,"2022 May",2022-05-01,2022,Q2,5,5630,Bars,0,219.00,199.80,8.20,713.90,0.40,676.70,NULL
202205,"2022 May",2022-05-01,2022,Q2,5,X1420,"Books, newspapers & stationery",1,130.00,126.30,2.30,92.90,2.70,80.20,NULL
202205,"2022 May",2022-05-01,2022,Q2,5,X1400,"Books, stationery & other goods",1,125.40,117.50,1.20,34.40,2.00,34.70,15.90
202205,"2022 May",2022-05-01,2022,Q2,5,4719,"Department stores",0,131.30,126.90,-3.80,23.30,-8.30,18.10,7.10
202205,"2022 May",2022-05-01,2022,Q2,5,X1380,"Electrical goods",1,106.10,100.40,3.00,12.70,-0.20,4.20,8.90
202205,"2022 May",2022-05-01,2022,Q2,5,X1340,"Food retail",1,98.20,94.30,0.40,-2.60,-0.90,-7.60,3.00
202205,"2022 May",2022-05-01,2022,Q2,5,4711,"Food-dominant stores",0,98.60,94.60,0.50,-1.90,-0.80,-7.00,2.40
202205,"2022 May",2022-05-01,2022,Q2,5,4759,"Furniture & lighting",0,114.20,106.60,5.80,0.60,0.50,1.10,NULL
202205,"2022 May",2022-05-01,2022,Q2,5,4752,"Hardware, paints & glass",0,99.80,94.20,2.00,6.90,1.80,-2.90,NULL
202205,"2022 May",2022-05-01,2022,Q2,5,X1370,"Household equipment",1,107.10,102.20,4.80,6.60,2.90,-1.60,8.30
202205,"2022 May",2022-05-01,2022,Q2,5,45,"Motor trades",0,103.70,95.20,4.50,-4.10,1.20,-14.00,4.10
202205,"2022 May",2022-05-01,2022,Q2,5,V3980,"Motor trades & automotive fuel",1,106.20,96.10,2.90,-0.30,0.20,-11.40,NULL
202205,"2022 May",2022-05-01,2022,Q2,5,X1350,"Non-food retail",1,116.80,115.70,0.80,20.50,1.20,17.20,9.80
202205,"2022 May",2022-05-01,2022,Q2,5,X1410,"Other retail sales",1,123.10,115.90,1.90,33.50,1.10,34.10,5.60
202205,"2022 May",2022-05-01,2022,Q2,5,X1430,"Pharma, medical & cosmetics",1,103.10,101.60,5.00,9.70,9.00,14.40,NULL
202205,"2022 May",2022-05-01,2022,Q2,5,X1320,"Retail excl. motor trades",1,114.80,109.90,0.00,22.20,-0.90,16.60,6.40
202205,"2022 May",2022-05-01,2022,Q2,5,X1310,"Retail excl. motor trades & bars",1,110.20,105.00,0.70,12.70,-0.80,6.10,NULL
202205,"2022 May",2022-05-01,2022,Q2,5,X1330,"Retail excl. motor, fuel & bars",1,109.70,106.40,1.30,10.80,0.00,7.60,6.80
202205,"2022 May",2022-05-01,2022,Q2,5,X1360,"Specialised food & beverages",1,93.50,88.70,-1.90,-10.20,-0.90,-14.90,8.00
202205,"2022 May",2022-05-01,2022,Q2,5,X1390,"Textiles, clothing & footwear",1,133.10,129.40,4.40,8.20,4.00,5.50,9.70
202206,"2022 June",2022-06-01,2022,Q2,6,V3970,"All retail businesses",1,113.70,108.50,0.90,8.40,2.70,1.60,5.00
202206,"2022 June",2022-06-01,2022,Q2,6,4730,"Automotive fuel",0,132.80,100.30,6.90,26.70,1.50,-9.70,NULL
202206,"2022 June",2022-06-01,2022,Q2,6,5630,Bars,0,168.20,156.10,-23.20,78.70,-21.90,70.60,NULL
202206,"2022 June",2022-06-01,2022,Q2,6,X1420,"Books, newspapers & stationery",1,113.70,118.50,-12.50,8.90,-6.20,5.00,NULL
202206,"2022 June",2022-06-01,2022,Q2,6,X1400,"Books, stationery & other goods",1,128.30,120.80,2.30,23.30,2.90,25.30,16.50
202206,"2022 June",2022-06-01,2022,Q2,6,4719,"Department stores",0,129.80,125.60,-1.10,2.30,-1.00,-2.60,7.80
202206,"2022 June",2022-06-01,2022,Q2,6,X1380,"Electrical goods",1,99.10,91.40,-6.70,1.30,-8.90,-5.70,8.10
202206,"2022 June",2022-06-01,2022,Q2,6,X1340,"Food retail",1,99.70,94.40,1.50,0.50,0.10,-6.10,3.10
202206,"2022 June",2022-06-01,2022,Q2,6,4711,"Food-dominant stores",0,100.30,94.80,1.70,2.00,0.20,-4.90,2.50
202206,"2022 June",2022-06-01,2022,Q2,6,4759,"Furniture & lighting",0,112.70,108.90,-1.30,-1.40,2.20,-4.30,NULL
202206,"2022 June",2022-06-01,2022,Q2,6,4752,"Hardware, paints & glass",0,97.30,90.80,-2.50,1.70,-3.60,-5.00,NULL
202206,"2022 June",2022-06-01,2022,Q2,6,X1370,"Household equipment",1,101.10,97.30,-5.50,0.90,-4.80,-6.10,6.20
202206,"2022 June",2022-06-01,2022,Q2,6,45,"Motor trades",0,104.70,95.20,0.90,-2.50,0.00,-10.30,2.40
202206,"2022 June",2022-06-01,2022,Q2,6,V3980,"Motor trades & automotive fuel",1,108.60,97.30,2.30,1.70,1.30,-10.10,NULL
202206,"2022 June",2022-06-01,2022,Q2,6,X1350,"Non-food retail",1,118.70,115.70,1.60,13.10,0.00,10.90,9.30
202206,"2022 June",2022-06-01,2022,Q2,6,X1410,"Other retail sales",1,130.70,121.10,6.10,24.80,4.50,24.20,6.00
202206,"2022 June",2022-06-01,2022,Q2,6,X1430,"Pharma, medical & cosmetics",1,106.70,107.00,3.50,2.40,5.30,7.40,NULL
202206,"2022 June",2022-06-01,2022,Q2,6,X1320,"Retail excl. motor trades",1,115.00,110.80,0.10,11.10,0.80,6.00,6.00
202206,"2022 June",2022-06-01,2022,Q2,6,X1310,"Retail excl. motor trades & bars",1,114.00,107.90,3.40,9.50,2.70,3.70,NULL
202206,"2022 June",2022-06-01,2022,Q2,6,X1330,"Retail excl. motor, fuel & bars",1,112.30,107.60,2.40,8.80,1.10,3.90,6.50
202206,"2022 June",2022-06-01,2022,Q2,6,X1360,"Specialised food & beverages",1,94.40,88.10,0.90,-12.20,-0.80,-18.20,7.90
202206,"2022 June",2022-06-01,2022,Q2,6,X1390,"Textiles, clothing & footwear",1,131.70,129.80,-1.10,2.60,0.30,1.30,8.40
202207,"2022 July",2022-07-01,2022,Q3,7,V3970,"All retail businesses",1,112.40,106.20,-1.20,6.80,-2.10,0.70,4.80
202207,"2022 July",2022-07-01,2022,Q3,7,4730,"Automotive fuel",0,132.30,99.90,-0.30,24.20,-0.40,-7.30,NULL
202207,"2022 July",2022-07-01,2022,Q3,7,5630,Bars,0,198.80,191.80,18.10,68.70,22.80,53.80,NULL
202207,"2022 July",2022-07-01,2022,Q3,7,X1420,"Books, newspapers & stationery",1,120.20,119.30,5.70,23.70,0.70,18.10,NULL
202207,"2022 July",2022-07-01,2022,Q3,7,X1400,"Books, stationery & other goods",1,123.10,118.80,-4.00,21.60,-1.60,21.60,16.60
202207,"2022 July",2022-07-01,2022,Q3,7,4719,"Department stores",0,123.70,120.20,-4.70,11.80,-4.30,6.80,8.40
202207,"2022 July",2022-07-01,2022,Q3,7,X1380,"Electrical goods",1,99.00,91.90,-0.10,1.70,0.50,-3.20,8.80
202207,"2022 July",2022-07-01,2022,Q3,7,X1340,"Food retail",1,102.60,95.50,2.90,0.30,1.20,-7.00,3.00
202207,"2022 July",2022-07-01,2022,Q3,7,4711,"Food-dominant stores",0,103.20,96.20,2.90,0.20,1.50,-6.50,2.40
202207,"2022 July",2022-07-01,2022,Q3,7,4759,"Furniture & lighting",0,113.80,108.40,1.00,-5.20,-0.40,-2.90,NULL
202207,"2022 July",2022-07-01,2022,Q3,7,4752,"Hardware, paints & glass",0,94.70,90.10,-2.70,1.20,-0.80,-4.90,NULL
202207,"2022 July",2022-07-01,2022,Q3,7,X1370,"Household equipment",1,102.20,95.50,1.10,-0.90,-1.90,-3.90,7.10
202207,"2022 July",2022-07-01,2022,Q3,7,45,"Motor trades",0,105.40,98.60,0.70,-4.80,3.60,-11.90,1.50
202207,"2022 July",2022-07-01,2022,Q3,7,V3980,"Motor trades & automotive fuel",1,107.10,96.40,-1.40,-2.20,-1.00,-11.20,NULL
202207,"2022 July",2022-07-01,2022,Q3,7,X1350,"Non-food retail",1,117.10,113.90,-1.40,13.70,-1.60,10.40,9.80
202207,"2022 July",2022-07-01,2022,Q3,7,X1410,"Other retail sales",1,125.00,119.30,-4.40,23.20,-1.50,20.00,6.20
202207,"2022 July",2022-07-01,2022,Q3,7,X1430,"Pharma, medical & cosmetics",1,104.40,107.70,-2.10,6.80,0.60,6.80,NULL
202207,"2022 July",2022-07-01,2022,Q3,7,X1320,"Retail excl. motor trades",1,113.80,109.10,-1.00,8.90,-1.50,3.40,6.10
202207,"2022 July",2022-07-01,2022,Q3,7,X1310,"Retail excl. motor trades & bars",1,112.20,106.80,-1.60,8.60,-1.00,2.70,NULL
202207,"2022 July",2022-07-01,2022,Q3,7,X1330,"Retail excl. motor, fuel & bars",1,111.60,107.20,-0.70,8.40,-0.30,3.40,6.70
202207,"2022 July",2022-07-01,2022,Q3,7,X1360,"Specialised food & beverages",1,97.30,90.00,3.10,-6.40,2.20,-13.40,7.60
202207,"2022 July",2022-07-01,2022,Q3,7,X1390,"Textiles, clothing & footwear",1,129.70,127.50,-1.50,8.30,-1.80,3.40,10.60
202208,"2022 August",2022-08-01,2022,Q3,8,V3970,"All retail businesses",1,114.60,107.70,2.00,9.80,1.40,3.40,4.80
202208,"2022 August",2022-08-01,2022,Q3,8,4730,"Automotive fuel",0,127.80,101.70,-3.50,15.50,1.80,-9.00,NULL
202208,"2022 August",2022-08-01,2022,Q3,8,5630,Bars,0,204.60,195.10,2.90,40.50,1.70,28.00,NULL
202208,"2022 August",2022-08-01,2022,Q3,8,X1420,"Books, newspapers & stationery",1,121.00,118.10,0.70,1.10,-1.00,1.60,NULL
202208,"2022 August",2022-08-01,2022,Q3,8,X1400,"Books, stationery & other goods",1,122.30,114.70,-0.70,27.10,-3.50,27.80,17.70
202208,"2022 August",2022-08-01,2022,Q3,8,4719,"Department stores",0,117.90,113.10,-4.70,7.90,-5.90,2.60,6.20
202208,"2022 August",2022-08-01,2022,Q3,8,X1380,"Electrical goods",1,99.70,94.50,0.80,1.00,2.80,-5.20,9.20
202208,"2022 August",2022-08-01,2022,Q3,8,X1340,"Food retail",1,104.70,95.60,2.10,7.00,0.10,-1.00,2.70
202208,"2022 August",2022-08-01,2022,Q3,8,4711,"Food-dominant stores",0,105.60,96.30,2.40,7.50,0.10,-0.10,2.20
202208,"2022 August",2022-08-01,2022,Q3,8,4759,"Furniture & lighting",0,108.50,102.70,-4.70,-5.90,-5.30,-6.90,NULL
202208,"2022 August",2022-08-01,2022,Q3,8,4752,"Hardware, paints & glass",0,99.20,91.70,4.80,3.00,1.80,-3.40,NULL
202208,"2022 August",2022-08-01,2022,Q3,8,X1370,"Household equipment",1,100.00,95.00,-2.20,0.10,-0.60,-6.30,7.70
202208,"2022 August",2022-08-01,2022,Q3,8,45,"Motor trades",0,111.20,100.50,5.50,1.80,1.90,-6.50,0.80
202208,"2022 August",2022-08-01,2022,Q3,8,V3980,"Motor trades & automotive fuel",1,112.60,100.80,5.10,2.90,4.50,-7.00,NULL
202208,"2022 August",2022-08-01,2022,Q3,8,X1350,"Non-food retail",1,115.70,112.90,-1.20,12.70,-0.80,9.10,10.20
202208,"2022 August",2022-08-01,2022,Q3,8,X1410,"Other retail sales",1,122.50,116.40,-2.00,26.50,-2.50,28.30,7.10
202208,"2022 August",2022-08-01,2022,Q3,8,X1430,"Pharma, medical & cosmetics",1,98.90,102.80,-5.30,3.80,-4.50,4.20,NULL
202208,"2022 August",2022-08-01,2022,Q3,8,X1320,"Retail excl. motor trades",1,114.20,108.90,0.30,10.70,-0.20,5.20,6.40
202208,"2022 August",2022-08-01,2022,Q3,8,X1310,"Retail excl. motor trades & bars",1,112.10,106.10,-0.10,10.70,-0.70,4.30,NULL
202208,"2022 August",2022-08-01,2022,Q3,8,X1330,"Retail excl. motor, fuel & bars",1,110.80,106.50,-0.70,10.50,-0.70,5.60,6.80
202208,"2022 August",2022-08-01,2022,Q3,8,X1360,"Specialised food & beverages",1,100.00,91.60,2.80,-1.50,1.80,-9.40,6.10
202208,"2022 August",2022-08-01,2022,Q3,8,X1390,"Textiles, clothing & footwear",1,131.20,127.90,1.10,4.90,0.30,2.10,9.90
202209,"2022 September",2022-09-01,2022,Q3,9,V3970,"All retail businesses",1,116.90,109.00,2.00,9.90,1.20,3.70,5.30
202209,"2022 September",2022-09-01,2022,Q3,9,4730,"Automotive fuel",0,130.20,104.20,1.90,20.70,2.50,-2.00,NULL
202209,"2022 September",2022-09-01,2022,Q3,9,5630,Bars,0,201.60,194.70,-1.50,17.00,-0.20,6.80,NULL
202209,"2022 September",2022-09-01,2022,Q3,9,X1420,"Books, newspapers & stationery",1,131.00,125.10,8.30,12.00,5.90,11.20,NULL
202209,"2022 September",2022-09-01,2022,Q3,9,X1400,"Books, stationery & other goods",1,122.70,118.70,0.40,21.60,3.50,18.10,16.20
202209,"2022 September",2022-09-01,2022,Q3,9,4719,"Department stores",0,125.80,117.80,6.70,10.20,4.20,4.60,8.80
202209,"2022 September",2022-09-01,2022,Q3,9,X1380,"Electrical goods",1,99.20,92.00,-0.50,0.80,-2.60,-3.50,11.10
202209,"2022 September",2022-09-01,2022,Q3,9,X1340,"Food retail",1,101.90,92.40,-2.60,4.00,-3.30,-3.70,3.00
202209,"2022 September",2022-09-01,2022,Q3,9,4711,"Food-dominant stores",0,103.10,93.60,-2.40,5.20,-2.70,-2.90,2.50
202209,"2022 September",2022-09-01,2022,Q3,9,4759,"Furniture & lighting",0,111.00,107.20,2.30,-1.60,4.40,-3.90,NULL
202209,"2022 September",2022-09-01,2022,Q3,9,4752,"Hardware, paints & glass",0,99.50,91.30,0.30,7.80,-0.40,1.80,NULL
202209,"2022 September",2022-09-01,2022,Q3,9,X1370,"Household equipment",1,99.80,95.40,-0.30,3.40,0.40,-0.40,11.60
202209,"2022 September",2022-09-01,2022,Q3,9,45,"Motor trades",0,120.40,109.60,8.20,10.40,9.00,3.50,1.80
202209,"2022 September",2022-09-01,2022,Q3,9,V3980,"Motor trades & automotive fuel",1,120.20,106.70,6.80,11.50,5.90,2.30,NULL
202209,"2022 September",2022-09-01,2022,Q3,9,X1350,"Non-food retail",1,117.60,113.40,1.60,10.60,0.40,6.70,10.60
202209,"2022 September",2022-09-01,2022,Q3,9,X1410,"Other retail sales",1,123.90,120.50,1.10,21.30,3.60,16.90,5.50
202209,"2022 September",2022-09-01,2022,Q3,9,X1430,"Pharma, medical & cosmetics",1,100.60,103.80,1.70,1.60,0.90,1.70,NULL
202209,"2022 September",2022-09-01,2022,Q3,9,X1320,"Retail excl. motor trades",1,114.70,108.40,0.40,7.70,-0.40,1.60,6.80
202209,"2022 September",2022-09-01,2022,Q3,9,X1310,"Retail excl. motor trades & bars",1,113.50,106.50,1.30,9.40,0.40,2.50,NULL
202209,"2022 September",2022-09-01,2022,Q3,9,X1330,"Retail excl. motor, fuel & bars",1,111.70,106.70,0.80,8.00,0.10,3.10,7.20
202209,"2022 September",2022-09-01,2022,Q3,9,X1360,"Specialised food & beverages",1,94.30,85.30,-5.70,-6.70,-6.90,-13.90,7.00
202209,"2022 September",2022-09-01,2022,Q3,9,X1390,"Textiles, clothing & footwear",1,131.20,123.70,0.00,-1.60,-3.30,-5.30,8.60
202210,"2022 October",2022-10-01,2022,Q4,10,V3970,"All retail businesses",1,119.70,110.50,2.40,6.00,1.40,0.70,4.60
202210,"2022 October",2022-10-01,2022,Q4,10,4730,"Automotive fuel",0,129.40,106.20,-0.60,15.90,2.00,1.60,NULL
202210,"2022 October",2022-10-01,2022,Q4,10,5630,Bars,0,212.10,200.20,5.20,17.90,2.80,5.60,NULL
202210,"2022 October",2022-10-01,2022,Q4,10,X1420,"Books, newspapers & stationery",1,127.50,119.20,-2.70,-1.80,-4.70,-10.90,NULL
202210,"2022 October",2022-10-01,2022,Q4,10,X1400,"Books, stationery & other goods",1,128.70,124.30,4.90,-2.10,4.70,-7.80,17.60
202210,"2022 October",2022-10-01,2022,Q4,10,4719,"Department stores",0,124.10,118.70,-1.40,11.70,0.80,5.80,8.00
202210,"2022 October",2022-10-01,2022,Q4,10,X1380,"Electrical goods",1,98.90,90.80,-0.40,1.30,-1.30,-4.40,9.20
202210,"2022 October",2022-10-01,2022,Q4,10,X1340,"Food retail",1,103.50,94.20,1.50,6.70,1.90,-2.50,3.00
202210,"2022 October",2022-10-01,2022,Q4,10,4711,"Food-dominant stores",0,105.00,95.40,1.80,7.10,1.90,-2.20,2.70
202210,"2022 October",2022-10-01,2022,Q4,10,4759,"Furniture & lighting",0,112.90,106.00,1.70,-4.60,-1.10,-2.00,NULL
202210,"2022 October",2022-10-01,2022,Q4,10,4752,"Hardware, paints & glass",0,96.90,89.90,-2.60,4.80,-1.50,-1.50,NULL
202210,"2022 October",2022-10-01,2022,Q4,10,X1370,"Household equipment",1,99.70,93.10,0.00,1.30,-2.50,-3.70,6.70
202210,"2022 October",2022-10-01,2022,Q4,10,45,"Motor trades",0,123.70,106.20,2.70,-4.10,-3.10,2.10,1.00
202210,"2022 October",2022-10-01,2022,Q4,10,V3980,"Motor trades & automotive fuel",1,122.50,105.40,1.90,9.10,-1.20,0.90,NULL
202210,"2022 October",2022-10-01,2022,Q4,10,X1350,"Non-food retail",1,120.00,116.50,2.10,1.60,2.80,-1.70,9.10
202210,"2022 October",2022-10-01,2022,Q4,10,X1410,"Other retail sales",1,125.10,123.80,0.90,-10.50,2.70,-12.20,7.40
202210,"2022 October",2022-10-01,2022,Q4,10,X1430,"Pharma, medical & cosmetics",1,103.70,105.70,3.10,4.90,1.90,1.40,NULL
202210,"2022 October",2022-10-01,2022,Q4,10,X1320,"Retail excl. motor trades",1,118.00,110.50,2.90,4.30,2.00,-1.90,6.10
202210,"2022 October",2022-10-01,2022,Q4,10,X1310,"Retail excl. motor trades & bars",1,114.50,108.20,0.90,4.80,1.60,-0.80,NULL
202210,"2022 October",2022-10-01,2022,Q4,10,X1330,"Retail excl. motor, fuel & bars",1,113.40,107.30,1.50,4.20,0.60,-1.90,6.40
202210,"2022 October",2022-10-01,2022,Q4,10,X1360,"Specialised food & beverages",1,92.90,84.40,-1.50,3.90,-1.10,-6.30,6.00
202210,"2022 October",2022-10-01,2022,Q4,10,X1390,"Textiles, clothing & footwear",1,135.70,133.30,3.40,7.40,7.80,2.80,6.90
202211,"2022 November",2022-11-01,2022,Q4,11,V3970,"All retail businesses",1,119.00,110.60,-0.60,3.00,0.10,-1.10,6.30
202211,"2022 November",2022-11-01,2022,Q4,11,4730,"Automotive fuel",0,130.10,102.40,0.50,16.60,-3.60,-1.80,NULL
202211,"2022 November",2022-11-01,2022,Q4,11,5630,Bars,0,218.10,204.30,2.80,18.40,2.10,4.20,NULL
202211,"2022 November",2022-11-01,2022,Q4,11,X1420,"Books, newspapers & stationery",1,145.90,133.10,14.50,9.70,11.70,3.60,NULL
202211,"2022 November",2022-11-01,2022,Q4,11,X1400,"Books, stationery & other goods",1,120.40,118.10,-6.50,-2.50,-5.00,-5.00,17.80
202211,"2022 November",2022-11-01,2022,Q4,11,4719,"Department stores",0,124.90,119.40,0.70,15.30,0.60,10.40,10.80
202211,"2022 November",2022-11-01,2022,Q4,11,X1380,"Electrical goods",1,104.70,100.40,5.90,2.90,10.60,-5.50,17.10
202211,"2022 November",2022-11-01,2022,Q4,11,X1340,"Food retail",1,104.40,94.70,0.90,8.70,0.60,-1.20,4.10
202211,"2022 November",2022-11-01,2022,Q4,11,4711,"Food-dominant stores",0,105.00,95.40,0.10,9.00,0.00,-0.80,3.20
202211,"2022 November",2022-11-01,2022,Q4,11,4759,"Furniture & lighting",0,114.10,108.10,1.00,-1.20,1.90,-1.00,NULL
202211,"2022 November",2022-11-01,2022,Q4,11,4752,"Hardware, paints & glass",0,102.70,93.90,5.90,4.90,4.40,-0.70,NULL
202211,"2022 November",2022-11-01,2022,Q4,11,X1370,"Household equipment",1,106.10,97.40,6.30,3.40,4.70,-1.70,12.80
202211,"2022 November",2022-11-01,2022,Q4,11,45,"Motor trades",0,124.50,104.10,0.60,0.50,-2.00,-5.20,1.30
202211,"2022 November",2022-11-01,2022,Q4,11,V3980,"Motor trades & automotive fuel",1,124.80,103.10,1.90,-0.50,-2.20,-8.20,NULL
202211,"2022 November",2022-11-01,2022,Q4,11,X1350,"Non-food retail",1,118.50,114.50,-1.20,2.10,-1.80,-0.30,12.50
202211,"2022 November",2022-11-01,2022,Q4,11,X1410,"Other retail sales",1,119.80,121.60,-4.20,8.80,-1.80,-2.90,7.60
202211,"2022 November",2022-11-01,2022,Q4,11,X1430,"Pharma, medical & cosmetics",1,107.00,110.00,3.20,-1.10,4.10,2.60,NULL
202211,"2022 November",2022-11-01,2022,Q4,11,X1320,"Retail excl. motor trades",1,119.20,110.70,1.00,5.70,0.20,-1.30,8.40
202211,"2022 November",2022-11-01,2022,Q4,11,X1310,"Retail excl. motor trades & bars",1,114.50,106.80,0.00,4.50,-1.30,-1.30,NULL
202211,"2022 November",2022-11-01,2022,Q4,11,X1330,"Retail excl. motor, fuel & bars",1,114.00,107.70,0.60,3.60,0.30,-0.90,8.70
202211,"2022 November",2022-11-01,2022,Q4,11,X1360,"Specialised food & beverages",1,97.70,88.80,5.20,3.30,5.30,-7.60,10.70
202211,"2022 November",2022-11-01,2022,Q4,11,X1390,"Textiles, clothing & footwear",1,138.90,135.10,2.40,12.60,1.30,9.00,13.00
202212,"2022 December",2022-12-01,2022,Q4,12,V3970,"All retail businesses",1,120.00,111.70,0.80,11.90,1.00,7.40,6.30
202212,"2022 December",2022-12-01,2022,Q4,12,4730,"Automotive fuel",0,123.60,106.10,-5.00,7.30,3.60,6.90,NULL
202212,"2022 December",2022-12-01,2022,Q4,12,5630,Bars,0,215.10,196.70,-1.40,60.40,-3.70,49.40,NULL
202212,"2022 December",2022-12-01,2022,Q4,12,X1420,"Books, newspapers & stationery",1,141.20,131.00,-3.20,4.40,-1.60,0.10,NULL
202212,"2022 December",2022-12-01,2022,Q4,12,X1400,"Books, stationery & other goods",1,116.10,126.60,-3.60,20.80,7.20,11.30,18.70
202212,"2022 December",2022-12-01,2022,Q4,12,4719,"Department stores",0,120.60,115.90,-3.50,13.30,-2.90,8.30,8.30
202212,"2022 December",2022-12-01,2022,Q4,12,X1380,"Electrical goods",1,96.50,93.00,-7.80,11.50,-7.40,5.10,12.60
202212,"2022 December",2022-12-01,2022,Q4,12,X1340,"Food retail",1,104.40,94.30,0.00,9.10,-0.50,-1.20,3.20
202212,"2022 December",2022-12-01,2022,Q4,12,4711,"Food-dominant stores",0,106.00,95.50,0.90,9.70,0.10,-0.80,2.50
202212,"2022 December",2022-12-01,2022,Q4,12,4759,"Furniture & lighting",0,107.20,109.40,-6.00,4.00,1.20,-1.80,NULL
202212,"2022 December",2022-12-01,2022,Q4,12,4752,"Hardware, paints & glass",0,99.40,91.40,-3.20,-1.80,-2.70,-6.20,NULL
202212,"2022 December",2022-12-01,2022,Q4,12,X1370,"Household equipment",1,102.80,96.10,-3.10,4.00,-1.40,2.30,11.10
202212,"2022 December",2022-12-01,2022,Q4,12,45,"Motor trades",0,125.70,99.60,1.00,14.10,-4.30,19.40,4.20
202212,"2022 December",2022-12-01,2022,Q4,12,V3980,"Motor trades & automotive fuel",1,124.50,105.40,-0.30,12.80,2.30,11.90,NULL
202212,"2022 December",2022-12-01,2022,Q4,12,X1350,"Non-food retail",1,119.50,117.70,0.80,10.10,2.80,7.50,11.40
202212,"2022 December",2022-12-01,2022,Q4,12,X1410,"Other retail sales",1,117.90,126.80,-1.60,19.40,4.40,13.50,9.00
202212,"2022 December",2022-12-01,2022,Q4,12,X1430,"Pharma, medical & cosmetics",1,107.40,114.80,0.40,-0.10,4.30,-5.20,NULL
202212,"2022 December",2022-12-01,2022,Q4,12,X1320,"Retail excl. motor trades",1,120.50,112.20,1.20,12.50,1.40,5.50,7.20
202212,"2022 December",2022-12-01,2022,Q4,12,X1310,"Retail excl. motor trades & bars",1,114.30,108.70,-0.10,8.50,1.80,4.00,NULL
202212,"2022 December",2022-12-01,2022,Q4,12,X1330,"Retail excl. motor, fuel & bars",1,114.90,109.20,0.80,9.30,1.40,4.30,7.70
202212,"2022 December",2022-12-01,2022,Q4,12,X1360,"Specialised food & beverages",1,93.60,83.00,-4.20,0.70,-6.50,-7.70,9.30
202212,"2022 December",2022-12-01,2022,Q4,12,X1390,"Textiles, clothing & footwear",1,135.10,132.30,-2.80,15.70,-2.10,10.80,10.00
202301,"2023 January",2023-01-01,2023,Q1,1,V3970,"All retail businesses",1,115.60,108.90,-3.70,15.10,-2.50,8.70,5.40
202301,"2023 January",2023-01-01,2023,Q1,1,4730,"Automotive fuel",0,124.60,105.40,0.80,10.80,-0.60,6.40,NULL
202301,"2023 January",2023-01-01,2023,Q1,1,5630,Bars,0,209.80,188.50,-2.50,52.90,-4.20,45.00,NULL
202301,"2023 January",2023-01-01,2023,Q1,1,X1420,"Books, newspapers & stationery",1,152.10,141.40,7.70,5.40,7.90,2.20,NULL
202301,"2023 January",2023-01-01,2023,Q1,1,X1400,"Books, stationery & other goods",1,128.90,127.10,11.00,19.20,0.40,17.50,17.90
202301,"2023 January",2023-01-01,2023,Q1,1,4719,"Department stores",0,129.90,120.20,7.70,-1.90,3.70,-6.60,8.20
202301,"2023 January",2023-01-01,2023,Q1,1,X1380,"Electrical goods",1,102.20,92.60,5.90,1.00,-0.40,-1.20,10.40
202301,"2023 January",2023-01-01,2023,Q1,1,X1340,"Food retail",1,106.80,94.70,2.30,7.20,0.40,-1.20,3.90
202301,"2023 January",2023-01-01,2023,Q1,1,4711,"Food-dominant stores",0,106.10,94.80,0.10,8.40,-0.80,-0.20,3.30
202301,"2023 January",2023-01-01,2023,Q1,1,4759,"Furniture & lighting",0,119.30,120.60,11.30,16.40,10.20,12.60,NULL
202301,"2023 January",2023-01-01,2023,Q1,1,4752,"Hardware, paints & glass",0,105.00,95.80,5.70,7.10,4.80,0.50,NULL
202301,"2023 January",2023-01-01,2023,Q1,1,X1370,"Household equipment",1,105.70,99.00,2.90,8.20,3.10,3.40,9.00
202301,"2023 January",2023-01-01,2023,Q1,1,45,"Motor trades",0,110.70,104.40,-11.90,20.60,4.80,9.30,1.70
202301,"2023 January",2023-01-01,2023,Q1,1,V3980,"Motor trades & automotive fuel",1,113.00,103.90,-9.30,18.70,-1.40,9.60,NULL
202301,"2023 January",2023-01-01,2023,Q1,1,X1350,"Non-food retail",1,122.80,117.50,2.70,10.90,-0.20,8.50,10.30
202301,"2023 January",2023-01-01,2023,Q1,1,X1410,"Other retail sales",1,128.50,127.50,9.00,20.40,0.50,17.10,8.20
202301,"2023 January",2023-01-01,2023,Q1,1,X1430,"Pharma, medical & cosmetics",1,112.00,105.00,4.30,9.10,-8.50,7.50,NULL
202301,"2023 January",2023-01-01,2023,Q1,1,X1320,"Retail excl. motor trades",1,120.60,112.30,0.10,12.30,0.10,6.40,7.00
202301,"2023 January",2023-01-01,2023,Q1,1,X1310,"Retail excl. motor trades & bars",1,115.60,108.10,1.10,10.70,-0.50,5.40,NULL
202301,"2023 January",2023-01-01,2023,Q1,1,X1330,"Retail excl. motor, fuel & bars",1,116.30,108.00,1.20,10.00,-1.10,5.50,7.40
202301,"2023 January",2023-01-01,2023,Q1,1,X1360,"Specialised food & beverages",1,99.30,87.70,6.10,3.00,5.70,-4.90,8.30
202301,"2023 January",2023-01-01,2023,Q1,1,X1390,"Textiles, clothing & footwear",1,137.50,129.60,1.70,12.50,-2.00,8.70,10.40
202302,"2023 February",2023-02-01,2023,Q1,2,V3970,"All retail businesses",1,120.30,110.30,4.10,12.70,1.30,7.30,5.20
202302,"2023 February",2023-02-01,2023,Q1,2,4730,"Automotive fuel",0,122.70,105.30,-1.50,6.40,-0.10,5.50,NULL
202302,"2023 February",2023-02-01,2023,Q1,2,5630,Bars,0,227.80,203.40,8.60,12.90,7.90,5.00,NULL
202302,"2023 February",2023-02-01,2023,Q1,2,X1420,"Books, newspapers & stationery",1,140.00,128.40,-8.00,0.10,-9.20,-2.10,NULL
202302,"2023 February",2023-02-01,2023,Q1,2,X1400,"Books, stationery & other goods",1,136.40,129.00,5.80,8.90,1.50,10.10,18.20
202302,"2023 February",2023-02-01,2023,Q1,2,4719,"Department stores",0,137.20,126.60,5.70,4.00,5.40,-0.90,5.50
202302,"2023 February",2023-02-01,2023,Q1,2,X1380,"Electrical goods",1,100.80,89.70,-1.40,-5.50,-3.10,-10.30,11.10
202302,"2023 February",2023-02-01,2023,Q1,2,X1340,"Food retail",1,107.10,93.70,0.30,10.70,-1.10,2.10,3.50
202302,"2023 February",2023-02-01,2023,Q1,2,4711,"Food-dominant stores",0,107.40,94.40,1.30,11.30,-0.40,2.60,2.80
202302,"2023 February",2023-02-01,2023,Q1,2,4759,"Furniture & lighting",0,105.30,113.10,-11.80,9.40,-6.20,3.40,NULL
202302,"2023 February",2023-02-01,2023,Q1,2,4752,"Hardware, paints & glass",0,106.10,95.00,1.10,11.00,-0.80,4.30,NULL
202302,"2023 February",2023-02-01,2023,Q1,2,X1370,"Household equipment",1,103.90,98.80,-1.70,5.80,-0.30,-1.70,11.80
202302,"2023 February",2023-02-01,2023,Q1,2,45,"Motor trades",0,114.50,106.30,3.40,18.80,1.90,11.10,1.30
202302,"2023 February",2023-02-01,2023,Q1,2,V3980,"Motor trades & automotive fuel",1,116.50,105.00,3.10,16.60,1.10,11.00,NULL
202302,"2023 February",2023-02-01,2023,Q1,2,X1350,"Non-food retail",1,124.00,119.10,1.00,8.60,1.30,5.00,10.40
202302,"2023 February",2023-02-01,2023,Q1,2,X1410,"Other retail sales",1,132.20,125.90,2.80,9.90,-1.30,11.60,8.40
202302,"2023 February",2023-02-01,2023,Q1,2,X1430,"Pharma, medical & cosmetics",1,110.40,106.60,-1.50,6.70,1.50,5.50,NULL
202302,"2023 February",2023-02-01,2023,Q1,2,X1320,"Retail excl. motor trades",1,122.50,113.30,1.50,9.20,0.90,4.40,6.80
202302,"2023 February",2023-02-01,2023,Q1,2,X1310,"Retail excl. motor trades & bars",1,116.80,108.90,1.10,9.70,0.70,4.00,NULL
202302,"2023 February",2023-02-01,2023,Q1,2,X1330,"Retail excl. motor, fuel & bars",1,116.50,108.70,0.20,10.00,0.60,4.40,7.30
202302,"2023 February",2023-02-01,2023,Q1,2,X1360,"Specialised food & beverages",1,99.20,87.50,-0.10,4.60,-0.20,-5.00,9.10
202302,"2023 February",2023-02-01,2023,Q1,2,X1390,"Textiles, clothing & footwear",1,136.50,128.80,-0.70,9.40,-0.60,4.60,8.00
202303,"2023 March",2023-03-01,2023,Q1,3,V3970,"All retail businesses",1,121.70,112.00,1.20,11.60,1.60,6.60,5.80
202303,"2023 March",2023-03-01,2023,Q1,3,4730,"Automotive fuel",0,118.10,103.70,-3.80,-2.90,-1.60,9.70,NULL
202303,"2023 March",2023-03-01,2023,Q1,3,5630,Bars,0,231.50,205.00,1.60,3.00,0.80,1.60,NULL
202303,"2023 March",2023-03-01,2023,Q1,3,X1420,"Books, newspapers & stationery",1,136.20,126.70,-2.70,1.90,-1.30,-2.20,NULL
202303,"2023 March",2023-03-01,2023,Q1,3,X1400,"Books, stationery & other goods",1,128.10,126.80,-6.10,-2.40,-1.70,-1.30,17.40
202303,"2023 March",2023-03-01,2023,Q1,3,4719,"Department stores",0,135.30,123.50,-1.40,0.50,-2.50,-4.30,9.30
202303,"2023 March",2023-03-01,2023,Q1,3,X1380,"Electrical goods",1,101.60,92.30,0.80,3.00,2.80,-2.70,13.80
202303,"2023 March",2023-03-01,2023,Q1,3,X1340,"Food retail",1,107.00,94.10,-0.10,8.90,0.40,-1.20,4.20
202303,"2023 March",2023-03-01,2023,Q1,3,4711,"Food-dominant stores",0,107.50,94.40,0.00,9.30,0.10,-0.70,4.10
202303,"2023 March",2023-03-01,2023,Q1,3,4759,"Furniture & lighting",0,122.60,117.50,16.50,0.30,3.90,1.50,NULL
202303,"2023 March",2023-03-01,2023,Q1,3,4752,"Hardware, paints & glass",0,98.40,92.00,-7.30,-8.60,-3.20,-12.80,NULL
202303,"2023 March",2023-03-01,2023,Q1,3,X1370,"Household equipment",1,106.10,98.20,2.10,-3.10,-0.60,-5.70,13.10
202303,"2023 March",2023-03-01,2023,Q1,3,45,"Motor trades",0,126.90,113.00,10.80,31.50,6.20,21.50,2.00
202303,"2023 March",2023-03-01,2023,Q1,3,V3980,"Motor trades & automotive fuel",1,126.50,114.10,8.60,26.70,8.60,22.80,NULL
202303,"2023 March",2023-03-01,2023,Q1,3,X1350,"Non-food retail",1,120.10,115.50,-3.10,2.00,-3.00,-0.90,11.10
202303,"2023 March",2023-03-01,2023,Q1,3,X1410,"Other retail sales",1,130.60,125.50,-1.20,-3.70,-0.40,-0.30,7.80
202303,"2023 March",2023-03-01,2023,Q1,3,X1430,"Pharma, medical & cosmetics",1,113.00,107.70,2.40,11.80,1.10,7.20,NULL
202303,"2023 March",2023-03-01,2023,Q1,3,X1320,"Retail excl. motor trades",1,123.20,113.80,0.60,4.00,0.50,-0.50,7.40
202303,"2023 March",2023-03-01,2023,Q1,3,X1310,"Retail excl. motor trades & bars",1,116.40,107.40,-0.40,3.50,-1.30,-0.60,NULL
202303,"2023 March",2023-03-01,2023,Q1,3,X1330,"Retail excl. motor, fuel & bars",1,115.40,107.30,-1.00,5.20,-1.30,-0.60,8.00
202303,"2023 March",2023-03-01,2023,Q1,3,X1360,"Specialised food & beverages",1,99.40,86.50,0.20,4.50,-1.20,-5.30,5.30
202303,"2023 March",2023-03-01,2023,Q1,3,X1390,"Textiles, clothing & footwear",1,133.10,125.70,-2.40,8.20,-2.40,2.40,8.80
202304,"2023 April",2023-04-01,2023,Q2,4,V3970,"All retail businesses",1,121.60,111.50,0.00,10.40,-0.40,5.30,5.10
202304,"2023 April",2023-04-01,2023,Q2,4,4730,"Automotive fuel",0,119.10,106.50,0.80,-3.50,2.70,6.10,NULL
202304,"2023 April",2023-04-01,2023,Q2,4,5630,Bars,0,218.20,193.50,-5.70,7.80,-5.60,-2.70,NULL
202304,"2023 April",2023-04-01,2023,Q2,4,X1420,"Books, newspapers & stationery",1,130.30,121.90,-4.30,2.60,-3.80,-0.90,NULL
202304,"2023 April",2023-04-01,2023,Q2,4,X1400,"Books, stationery & other goods",1,128.40,122.20,0.20,3.70,-3.70,6.10,17.30
202304,"2023 April",2023-04-01,2023,Q2,4,4719,"Department stores",0,138.90,130.60,2.70,1.80,5.70,-5.60,6.00
202304,"2023 April",2023-04-01,2023,Q2,4,X1380,"Electrical goods",1,100.30,91.90,-1.20,-2.60,-0.40,-8.70,11.60
202304,"2023 April",2023-04-01,2023,Q2,4,X1340,"Food retail",1,106.70,94.00,-0.20,9.10,-0.10,-1.10,3.30
202304,"2023 April",2023-04-01,2023,Q2,4,4711,"Food-dominant stores",0,107.40,94.80,-0.10,9.50,0.40,-0.60,2.30
202304,"2023 April",2023-04-01,2023,Q2,4,4759,"Furniture & lighting",0,116.90,114.90,-4.60,8.40,-2.10,8.40,NULL
202304,"2023 April",2023-04-01,2023,Q2,4,4752,"Hardware, paints & glass",0,102.50,93.50,4.20,4.80,1.70,1.10,NULL
202304,"2023 April",2023-04-01,2023,Q2,4,X1370,"Household equipment",1,104.90,98.20,-1.10,2.70,0.00,-1.20,11.10
202304,"2023 April",2023-04-01,2023,Q2,4,45,"Motor trades",0,124.40,111.20,-1.90,25.30,-1.50,18.30,1.50
202304,"2023 April",2023-04-01,2023,Q2,4,V3980,"Motor trades & automotive fuel",1,123.80,112.60,-2.10,20.00,-1.30,17.50,NULL
202304,"2023 April",2023-04-01,2023,Q2,4,X1350,"Non-food retail",1,122.90,118.20,2.30,6.10,2.40,3.40,10.60
202304,"2023 April",2023-04-01,2023,Q2,4,X1410,"Other retail sales",1,126.90,121.40,-2.90,5.00,-3.20,5.80,7.70
202304,"2023 April",2023-04-01,2023,Q2,4,X1430,"Pharma, medical & cosmetics",1,111.00,103.90,-1.80,13.00,-3.60,11.50,NULL
202304,"2023 April",2023-04-01,2023,Q2,4,X1320,"Retail excl. motor trades",1,119.40,111.60,-3.10,4.00,-1.90,0.60,6.60
202304,"2023 April",2023-04-01,2023,Q2,4,X1310,"Retail excl. motor trades & bars",1,116.70,108.60,0.20,6.70,1.10,2.60,NULL
202304,"2023 April",2023-04-01,2023,Q2,4,X1330,"Retail excl. motor, fuel & bars",1,115.20,108.30,-0.10,6.50,1.00,1.80,7.30
202304,"2023 April",2023-04-01,2023,Q2,4,X1360,"Specialised food & beverages",1,100.30,85.80,1.00,5.20,-0.70,-4.10,11.20
202304,"2023 April",2023-04-01,2023,Q2,4,X1390,"Textiles, clothing & footwear",1,135.20,127.00,1.60,6.10,1.00,2.00,12.20
202305,"2023 May",2023-05-01,2023,Q2,5,V3970,"All retail businesses",1,123.30,112.60,1.30,9.40,1.00,6.60,5.20
202305,"2023 May",2023-05-01,2023,Q2,5,4730,"Automotive fuel",0,116.40,107.60,-2.20,-6.30,1.00,8.90,NULL
202305,"2023 May",2023-05-01,2023,Q2,5,5630,Bars,0,221.00,194.80,1.30,0.90,0.70,-2.50,NULL
202305,"2023 May",2023-05-01,2023,Q2,5,X1420,"Books, newspapers & stationery",1,131.10,123.40,0.60,0.90,1.20,-2.30,NULL
202305,"2023 May",2023-05-01,2023,Q2,5,X1400,"Books, stationery & other goods",1,130.50,125.90,1.60,4.10,3.00,7.20,17.90
202305,"2023 May",2023-05-01,2023,Q2,5,4719,"Department stores",0,131.20,121.40,-5.50,0.00,-7.10,-4.40,6.10
202305,"2023 May",2023-05-01,2023,Q2,5,X1380,"Electrical goods",1,110.00,98.40,9.60,3.60,7.10,-2.00,13.90
202305,"2023 May",2023-05-01,2023,Q2,5,X1340,"Food retail",1,109.00,94.80,2.10,11.00,0.80,0.50,2.90
202305,"2023 May",2023-05-01,2023,Q2,5,4711,"Food-dominant stores",0,109.60,95.40,2.00,11.10,0.70,0.90,2.30
202305,"2023 May",2023-05-01,2023,Q2,5,4759,"Furniture & lighting",0,120.10,115.00,2.70,5.20,0.10,8.00,NULL
202305,"2023 May",2023-05-01,2023,Q2,5,4752,"Hardware, paints & glass",0,107.20,96.40,4.50,7.40,3.10,2.30,NULL
202305,"2023 May",2023-05-01,2023,Q2,5,X1370,"Household equipment",1,112.10,103.50,6.90,4.70,5.40,1.20,13.10
202305,"2023 May",2023-05-01,2023,Q2,5,45,"Motor trades",0,128.90,113.20,3.60,24.20,1.80,18.90,1.50
202305,"2023 May",2023-05-01,2023,Q2,5,V3980,"Motor trades & automotive fuel",1,126.30,113.40,2.00,18.90,0.70,18.00,NULL
202305,"2023 May",2023-05-01,2023,Q2,5,X1350,"Non-food retail",1,122.70,118.80,-0.20,5.00,0.50,2.70,11.10
202305,"2023 May",2023-05-01,2023,Q2,5,X1410,"Other retail sales",1,129.00,126.00,1.70,4.80,3.80,8.70,8.30
202305,"2023 May",2023-05-01,2023,Q2,5,X1430,"Pharma, medical & cosmetics",1,110.60,106.00,-0.30,7.30,2.00,4.30,NULL
202305,"2023 May",2023-05-01,2023,Q2,5,X1320,"Retail excl. motor trades",1,121.10,112.50,1.40,5.40,0.80,2.30,6.70
202305,"2023 May",2023-05-01,2023,Q2,5,X1310,"Retail excl. motor trades & bars",1,117.30,108.70,0.50,6.40,0.10,3.50,NULL
202305,"2023 May",2023-05-01,2023,Q2,5,X1330,"Retail excl. motor, fuel & bars",1,117.50,109.40,2.00,7.20,1.00,2.80,7.40
202305,"2023 May",2023-05-01,2023,Q2,5,X1360,"Specialised food & beverages",1,101.30,87.00,1.00,8.40,1.40,-2.00,7.40
202305,"2023 May",2023-05-01,2023,Q2,5,X1390,"Textiles, clothing & footwear",1,137.40,129.90,1.60,3.20,2.30,0.40,11.70
202306,"2023 June",2023-06-01,2023,Q2,6,V3970,"All retail businesses",1,122.50,113.10,-0.60,7.70,0.50,4.30,5.80
202306,"2023 June",2023-06-01,2023,Q2,6,4730,"Automotive fuel",0,114.70,106.30,-1.40,-13.60,-1.20,6.00,NULL
202306,"2023 June",2023-06-01,2023,Q2,6,5630,Bars,0,197.20,174.90,-10.80,17.20,-10.20,12.00,NULL
202306,"2023 June",2023-06-01,2023,Q2,6,X1420,"Books, newspapers & stationery",1,126.00,123.70,-3.90,10.80,0.20,4.40,NULL
202306,"2023 June",2023-06-01,2023,Q2,6,X1400,"Books, stationery & other goods",1,126.30,123.80,-3.20,-1.60,-1.60,2.50,19.90
202306,"2023 June",2023-06-01,2023,Q2,6,4719,"Department stores",0,127.80,118.00,-2.60,-1.50,-2.80,-6.10,7.20
202306,"2023 June",2023-06-01,2023,Q2,6,X1380,"Electrical goods",1,93.70,83.40,-14.80,-5.40,-15.30,-8.80,14.70
202306,"2023 June",2023-06-01,2023,Q2,6,X1340,"Food retail",1,111.00,97.10,1.80,11.40,2.40,2.80,2.70
202306,"2023 June",2023-06-01,2023,Q2,6,4711,"Food-dominant stores",0,112.20,98.00,2.40,11.90,2.70,3.40,2.30
202306,"2023 June",2023-06-01,2023,Q2,6,4759,"Furniture & lighting",0,117.90,113.60,-1.80,4.70,-1.20,4.40,NULL
202306,"2023 June",2023-06-01,2023,Q2,6,4752,"Hardware, paints & glass",0,104.90,95.00,-2.10,7.80,-1.40,4.70,NULL
202306,"2023 June",2023-06-01,2023,Q2,6,X1370,"Household equipment",1,104.30,97.10,-6.90,3.10,-6.20,-0.30,10.50
202306,"2023 June",2023-06-01,2023,Q2,6,45,"Motor trades",0,129.30,112.90,0.30,23.50,-0.30,18.60,1.30
202306,"2023 June",2023-06-01,2023,Q2,6,V3980,"Motor trades & automotive fuel",1,125.80,113.90,-0.40,15.80,0.50,17.00,NULL
202306,"2023 June",2023-06-01,2023,Q2,6,X1350,"Non-food retail",1,120.80,117.00,-1.60,1.80,-1.60,1.10,12.80
202306,"2023 June",2023-06-01,2023,Q2,6,X1410,"Other retail sales",1,126.80,124.70,-1.70,-3.00,-1.00,2.90,10.10
202306,"2023 June",2023-06-01,2023,Q2,6,X1430,"Pharma, medical & cosmetics",1,111.20,108.40,0.50,4.20,2.30,1.30,NULL
202306,"2023 June",2023-06-01,2023,Q2,6,X1320,"Retail excl. motor trades",1,120.20,112.20,-0.70,4.50,-0.20,1.30,7.60
202306,"2023 June",2023-06-01,2023,Q2,6,X1310,"Retail excl. motor trades & bars",1,117.30,109.10,0.00,2.90,0.30,1.10,NULL
202306,"2023 June",2023-06-01,2023,Q2,6,X1330,"Retail excl. motor, fuel & bars",1,117.10,109.00,-0.40,4.20,-0.30,1.30,8.30
202306,"2023 June",2023-06-01,2023,Q2,6,X1360,"Specialised food & beverages",1,100.60,86.40,-0.70,6.70,-0.70,-1.90,5.80
202306,"2023 June",2023-06-01,2023,Q2,6,X1390,"Textiles, clothing & footwear",1,136.90,129.50,-0.40,4.00,-0.30,-0.20,18.80
202307,"2023 July",2023-07-01,2023,Q3,7,V3970,"All retail businesses",1,120.10,111.20,-2.00,6.80,-1.70,4.70,4.80
202307,"2023 July",2023-07-01,2023,Q3,7,4730,"Automotive fuel",0,116.20,106.70,1.30,-12.20,0.30,6.80,NULL
202307,"2023 July",2023-07-01,2023,Q3,7,5630,Bars,0,217.30,196.30,10.20,9.30,12.30,2.40,NULL
202307,"2023 July",2023-07-01,2023,Q3,7,X1420,"Books, newspapers & stationery",1,133.50,127.60,5.90,11.10,3.20,6.90,NULL
202307,"2023 July",2023-07-01,2023,Q3,7,X1400,"Books, stationery & other goods",1,125.20,125.00,-0.80,1.70,0.90,5.20,16.80
202307,"2023 July",2023-07-01,2023,Q3,7,4719,"Department stores",0,115.20,110.30,-9.80,-6.90,-6.50,-8.20,6.50
202307,"2023 July",2023-07-01,2023,Q3,7,X1380,"Electrical goods",1,103.90,93.60,11.00,5.00,12.30,1.90,13.80
202307,"2023 July",2023-07-01,2023,Q3,7,X1340,"Food retail",1,106.70,92.70,-3.90,4.00,-4.50,-2.90,2.90
202307,"2023 July",2023-07-01,2023,Q3,7,4711,"Food-dominant stores",0,107.40,93.40,-4.20,4.10,-4.70,-2.90,2.60
202307,"2023 July",2023-07-01,2023,Q3,7,4759,"Furniture & lighting",0,120.60,117.20,2.30,6.00,3.10,8.20,NULL
202307,"2023 July",2023-07-01,2023,Q3,7,4752,"Hardware, paints & glass",0,93.00,86.00,-11.30,-1.80,-9.50,-4.50,NULL
202307,"2023 July",2023-07-01,2023,Q3,7,X1370,"Household equipment",1,104.10,96.60,-0.20,1.80,-0.40,1.20,12.50
202307,"2023 July",2023-07-01,2023,Q3,7,45,"Motor trades",0,124.20,112.50,-3.90,17.80,-0.40,14.00,1.10
202307,"2023 July",2023-07-01,2023,Q3,7,V3980,"Motor trades & automotive fuel",1,122.30,109.00,-2.70,14.20,-4.30,13.00,NULL
202307,"2023 July",2023-07-01,2023,Q3,7,X1350,"Non-food retail",1,118.20,115.80,-2.10,1.00,-1.00,1.70,10.20
202307,"2023 July",2023-07-01,2023,Q3,7,X1410,"Other retail sales",1,125.30,125.80,-1.20,0.20,0.90,5.40,6.80
202307,"2023 July",2023-07-01,2023,Q3,7,X1430,"Pharma, medical & cosmetics",1,106.70,106.60,-4.10,2.20,-1.70,-1.00,NULL
202307,"2023 July",2023-07-01,2023,Q3,7,X1320,"Retail excl. motor trades",1,116.90,110.30,-2.70,2.70,-1.80,1.00,6.30
202307,"2023 July",2023-07-01,2023,Q3,7,X1310,"Retail excl. motor trades & bars",1,113.90,107.40,-2.90,1.50,-1.50,0.60,NULL
202307,"2023 July",2023-07-01,2023,Q3,7,X1330,"Retail excl. motor, fuel & bars",1,114.00,107.30,-2.60,2.20,-1.60,0.00,7.00
202307,"2023 July",2023-07-01,2023,Q3,7,X1360,"Specialised food & beverages",1,100.00,85.70,-0.60,2.80,-0.80,-4.80,5.60
202307,"2023 July",2023-07-01,2023,Q3,7,X1390,"Textiles, clothing & footwear",1,136.60,130.80,-0.20,5.30,1.00,2.60,7.80
202308,"2023 August",2023-08-01,2023,Q3,8,V3970,"All retail businesses",1,124.20,113.70,3.40,8.30,2.30,5.60,4.50
202308,"2023 August",2023-08-01,2023,Q3,8,4730,"Automotive fuel",0,124.10,107.50,6.80,-2.90,0.80,5.70,NULL
202308,"2023 August",2023-08-01,2023,Q3,8,5630,Bars,0,213.70,189.90,-1.70,4.40,-3.30,-2.70,NULL
202308,"2023 August",2023-08-01,2023,Q3,8,X1420,"Books, newspapers & stationery",1,132.80,126.40,-0.50,9.80,-0.90,7.00,NULL
202308,"2023 August",2023-08-01,2023,Q3,8,X1400,"Books, stationery & other goods",1,128.20,126.30,2.40,4.90,1.00,10.10,15.70
202308,"2023 August",2023-08-01,2023,Q3,8,4719,"Department stores",0,122.10,112.70,6.00,3.50,2.10,-0.40,6.50
202308,"2023 August",2023-08-01,2023,Q3,8,X1380,"Electrical goods",1,106.00,95.90,2.00,6.30,2.40,1.50,14.50
202308,"2023 August",2023-08-01,2023,Q3,8,X1340,"Food retail",1,110.50,94.60,3.60,5.60,2.10,-1.00,2.70
202308,"2023 August",2023-08-01,2023,Q3,8,4711,"Food-dominant stores",0,111.40,95.40,3.70,5.50,2.20,-0.90,2.20
202308,"2023 August",2023-08-01,2023,Q3,8,4759,"Furniture & lighting",0,121.70,117.80,0.90,12.10,0.50,14.80,NULL
202308,"2023 August",2023-08-01,2023,Q3,8,4752,"Hardware, paints & glass",0,101.20,91.70,8.80,2.00,6.50,0.00,NULL
202308,"2023 August",2023-08-01,2023,Q3,8,X1370,"Household equipment",1,107.10,99.30,2.90,7.10,2.70,4.50,10.60
202308,"2023 August",2023-08-01,2023,Q3,8,45,"Motor trades",0,131.30,115.60,5.60,18.00,2.80,15.00,1.40
202308,"2023 August",2023-08-01,2023,Q3,8,V3980,"Motor trades & automotive fuel",1,129.10,113.90,5.50,14.70,4.50,13.00,NULL
202308,"2023 August",2023-08-01,2023,Q3,8,X1350,"Non-food retail",1,122.60,118.70,3.70,5.90,2.50,5.10,9.50
202308,"2023 August",2023-08-01,2023,Q3,8,X1410,"Other retail sales",1,128.30,128.00,2.40,4.70,1.80,10.00,6.20
202308,"2023 August",2023-08-01,2023,Q3,8,X1430,"Pharma, medical & cosmetics",1,110.80,110.90,3.90,12.10,4.00,7.90,NULL
202308,"2023 August",2023-08-01,2023,Q3,8,X1320,"Retail excl. motor trades",1,121.20,112.20,3.60,6.10,1.80,3.10,5.80
202308,"2023 August",2023-08-01,2023,Q3,8,X1310,"Retail excl. motor trades & bars",1,118.10,109.50,3.70,5.40,2.00,3.30,NULL
202308,"2023 August",2023-08-01,2023,Q3,8,X1330,"Retail excl. motor, fuel & bars",1,117.70,109.70,3.20,6.30,2.30,3.00,6.40
202308,"2023 August",2023-08-01,2023,Q3,8,X1360,"Specialised food & beverages",1,102.80,87.60,2.80,2.80,2.30,-4.40,6.50
202308,"2023 August",2023-08-01,2023,Q3,8,X1390,"Textiles, clothing & footwear",1,139.00,131.50,1.80,6.00,0.50,2.80,7.70
202309,"2023 September",2023-09-01,2023,Q3,9,V3970,"All retail businesses",1,122.50,111.40,-1.30,4.80,-2.10,2.20,4.90
202309,"2023 September",2023-09-01,2023,Q3,9,4730,"Automotive fuel",0,129.70,104.20,4.50,-0.40,-3.10,0.00,NULL
202309,"2023 September",2023-09-01,2023,Q3,9,5630,Bars,0,219.50,197.50,2.70,8.90,4.00,1.40,NULL
202309,"2023 September",2023-09-01,2023,Q3,9,X1420,"Books, newspapers & stationery",1,126.10,120.20,-5.10,-3.80,-4.90,-3.90,NULL
202309,"2023 September",2023-09-01,2023,Q3,9,X1400,"Books, stationery & other goods",1,124.10,122.40,-3.20,1.10,-3.10,3.20,15.70
202309,"2023 September",2023-09-01,2023,Q3,9,4719,"Department stores",0,117.90,106.90,-3.40,-6.30,-5.10,-9.20,8.40
202309,"2023 September",2023-09-01,2023,Q3,9,X1380,"Electrical goods",1,102.20,91.80,-3.60,3.00,-4.40,-0.30,18.60
202309,"2023 September",2023-09-01,2023,Q3,9,X1340,"Food retail",1,111.00,94.70,0.40,8.80,0.10,2.50,2.90
202309,"2023 September",2023-09-01,2023,Q3,9,4711,"Food-dominant stores",0,112.10,95.80,0.60,8.70,0.40,2.30,2.50
202309,"2023 September",2023-09-01,2023,Q3,9,4759,"Furniture & lighting",0,120.10,117.80,-1.30,8.20,0.00,9.90,NULL
202309,"2023 September",2023-09-01,2023,Q3,9,4752,"Hardware, paints & glass",0,100.10,91.40,-1.10,0.60,-0.30,0.10,NULL
202309,"2023 September",2023-09-01,2023,Q3,9,X1370,"Household equipment",1,104.50,97.60,-2.40,4.80,-1.70,2.30,13.40
202309,"2023 September",2023-09-01,2023,Q3,9,45,"Motor trades",0,130.00,116.40,-1.00,7.90,0.70,6.20,1.20
202309,"2023 September",2023-09-01,2023,Q3,9,V3980,"Motor trades & automotive fuel",1,128.30,111.70,-0.60,6.80,-1.90,4.70,NULL
202309,"2023 September",2023-09-01,2023,Q3,9,X1350,"Non-food retail",1,119.70,114.30,-2.30,1.80,-3.70,0.80,10.70
202309,"2023 September",2023-09-01,2023,Q3,9,X1410,"Other retail sales",1,125.10,125.30,-2.50,0.90,-2.10,4.00,6.40
202309,"2023 September",2023-09-01,2023,Q3,9,X1430,"Pharma, medical & cosmetics",1,108.60,108.60,-2.00,8.00,-2.10,4.60,NULL
202309,"2023 September",2023-09-01,2023,Q3,9,X1320,"Retail excl. motor trades",1,120.20,110.40,-0.80,4.80,-1.60,1.80,6.40
202309,"2023 September",2023-09-01,2023,Q3,9,X1310,"Retail excl. motor trades & bars",1,117.20,107.50,-0.80,3.20,-1.90,0.90,NULL
202309,"2023 September",2023-09-01,2023,Q3,9,X1330,"Retail excl. motor, fuel & bars",1,115.90,107.70,-1.50,3.80,-1.90,1.00,7.20
202309,"2023 September",2023-09-01,2023,Q3,9,X1360,"Specialised food & beverages",1,102.40,86.80,-0.40,8.60,-1.00,1.70,6.00
202309,"2023 September",2023-09-01,2023,Q3,9,X1390,"Textiles, clothing & footwear",1,135.20,124.90,-2.80,3.10,-5.00,1.00,8.70
202310,"2023 October",2023-10-01,2023,Q4,10,V3970,"All retail businesses",1,122.60,111.20,0.00,2.40,-0.20,0.60,5.10
202310,"2023 October",2023-10-01,2023,Q4,10,4730,"Automotive fuel",0,126.20,105.10,-2.70,-2.50,0.90,-1.10,NULL
202310,"2023 October",2023-10-01,2023,Q4,10,5630,Bars,0,229.10,198.40,4.40,8.00,0.50,-0.90,NULL
202310,"2023 October",2023-10-01,2023,Q4,10,X1420,"Books, newspapers & stationery",1,127.00,115.70,0.80,-0.30,-3.80,-2.90,NULL
202310,"2023 October",2023-10-01,2023,Q4,10,X1400,"Books, stationery & other goods",1,122.80,122.90,-1.10,-4.70,0.40,-1.10,16.90
202310,"2023 October",2023-10-01,2023,Q4,10,4719,"Department stores",0,115.30,106.50,-2.20,-7.10,-0.40,-10.30,7.70
202310,"2023 October",2023-10-01,2023,Q4,10,X1380,"Electrical goods",1,108.70,96.90,6.40,9.90,5.60,6.70,13.80
202310,"2023 October",2023-10-01,2023,Q4,10,X1340,"Food retail",1,111.40,95.50,0.40,7.70,0.80,1.40,2.90
202310,"2023 October",2023-10-01,2023,Q4,10,4711,"Food-dominant stores",0,113.10,96.90,0.90,7.80,1.20,1.60,2.40
202310,"2023 October",2023-10-01,2023,Q4,10,4759,"Furniture & lighting",0,117.40,115.60,-2.20,4.00,-1.90,9.00,NULL
202310,"2023 October",2023-10-01,2023,Q4,10,4752,"Hardware, paints & glass",0,100.60,92.50,0.50,3.70,1.20,2.90,NULL
202310,"2023 October",2023-10-01,2023,Q4,10,X1370,"Household equipment",1,106.70,98.90,2.10,7.00,1.30,6.30,12.20
202310,"2023 October",2023-10-01,2023,Q4,10,45,"Motor trades",0,126.80,112.20,-2.50,2.50,-3.60,5.60,1.60
202310,"2023 October",2023-10-01,2023,Q4,10,V3980,"Motor trades & automotive fuel",1,127.20,108.30,-0.90,3.80,-3.10,2.70,NULL
202310,"2023 October",2023-10-01,2023,Q4,10,X1350,"Non-food retail",1,117.60,113.90,-1.80,-2.00,-0.30,-2.20,10.90
202310,"2023 October",2023-10-01,2023,Q4,10,X1410,"Other retail sales",1,122.60,123.00,-2.00,-2.00,-1.80,-0.70,7.80
202310,"2023 October",2023-10-01,2023,Q4,10,X1430,"Pharma, medical & cosmetics",1,108.50,107.20,-0.20,4.60,-1.30,1.30,NULL
202310,"2023 October",2023-10-01,2023,Q4,10,X1320,"Retail excl. motor trades",1,120.90,110.50,0.60,2.50,0.10,0.00,6.50
202310,"2023 October",2023-10-01,2023,Q4,10,X1310,"Retail excl. motor trades & bars",1,116.50,107.40,-0.60,1.70,-0.10,-0.70,NULL
202310,"2023 October",2023-10-01,2023,Q4,10,X1330,"Retail excl. motor, fuel & bars",1,115.40,107.20,-0.40,1.80,-0.40,-0.10,7.30
202310,"2023 October",2023-10-01,2023,Q4,10,X1360,"Specialised food & beverages",1,99.00,84.00,-3.30,6.60,-3.20,-0.50,6.50
202310,"2023 October",2023-10-01,2023,Q4,10,X1390,"Textiles, clothing & footwear",1,132.40,124.80,-2.10,-2.40,-0.10,-6.40,9.80
202311,"2023 November",2023-11-01,2023,Q4,11,V3970,"All retail businesses",1,125.00,114.00,2.00,5.10,2.50,3.10,5.70
202311,"2023 November",2023-11-01,2023,Q4,11,4730,"Automotive fuel",0,125.90,105.60,-0.20,-3.30,0.50,3.10,NULL
202311,"2023 November",2023-11-01,2023,Q4,11,5630,Bars,0,221.60,189.30,-3.30,1.60,-4.60,-7.30,NULL
202311,"2023 November",2023-11-01,2023,Q4,11,X1420,"Books, newspapers & stationery",1,136.10,126.70,7.10,-6.70,9.50,-4.90,NULL
202311,"2023 November",2023-11-01,2023,Q4,11,X1400,"Books, stationery & other goods",1,130.50,131.40,6.30,8.40,6.90,11.30,18.40
202311,"2023 November",2023-11-01,2023,Q4,11,4719,"Department stores",0,111.40,104.50,-3.30,-10.80,-1.90,-12.50,10.00
202311,"2023 November",2023-11-01,2023,Q4,11,X1380,"Electrical goods",1,100.60,92.40,-7.40,-3.90,-4.60,-8.00,16.20
202311,"2023 November",2023-11-01,2023,Q4,11,X1340,"Food retail",1,110.30,94.30,-1.00,5.60,-1.20,-0.40,3.40
202311,"2023 November",2023-11-01,2023,Q4,11,4711,"Food-dominant stores",0,111.80,95.50,-1.20,6.40,-1.50,0.00,2.80
202311,"2023 November",2023-11-01,2023,Q4,11,4759,"Furniture & lighting",0,118.90,117.60,1.30,4.30,1.80,8.80,NULL
202311,"2023 November",2023-11-01,2023,Q4,11,4752,"Hardware, paints & glass",0,101.20,92.60,0.70,-1.40,0.20,-1.30,NULL
202311,"2023 November",2023-11-01,2023,Q4,11,X1370,"Household equipment",1,104.60,97.20,-2.00,-1.40,-1.80,-0.30,13.00
202311,"2023 November",2023-11-01,2023,Q4,11,45,"Motor trades",0,134.10,122.70,5.80,7.80,9.40,17.90,1.50
202311,"2023 November",2023-11-01,2023,Q4,11,V3980,"Motor trades & automotive fuel",1,138.50,116.20,8.90,11.00,7.40,12.80,NULL
202311,"2023 November",2023-11-01,2023,Q4,11,X1350,"Non-food retail",1,121.50,118.20,3.40,2.60,3.80,3.30,12.60
202311,"2023 November",2023-11-01,2023,Q4,11,X1410,"Other retail sales",1,129.20,129.20,5.40,7.80,5.10,6.30,8.70
202311,"2023 November",2023-11-01,2023,Q4,11,X1430,"Pharma, medical & cosmetics",1,110.80,109.30,2.10,3.50,2.00,-0.70,NULL
202311,"2023 November",2023-11-01,2023,Q4,11,X1320,"Retail excl. motor trades",1,122.30,112.30,1.20,2.60,1.60,1.40,7.40
202311,"2023 November",2023-11-01,2023,Q4,11,X1310,"Retail excl. motor trades & bars",1,117.80,108.90,1.10,2.90,1.40,2.00,NULL
202311,"2023 November",2023-11-01,2023,Q4,11,X1330,"Retail excl. motor, fuel & bars",1,117.80,109.40,2.10,3.30,2.00,1.60,8.40
202311,"2023 November",2023-11-01,2023,Q4,11,X1360,"Specialised food & beverages",1,97.20,82.50,-1.80,-0.50,-1.80,-7.20,8.10
202311,"2023 November",2023-11-01,2023,Q4,11,X1390,"Textiles, clothing & footwear",1,137.60,131.00,3.90,-1.00,5.00,-3.10,12.80
202312,"2023 December",2023-12-01,2023,Q4,12,V3970,"All retail businesses",1,124.40,112.90,-0.50,3.60,-0.90,1.10,5.40
202312,"2023 December",2023-12-01,2023,Q4,12,4730,"Automotive fuel",0,129.60,111.20,3.00,4.90,5.30,4.80,NULL
202312,"2023 December",2023-12-01,2023,Q4,12,5630,Bars,0,230.40,196.50,4.00,7.10,3.80,-0.10,NULL
202312,"2023 December",2023-12-01,2023,Q4,12,X1420,"Books, newspapers & stationery",1,137.50,127.40,1.00,-2.70,0.60,-2.80,NULL
202312,"2023 December",2023-12-01,2023,Q4,12,X1400,"Books, stationery & other goods",1,125.20,131.00,-4.00,7.80,-0.30,3.50,17.10
202312,"2023 December",2023-12-01,2023,Q4,12,4719,"Department stores",0,114.90,107.00,3.10,-4.70,2.40,-7.70,8.20
202312,"2023 December",2023-12-01,2023,Q4,12,X1380,"Electrical goods",1,99.30,91.80,-1.30,2.90,-0.60,-1.30,17.80
202312,"2023 December",2023-12-01,2023,Q4,12,X1340,"Food retail",1,110.30,94.30,0.00,5.60,-0.10,0.00,3.00
202312,"2023 December",2023-12-01,2023,Q4,12,4711,"Food-dominant stores",0,111.80,95.50,0.00,5.50,0.00,0.00,2.60
202312,"2023 December",2023-12-01,2023,Q4,12,4759,"Furniture & lighting",0,116.50,118.20,-2.00,8.60,0.50,8.10,NULL
202312,"2023 December",2023-12-01,2023,Q4,12,4752,"Hardware, paints & glass",0,104.10,95.00,2.80,4.70,2.60,4.00,NULL
202312,"2023 December",2023-12-01,2023,Q4,12,X1370,"Household equipment",1,106.10,98.90,1.50,3.20,1.70,2.90,11.30
202312,"2023 December",2023-12-01,2023,Q4,12,45,"Motor trades",0,133.70,114.90,-0.30,6.40,-6.30,15.40,3.00
202312,"2023 December",2023-12-01,2023,Q4,12,V3980,"Motor trades & automotive fuel",1,132.20,113.20,-4.60,6.20,-2.60,7.40,NULL
202312,"2023 December",2023-12-01,2023,Q4,12,X1350,"Non-food retail",1,121.60,118.90,0.00,1.70,0.60,1.00,10.40
202312,"2023 December",2023-12-01,2023,Q4,12,X1410,"Other retail sales",1,126.50,131.40,-2.10,7.20,1.70,3.60,9.00
202312,"2023 December",2023-12-01,2023,Q4,12,X1430,"Pharma, medical & cosmetics",1,113.00,111.90,2.00,5.10,2.40,-2.50,NULL
202312,"2023 December",2023-12-01,2023,Q4,12,X1320,"Retail excl. motor trades",1,123.40,112.70,0.90,2.40,0.40,0.40,6.40
202312,"2023 December",2023-12-01,2023,Q4,12,X1310,"Retail excl. motor trades & bars",1,117.80,109.10,0.00,3.10,0.20,0.40,NULL
202312,"2023 December",2023-12-01,2023,Q4,12,X1330,"Retail excl. motor, fuel & bars",1,118.10,109.20,0.20,2.70,-0.20,0.00,7.10
202312,"2023 December",2023-12-01,2023,Q4,12,X1360,"Specialised food & beverages",1,95.80,80.90,-1.40,2.40,-1.90,-2.50,6.20
202312,"2023 December",2023-12-01,2023,Q4,12,X1390,"Textiles, clothing & footwear",1,134.50,128.00,-2.30,-0.50,-2.30,-3.30,8.10
202401,"2024 January",2024-01-01,2024,Q1,1,V3970,"All retail businesses",1,123.80,113.40,-0.50,7.10,0.40,4.20,5.70
202401,"2024 January",2024-01-01,2024,Q1,1,4730,"Automotive fuel",0,126.50,105.10,-2.40,1.50,-5.50,-0.30,NULL
202401,"2024 January",2024-01-01,2024,Q1,1,5630,Bars,0,215.70,185.50,-6.40,2.80,-5.60,-1.60,NULL
202401,"2024 January",2024-01-01,2024,Q1,1,X1420,"Books, newspapers & stationery",1,142.70,133.20,3.80,-6.20,4.60,-5.80,NULL
202401,"2024 January",2024-01-01,2024,Q1,1,X1400,"Books, stationery & other goods",1,127.80,129.10,2.00,-0.90,-1.50,1.60,16.70
202401,"2024 January",2024-01-01,2024,Q1,1,4719,"Department stores",0,119.40,109.70,3.90,-8.10,2.50,-8.70,8.20
202401,"2024 January",2024-01-01,2024,Q1,1,X1380,"Electrical goods",1,108.90,97.80,9.60,6.50,6.40,5.50,14.00
202401,"2024 January",2024-01-01,2024,Q1,1,X1340,"Food retail",1,111.50,94.80,1.10,4.40,0.60,0.20,3.90
202401,"2024 January",2024-01-01,2024,Q1,1,4711,"Food-dominant stores",0,111.90,95.80,0.10,5.50,0.30,1.10,3.60
202401,"2024 January",2024-01-01,2024,Q1,1,4759,"Furniture & lighting",0,115.90,117.40,-0.50,-2.90,-0.70,-2.60,NULL
202401,"2024 January",2024-01-01,2024,Q1,1,4752,"Hardware, paints & glass",0,101.30,92.10,-2.70,-3.60,-3.10,-3.90,NULL
202401,"2024 January",2024-01-01,2024,Q1,1,X1370,"Household equipment",1,106.90,99.50,0.80,1.10,0.60,0.50,13.30
202401,"2024 January",2024-01-01,2024,Q1,1,45,"Motor trades",0,128.70,114.50,-3.70,16.30,-0.40,9.60,1.40
202401,"2024 January",2024-01-01,2024,Q1,1,V3980,"Motor trades & automotive fuel",1,128.70,114.80,-2.70,13.90,1.40,10.50,NULL
202401,"2024 January",2024-01-01,2024,Q1,1,X1350,"Non-food retail",1,121.50,117.60,-0.10,-1.00,-1.10,0.00,11.50
202401,"2024 January",2024-01-01,2024,Q1,1,X1410,"Other retail sales",1,127.70,129.30,1.00,-0.70,-1.60,1.40,7.80
202401,"2024 January",2024-01-01,2024,Q1,1,X1430,"Pharma, medical & cosmetics",1,112.20,102.10,-0.60,0.20,-8.80,-2.80,NULL
202401,"2024 January",2024-01-01,2024,Q1,1,X1320,"Retail excl. motor trades",1,122.60,112.10,-0.60,1.70,-0.60,-0.20,7.50
202401,"2024 January",2024-01-01,2024,Q1,1,X1310,"Retail excl. motor trades & bars",1,117.60,108.40,-0.20,1.80,-0.60,0.30,NULL
202401,"2024 January",2024-01-01,2024,Q1,1,X1330,"Retail excl. motor, fuel & bars",1,117.60,108.50,-0.40,1.20,-0.60,0.50,8.10
202401,"2024 January",2024-01-01,2024,Q1,1,X1360,"Specialised food & beverages",1,100.10,84.20,4.50,0.80,4.00,-4.00,6.40
202401,"2024 January",2024-01-01,2024,Q1,1,X1390,"Textiles, clothing & footwear",1,142.60,138.40,6.10,3.80,8.20,6.80,11.80
202402,"2024 February",2024-02-01,2024,Q1,2,V3970,"All retail businesses",1,123.90,112.40,0.10,3.00,-0.90,1.90,5.00
202402,"2024 February",2024-02-01,2024,Q1,2,4730,"Automotive fuel",0,126.00,104.90,-0.30,2.70,-0.10,-0.40,NULL
202402,"2024 February",2024-02-01,2024,Q1,2,5630,Bars,0,226.10,193.70,4.80,-0.70,4.40,-4.80,NULL
202402,"2024 February",2024-02-01,2024,Q1,2,X1420,"Books, newspapers & stationery",1,139.20,129.70,-2.40,-0.60,-2.60,1.10,NULL
202402,"2024 February",2024-02-01,2024,Q1,2,X1400,"Books, stationery & other goods",1,128.30,126.80,0.40,-5.90,-1.80,-1.70,16.40
202402,"2024 February",2024-02-01,2024,Q1,2,4719,"Department stores",0,116.70,108.50,-2.30,-15.00,-1.10,-14.30,7.80
202402,"2024 February",2024-02-01,2024,Q1,2,X1380,"Electrical goods",1,111.30,97.90,2.20,10.40,0.20,9.20,17.90
202402,"2024 February",2024-02-01,2024,Q1,2,X1340,"Food retail",1,111.20,94.50,-0.30,3.80,-0.40,0.80,3.00
202402,"2024 February",2024-02-01,2024,Q1,2,4711,"Food-dominant stores",0,112.00,95.50,0.10,4.30,-0.30,1.20,2.60
202402,"2024 February",2024-02-01,2024,Q1,2,4759,"Furniture & lighting",0,114.60,121.40,-1.10,8.90,3.40,7.40,NULL
202402,"2024 February",2024-02-01,2024,Q1,2,4752,"Hardware, paints & glass",0,105.20,93.50,3.90,-0.80,1.60,-1.50,NULL
202402,"2024 February",2024-02-01,2024,Q1,2,X1370,"Household equipment",1,111.10,104.00,3.90,6.90,4.50,5.30,12.20
202402,"2024 February",2024-02-01,2024,Q1,2,45,"Motor trades",0,127.00,112.30,-1.40,10.90,-1.90,5.60,1.30
202402,"2024 February",2024-02-01,2024,Q1,2,V3980,"Motor trades & automotive fuel",1,127.10,111.60,-1.20,9.10,-2.80,6.20,NULL
202402,"2024 February",2024-02-01,2024,Q1,2,X1350,"Non-food retail",1,120.70,117.20,-0.60,-2.60,-0.30,-1.60,10.30
202402,"2024 February",2024-02-01,2024,Q1,2,X1410,"Other retail sales",1,125.60,125.00,-1.60,-4.90,-3.40,-0.80,6.20
202402,"2024 February",2024-02-01,2024,Q1,2,X1430,"Pharma, medical & cosmetics",1,111.20,106.00,-0.90,0.80,3.80,-0.60,NULL
202402,"2024 February",2024-02-01,2024,Q1,2,X1320,"Retail excl. motor trades",1,122.10,112.10,-0.40,-0.30,0.00,-1.00,6.50
202402,"2024 February",2024-02-01,2024,Q1,2,X1310,"Retail excl. motor trades & bars",1,117.10,108.30,-0.40,0.30,-0.20,-0.60,NULL
202402,"2024 February",2024-02-01,2024,Q1,2,X1330,"Retail excl. motor, fuel & bars",1,116.70,108.20,-0.80,0.10,-0.30,-0.40,7.10
202402,"2024 February",2024-02-01,2024,Q1,2,X1360,"Specialised food & beverages",1,99.00,83.80,-1.00,-0.20,-0.50,-4.20,6.50
202402,"2024 February",2024-02-01,2024,Q1,2,X1390,"Textiles, clothing & footwear",1,137.20,134.00,-3.80,0.50,-3.20,4.10,8.50
202403,"2024 March",2024-03-01,2024,Q1,3,V3970,"All retail businesses",1,125.60,114.20,1.40,3.20,1.70,2.00,5.10
202403,"2024 March",2024-03-01,2024,Q1,3,4730,"Automotive fuel",0,126.10,105.70,0.00,6.80,0.80,2.00,NULL
202403,"2024 March",2024-03-01,2024,Q1,3,5630,Bars,0,235.00,199.10,3.90,1.50,2.80,-2.90,NULL
202403,"2024 March",2024-03-01,2024,Q1,3,X1420,"Books, newspapers & stationery",1,141.60,132.10,1.80,4.00,1.80,4.20,NULL
202403,"2024 March",2024-03-01,2024,Q1,3,X1400,"Books, stationery & other goods",1,127.90,130.10,-0.40,-0.20,2.60,2.60,15.00
202403,"2024 March",2024-03-01,2024,Q1,3,4719,"Department stores",0,116.20,107.60,-0.40,-14.10,-0.90,-12.90,7.50
202403,"2024 March",2024-03-01,2024,Q1,3,X1380,"Electrical goods",1,103.20,93.30,-7.30,1.60,-4.70,1.10,15.70
202403,"2024 March",2024-03-01,2024,Q1,3,X1340,"Food retail",1,110.90,94.30,-0.30,3.60,-0.20,0.20,2.90
202403,"2024 March",2024-03-01,2024,Q1,3,4711,"Food-dominant stores",0,111.80,95.50,-0.20,4.00,0.00,1.10,2.50
202403,"2024 March",2024-03-01,2024,Q1,3,4759,"Furniture & lighting",0,118.80,117.00,3.60,-3.10,-3.60,-0.40,NULL
202403,"2024 March",2024-03-01,2024,Q1,3,4752,"Hardware, paints & glass",0,100.90,93.70,-4.10,2.60,0.20,1.90,NULL
202403,"2024 March",2024-03-01,2024,Q1,3,X1370,"Household equipment",1,106.10,99.00,-4.50,0.00,-4.80,0.80,15.10
202403,"2024 March",2024-03-01,2024,Q1,3,45,"Motor trades",0,137.00,113.60,7.90,8.00,1.10,0.50,1.60
202403,"2024 March",2024-03-01,2024,Q1,3,V3980,"Motor trades & automotive fuel",1,136.40,120.20,7.40,7.90,7.80,5.40,NULL
202403,"2024 March",2024-03-01,2024,Q1,3,X1350,"Non-food retail",1,120.00,117.30,-0.60,-0.10,0.10,1.60,10.70
202403,"2024 March",2024-03-01,2024,Q1,3,X1410,"Other retail sales",1,128.40,129.10,2.20,-1.70,3.30,2.90,4.40
202403,"2024 March",2024-03-01,2024,Q1,3,X1430,"Pharma, medical & cosmetics",1,112.20,106.00,0.90,-0.70,0.00,-1.60,NULL
202403,"2024 March",2024-03-01,2024,Q1,3,X1320,"Retail excl. motor trades",1,121.90,112.60,-0.20,-1.00,0.40,-1.10,6.50
202403,"2024 March",2024-03-01,2024,Q1,3,X1310,"Retail excl. motor trades & bars",1,117.20,108.10,0.00,0.70,-0.10,0.70,NULL
202403,"2024 March",2024-03-01,2024,Q1,3,X1330,"Retail excl. motor, fuel & bars",1,115.60,107.90,-0.90,0.20,-0.30,0.60,7.20
202403,"2024 March",2024-03-01,2024,Q1,3,X1360,"Specialised food & beverages",1,96.80,81.60,-2.30,-2.60,-2.60,-5.60,6.20
202403,"2024 March",2024-03-01,2024,Q1,3,X1390,"Textiles, clothing & footwear",1,129.40,130.50,-5.70,-2.80,-2.60,3.80,9.00
202404,"2024 April",2024-04-01,2024,Q2,4,V3970,"All retail businesses",1,123.10,112.10,-2.00,1.20,-1.90,0.50,5.60
202404,"2024 April",2024-04-01,2024,Q2,4,4730,"Automotive fuel",0,123.80,101.90,-1.80,4.00,-3.60,-4.30,NULL
202404,"2024 April",2024-04-01,2024,Q2,4,5630,Bars,0,220.90,190.20,-6.00,1.20,-4.50,-1.70,NULL
202404,"2024 April",2024-04-01,2024,Q2,4,X1420,"Books, newspapers & stationery",1,133.90,126.90,-5.50,2.70,-4.00,4.10,NULL
202404,"2024 April",2024-04-01,2024,Q2,4,X1400,"Books, stationery & other goods",1,133.30,131.90,4.20,3.80,1.40,8.00,18.10
202404,"2024 April",2024-04-01,2024,Q2,4,4719,"Department stores",0,128.50,121.80,10.60,-7.50,13.20,-6.70,7.80
202404,"2024 April",2024-04-01,2024,Q2,4,X1380,"Electrical goods",1,103.90,94.10,0.70,3.60,0.90,2.50,14.10
202404,"2024 April",2024-04-01,2024,Q2,4,X1340,"Food retail",1,110.50,94.50,-0.30,3.50,0.20,0.50,3.00
202404,"2024 April",2024-04-01,2024,Q2,4,4711,"Food-dominant stores",0,111.70,95.70,-0.10,4.00,0.20,0.90,2.50
202404,"2024 April",2024-04-01,2024,Q2,4,4759,"Furniture & lighting",0,116.40,116.30,-2.00,-0.40,-0.60,1.20,NULL
202404,"2024 April",2024-04-01,2024,Q2,4,4752,"Hardware, paints & glass",0,101.60,93.20,0.70,-0.90,-0.60,-0.30,NULL
202404,"2024 April",2024-04-01,2024,Q2,4,X1370,"Household equipment",1,105.40,98.80,-0.60,0.50,-0.20,0.60,12.70
202404,"2024 April",2024-04-01,2024,Q2,4,45,"Motor trades",0,127.70,115.90,-6.80,2.60,2.10,4.20,1.70
202404,"2024 April",2024-04-01,2024,Q2,4,V3980,"Motor trades & automotive fuel",1,126.20,111.30,-7.50,1.90,-7.50,-1.20,NULL
202404,"2024 April",2024-04-01,2024,Q2,4,X1350,"Non-food retail",1,121.00,118.50,0.80,-1.60,1.00,0.20,11.50
202404,"2024 April",2024-04-01,2024,Q2,4,X1410,"Other retail sales",1,133.60,132.30,4.10,5.30,2.50,9.00,8.80
202404,"2024 April",2024-04-01,2024,Q2,4,X1430,"Pharma, medical & cosmetics",1,109.80,101.70,-2.20,-1.10,-4.00,-2.10,NULL
202404,"2024 April",2024-04-01,2024,Q2,4,X1320,"Retail excl. motor trades",1,122.30,113.00,0.30,2.40,0.40,1.30,7.20
202404,"2024 April",2024-04-01,2024,Q2,4,X1310,"Retail excl. motor trades & bars",1,117.90,109.40,0.60,1.10,1.20,0.80,NULL
202404,"2024 April",2024-04-01,2024,Q2,4,X1330,"Retail excl. motor, fuel & bars",1,117.40,109.80,1.60,1.90,1.80,1.40,7.70
202404,"2024 April",2024-04-01,2024,Q2,4,X1360,"Specialised food & beverages",1,95.70,80.00,-1.10,-4.60,-2.00,-6.80,7.40
202404,"2024 April",2024-04-01,2024,Q2,4,X1390,"Textiles, clothing & footwear",1,135.60,134.80,4.80,0.30,3.20,6.10,9.50
202405,"2024 May",2024-05-01,2024,Q2,5,V3970,"All retail businesses",1,123.70,112.40,0.50,0.40,0.30,-0.20,4.80
202405,"2024 May",2024-05-01,2024,Q2,5,4730,"Automotive fuel",0,127.30,104.40,2.80,9.30,2.40,-3.00,NULL
202405,"2024 May",2024-05-01,2024,Q2,5,5630,Bars,0,232.90,198.70,5.40,5.40,4.50,2.00,NULL
202405,"2024 May",2024-05-01,2024,Q2,5,X1420,"Books, newspapers & stationery",1,139.40,131.50,4.10,6.30,3.60,6.60,NULL
202405,"2024 May",2024-05-01,2024,Q2,5,X1400,"Books, stationery & other goods",1,126.60,126.30,-5.00,-3.00,-4.30,0.30,16.70
202405,"2024 May",2024-05-01,2024,Q2,5,4719,"Department stores",0,122.70,115.30,-4.60,-6.50,-5.30,-5.00,6.70
202405,"2024 May",2024-05-01,2024,Q2,5,X1380,"Electrical goods",1,104.70,93.50,0.80,-4.80,-0.60,-4.90,14.10
202405,"2024 May",2024-05-01,2024,Q2,5,X1340,"Food retail",1,112.20,94.80,1.60,2.90,0.40,0.00,2.80
202405,"2024 May",2024-05-01,2024,Q2,5,4711,"Food-dominant stores",0,113.00,95.70,1.20,3.10,0.00,0.30,2.30
202405,"2024 May",2024-05-01,2024,Q2,5,4759,"Furniture & lighting",0,115.80,115.10,-0.50,-3.50,-1.10,0.00,NULL
202405,"2024 May",2024-05-01,2024,Q2,5,4752,"Hardware, paints & glass",0,102.20,92.90,0.50,-4.60,-0.30,-3.60,NULL
202405,"2024 May",2024-05-01,2024,Q2,5,X1370,"Household equipment",1,106.80,99.20,1.30,-4.80,0.40,-4.20,11.80
202405,"2024 May",2024-05-01,2024,Q2,5,45,"Motor trades",0,128.50,110.60,0.70,-0.30,-4.50,-2.30,1.20
202405,"2024 May",2024-05-01,2024,Q2,5,V3980,"Motor trades & automotive fuel",1,127.50,111.10,1.10,1.00,-0.10,-2.00,NULL
202405,"2024 May",2024-05-01,2024,Q2,5,X1350,"Non-food retail",1,119.80,117.40,-0.90,-2.30,-0.90,-1.20,10.30
202405,"2024 May",2024-05-01,2024,Q2,5,X1410,"Other retail sales",1,125.80,126.60,-5.80,-2.50,-4.30,0.50,7.30
202405,"2024 May",2024-05-01,2024,Q2,5,X1430,"Pharma, medical & cosmetics",1,110.40,104.20,0.50,-0.20,2.40,-1.70,NULL
202405,"2024 May",2024-05-01,2024,Q2,5,X1320,"Retail excl. motor trades",1,121.90,112.30,-0.30,0.70,-0.70,-0.20,6.30
202405,"2024 May",2024-05-01,2024,Q2,5,X1310,"Retail excl. motor trades & bars",1,117.40,108.50,-0.40,0.10,-0.80,-0.20,NULL
202405,"2024 May",2024-05-01,2024,Q2,5,X1330,"Retail excl. motor, fuel & bars",1,117.00,108.90,-0.40,-0.50,-0.80,-0.40,7.00
202405,"2024 May",2024-05-01,2024,Q2,5,X1360,"Specialised food & beverages",1,101.40,84.60,6.00,0.10,5.70,-2.80,6.80
202405,"2024 May",2024-05-01,2024,Q2,5,X1390,"Textiles, clothing & footwear",1,134.80,134.20,-0.60,-1.90,-0.40,3.30,9.20
202406,"2024 June",2024-06-01,2024,Q2,6,V3970,"All retail businesses",1,122.50,111.50,-1.00,0.00,-0.80,-1.40,4.90
202406,"2024 June",2024-06-01,2024,Q2,6,4730,"Automotive fuel",0,126.60,105.80,-0.50,10.40,1.30,-0.50,NULL
202406,"2024 June",2024-06-01,2024,Q2,6,5630,Bars,0,218.60,186.00,-6.10,10.90,-6.40,6.30,NULL
202406,"2024 June",2024-06-01,2024,Q2,6,X1420,"Books, newspapers & stationery",1,130.40,124.50,-6.50,3.40,-5.30,0.70,NULL
202406,"2024 June",2024-06-01,2024,Q2,6,X1400,"Books, stationery & other goods",1,124.30,124.50,-1.80,-1.50,-1.40,0.50,16.90
202406,"2024 June",2024-06-01,2024,Q2,6,4719,"Department stores",0,117.80,110.90,-4.00,-7.80,-3.80,-6.00,7.20
202406,"2024 June",2024-06-01,2024,Q2,6,X1380,"Electrical goods",1,101.60,91.40,-3.00,8.40,-2.30,9.60,17.60
202406,"2024 June",2024-06-01,2024,Q2,6,X1340,"Food retail",1,109.80,93.80,-2.10,-1.10,-1.10,-3.40,2.80
202406,"2024 June",2024-06-01,2024,Q2,6,4711,"Food-dominant stores",0,110.80,94.50,-2.00,-1.30,-1.30,-3.60,2.40
202406,"2024 June",2024-06-01,2024,Q2,6,4759,"Furniture & lighting",0,111.80,110.70,-3.40,-5.10,-3.80,-2.60,NULL
202406,"2024 June",2024-06-01,2024,Q2,6,4752,"Hardware, paints & glass",0,109.70,99.50,7.40,4.60,7.10,4.70,NULL
202406,"2024 June",2024-06-01,2024,Q2,6,X1370,"Household equipment",1,107.90,100.40,1.10,3.40,1.30,3.50,10.80
202406,"2024 June",2024-06-01,2024,Q2,6,45,"Motor trades",0,130.90,111.90,1.90,1.20,1.10,-0.90,1.50
202406,"2024 June",2024-06-01,2024,Q2,6,V3980,"Motor trades & automotive fuel",1,129.20,113.30,1.30,2.70,1.90,-0.60,NULL
202406,"2024 June",2024-06-01,2024,Q2,6,X1350,"Non-food retail",1,118.60,116.20,-1.00,-1.80,-1.10,-0.70,10.20
202406,"2024 June",2024-06-01,2024,Q2,6,X1410,"Other retail sales",1,124.20,125.80,-1.20,-2.00,-0.60,0.90,7.80
202406,"2024 June",2024-06-01,2024,Q2,6,X1430,"Pharma, medical & cosmetics",1,113.10,108.00,2.40,1.70,3.70,-0.40,NULL
202406,"2024 June",2024-06-01,2024,Q2,6,X1320,"Retail excl. motor trades",1,119.90,110.60,-1.70,-0.30,-1.50,-1.50,6.40
202406,"2024 June",2024-06-01,2024,Q2,6,X1310,"Retail excl. motor trades & bars",1,115.90,107.30,-1.20,-1.20,-1.10,-1.60,NULL
202406,"2024 June",2024-06-01,2024,Q2,6,X1330,"Retail excl. motor, fuel & bars",1,115.00,107.40,-1.70,-1.80,-1.40,-1.50,6.90
202406,"2024 June",2024-06-01,2024,Q2,6,X1360,"Specialised food & beverages",1,101.80,85.30,0.40,1.10,0.80,-1.30,6.00
202406,"2024 June",2024-06-01,2024,Q2,6,X1390,"Textiles, clothing & footwear",1,124.40,124.40,-7.70,-9.20,-7.30,-3.90,9.50
202407,"2024 July",2024-07-01,2024,Q3,7,V3970,"All retail businesses",1,122.50,111.80,0.00,2.00,0.20,0.60,4.80
202407,"2024 July",2024-07-01,2024,Q3,7,4730,"Automotive fuel",0,123.30,103.70,-2.60,6.10,-1.90,-2.80,NULL
202407,"2024 July",2024-07-01,2024,Q3,7,5630,Bars,0,202.20,172.20,-7.50,-6.90,-7.40,-12.30,NULL
202407,"2024 July",2024-07-01,2024,Q3,7,X1420,"Books, newspapers & stationery",1,131.00,123.70,0.50,-1.80,-0.70,-3.10,NULL
202407,"2024 July",2024-07-01,2024,Q3,7,X1400,"Books, stationery & other goods",1,126.80,127.50,2.00,1.30,2.40,2.00,16.40
202407,"2024 July",2024-07-01,2024,Q3,7,4719,"Department stores",0,118.60,115.20,0.60,2.90,3.90,4.40,6.00
202407,"2024 July",2024-07-01,2024,Q3,7,X1380,"Electrical goods",1,99.20,89.50,-2.40,-4.60,-2.10,-4.40,15.40
202407,"2024 July",2024-07-01,2024,Q3,7,X1340,"Food retail",1,109.20,93.10,-0.60,2.30,-0.70,0.40,2.70
202407,"2024 July",2024-07-01,2024,Q3,7,4711,"Food-dominant stores",0,110.10,93.70,-0.60,2.50,-0.80,0.40,2.30
202407,"2024 July",2024-07-01,2024,Q3,7,4759,"Furniture & lighting",0,118.70,118.00,6.10,-1.60,6.60,0.70,NULL
202407,"2024 July",2024-07-01,2024,Q3,7,4752,"Hardware, paints & glass",0,103.10,95.40,-6.10,10.80,-4.20,10.80,NULL
202407,"2024 July",2024-07-01,2024,Q3,7,X1370,"Household equipment",1,106.30,99.10,-1.50,2.10,-1.30,2.50,12.30
202407,"2024 July",2024-07-01,2024,Q3,7,45,"Motor trades",0,129.60,115.90,-1.00,4.30,3.60,3.10,1.10
202407,"2024 July",2024-07-01,2024,Q3,7,V3980,"Motor trades & automotive fuel",1,127.50,111.30,-1.30,4.20,-1.80,2.10,NULL
202407,"2024 July",2024-07-01,2024,Q3,7,X1350,"Non-food retail",1,120.30,118.20,1.40,1.80,1.70,2.00,10.10
202407,"2024 July",2024-07-01,2024,Q3,7,X1410,"Other retail sales",1,126.70,129.30,2.00,1.20,2.80,2.80,6.40
202407,"2024 July",2024-07-01,2024,Q3,7,X1430,"Pharma, medical & cosmetics",1,111.00,108.30,-1.80,4.00,0.30,1.60,NULL
202407,"2024 July",2024-07-01,2024,Q3,7,X1320,"Retail excl. motor trades",1,119.80,111.10,-0.10,2.50,0.50,0.80,6.30
202407,"2024 July",2024-07-01,2024,Q3,7,X1310,"Retail excl. motor trades & bars",1,116.50,108.60,0.50,2.30,1.20,1.10,NULL
202407,"2024 July",2024-07-01,2024,Q3,7,X1330,"Retail excl. motor, fuel & bars",1,116.30,108.90,1.10,2.00,1.30,1.50,6.80
202407,"2024 July",2024-07-01,2024,Q3,7,X1360,"Specialised food & beverages",1,100.90,84.60,-0.90,0.90,-0.80,-1.30,5.70
202407,"2024 July",2024-07-01,2024,Q3,7,X1390,"Textiles, clothing & footwear",1,134.00,132.60,7.80,-1.90,6.60,1.40,8.20
202408,"2024 August",2024-08-01,2024,Q3,8,V3970,"All retail businesses",1,121.70,111.00,-0.70,-2.00,-0.70,-2.40,4.70
202408,"2024 August",2024-08-01,2024,Q3,8,4730,"Automotive fuel",0,124.90,104.70,1.30,0.60,1.00,-2.60,NULL
202408,"2024 August",2024-08-01,2024,Q3,8,5630,Bars,0,213.50,176.60,5.60,-0.10,2.60,-7.00,NULL
202408,"2024 August",2024-08-01,2024,Q3,8,X1420,"Books, newspapers & stationery",1,132.90,125.20,1.40,0.10,1.30,-0.90,NULL
202408,"2024 August",2024-08-01,2024,Q3,8,X1400,"Books, stationery & other goods",1,124.00,124.90,-2.20,-3.30,-2.10,-1.10,16.30
202408,"2024 August",2024-08-01,2024,Q3,8,4719,"Department stores",0,121.90,114.10,2.80,-0.20,-1.00,1.30,6.90
202408,"2024 August",2024-08-01,2024,Q3,8,X1380,"Electrical goods",1,99.50,89.30,0.30,-6.20,-0.20,-6.90,18.00
202408,"2024 August",2024-08-01,2024,Q3,8,X1340,"Food retail",1,110.20,93.10,1.00,-0.30,0.00,-1.60,2.70
202408,"2024 August",2024-08-01,2024,Q3,8,4711,"Food-dominant stores",0,111.10,93.80,0.90,-0.30,0.10,-1.70,2.30
202408,"2024 August",2024-08-01,2024,Q3,8,4759,"Furniture & lighting",0,123.00,122.00,3.70,1.10,3.40,3.60,NULL
202408,"2024 August",2024-08-01,2024,Q3,8,4752,"Hardware, paints & glass",0,101.70,92.60,-1.30,0.50,-2.90,1.10,NULL
202408,"2024 August",2024-08-01,2024,Q3,8,X1370,"Household equipment",1,105.50,98.40,-0.70,-1.50,-0.70,-0.90,12.30
202408,"2024 August",2024-08-01,2024,Q3,8,45,"Motor trades",0,126.20,111.10,-2.60,-3.80,-4.10,-3.90,1.70
202408,"2024 August",2024-08-01,2024,Q3,8,V3980,"Motor trades & automotive fuel",1,124.90,108.70,-2.00,-3.20,-2.30,-4.50,NULL
202408,"2024 August",2024-08-01,2024,Q3,8,X1350,"Non-food retail",1,120.00,118.00,-0.30,-2.10,-0.20,-0.60,10.20
202408,"2024 August",2024-08-01,2024,Q3,8,X1410,"Other retail sales",1,123.70,126.50,-2.40,-3.60,-2.20,-1.20,6.60
202408,"2024 August",2024-08-01,2024,Q3,8,X1430,"Pharma, medical & cosmetics",1,112.10,109.90,1.00,1.10,1.40,-1.00,NULL
202408,"2024 August",2024-08-01,2024,Q3,8,X1320,"Retail excl. motor trades",1,120.40,111.00,0.50,-0.70,-0.10,-1.10,6.00
202408,"2024 August",2024-08-01,2024,Q3,8,X1310,"Retail excl. motor trades & bars",1,116.80,108.50,0.30,-1.10,-0.10,-1.00,NULL
202408,"2024 August",2024-08-01,2024,Q3,8,X1330,"Retail excl. motor, fuel & bars",1,116.20,108.60,0.00,-1.30,-0.20,-1.00,6.80
202408,"2024 August",2024-08-01,2024,Q3,8,X1360,"Specialised food & beverages",1,102.10,85.40,1.20,-0.70,1.00,-2.50,5.90
202408,"2024 August",2024-08-01,2024,Q3,8,X1390,"Textiles, clothing & footwear",1,135.40,135.90,1.00,-2.60,2.50,3.40,8.70
202409,"2024 September",2024-09-01,2024,Q3,9,V3970,"All retail businesses",1,122.00,111.50,0.20,-0.50,0.40,0.10,5.10
202409,"2024 September",2024-09-01,2024,Q3,9,4730,"Automotive fuel",0,124.90,105.80,0.00,-3.70,1.00,1.60,NULL
202409,"2024 September",2024-09-01,2024,Q3,9,5630,Bars,0,214.70,184.60,0.60,-2.20,4.60,-6.50,NULL
202409,"2024 September",2024-09-01,2024,Q3,9,X1420,"Books, newspapers & stationery",1,137.10,128.80,3.20,8.80,2.80,7.10,NULL
202409,"2024 September",2024-09-01,2024,Q3,9,X1400,"Books, stationery & other goods",1,124.80,125.80,0.60,0.60,0.80,2.80,16.70
202409,"2024 September",2024-09-01,2024,Q3,9,4719,"Department stores",0,122.90,114.00,0.80,4.20,-0.10,6.60,9.40
202409,"2024 September",2024-09-01,2024,Q3,9,X1380,"Electrical goods",1,102.60,92.80,3.20,0.40,3.80,1.10,15.50
202409,"2024 September",2024-09-01,2024,Q3,9,X1340,"Food retail",1,110.40,93.60,0.20,-0.50,0.60,-1.10,3.10
202409,"2024 September",2024-09-01,2024,Q3,9,4711,"Food-dominant stores",0,111.50,94.40,0.40,-0.60,0.70,-1.40,2.60
202409,"2024 September",2024-09-01,2024,Q3,9,4759,"Furniture & lighting",0,123.90,124.10,0.70,3.20,1.70,5.30,NULL
202409,"2024 September",2024-09-01,2024,Q3,9,4752,"Hardware, paints & glass",0,102.80,94.60,1.10,2.70,2.10,3.50,NULL
202409,"2024 September",2024-09-01,2024,Q3,9,X1370,"Household equipment",1,107.80,100.50,2.20,3.20,2.10,2.90,10.00
202409,"2024 September",2024-09-01,2024,Q3,9,45,"Motor trades",0,126.20,112.80,0.00,-2.90,1.50,-3.10,1.20
202409,"2024 September",2024-09-01,2024,Q3,9,V3980,"Motor trades & automotive fuel",1,125.10,108.80,0.10,-2.50,0.10,-2.60,NULL
202409,"2024 September",2024-09-01,2024,Q3,9,X1350,"Non-food retail",1,121.80,118.20,1.50,1.80,0.20,3.40,10.20
202409,"2024 September",2024-09-01,2024,Q3,9,X1410,"Other retail sales",1,124.40,128.30,0.60,-0.50,1.40,2.40,6.40
202409,"2024 September",2024-09-01,2024,Q3,9,X1430,"Pharma, medical & cosmetics",1,111.00,108.80,-0.90,2.20,-1.00,0.20,NULL
202409,"2024 September",2024-09-01,2024,Q3,9,X1320,"Retail excl. motor trades",1,120.90,111.80,0.50,0.60,0.70,1.30,6.80
202409,"2024 September",2024-09-01,2024,Q3,9,X1310,"Retail excl. motor trades & bars",1,117.10,109.10,0.20,-0.10,0.60,1.40,NULL
202409,"2024 September",2024-09-01,2024,Q3,9,X1330,"Retail excl. motor, fuel & bars",1,116.70,109.10,0.40,0.60,0.50,1.40,7.00
202409,"2024 September",2024-09-01,2024,Q3,9,X1360,"Specialised food & beverages",1,102.70,86.10,0.60,0.30,0.70,-0.80,6.90
202409,"2024 September",2024-09-01,2024,Q3,9,X1390,"Textiles, clothing & footwear",1,135.90,136.10,0.40,0.50,0.20,9.00,8.30
202410,"2024 October",2024-10-01,2024,Q4,10,V3970,"All retail businesses",1,123.00,112.70,0.90,0.40,1.10,1.30,5.00
202410,"2024 October",2024-10-01,2024,Q4,10,4730,"Automotive fuel",0,124.40,105.60,-0.40,-1.40,-0.20,0.50,NULL
202410,"2024 October",2024-10-01,2024,Q4,10,5630,Bars,0,214.90,187.70,0.10,-6.20,1.70,-5.40,NULL
202410,"2024 October",2024-10-01,2024,Q4,10,X1420,"Books, newspapers & stationery",1,136.50,126.90,-0.40,7.50,-1.50,9.70,NULL
202410,"2024 October",2024-10-01,2024,Q4,10,X1400,"Books, stationery & other goods",1,125.60,128.40,0.60,2.30,2.00,4.40,17.10
202410,"2024 October",2024-10-01,2024,Q4,10,4719,"Department stores",0,118.80,112.70,-3.40,3.00,-1.10,5.80,10.60
202410,"2024 October",2024-10-01,2024,Q4,10,X1380,"Electrical goods",1,102.40,91.90,-0.20,-5.80,-1.00,-5.20,14.20
202410,"2024 October",2024-10-01,2024,Q4,10,X1340,"Food retail",1,110.70,93.40,0.30,-0.70,-0.30,-2.20,3.10
202410,"2024 October",2024-10-01,2024,Q4,10,4711,"Food-dominant stores",0,112.00,94.50,0.50,-1.00,0.10,-2.40,2.50
202410,"2024 October",2024-10-01,2024,Q4,10,4759,"Furniture & lighting",0,123.40,123.60,-0.50,5.00,-0.40,6.90,NULL
202410,"2024 October",2024-10-01,2024,Q4,10,4752,"Hardware, paints & glass",0,105.80,97.00,2.90,5.20,2.60,4.90,NULL
202410,"2024 October",2024-10-01,2024,Q4,10,X1370,"Household equipment",1,108.00,100.80,0.10,1.10,0.40,1.90,11.80
202410,"2024 October",2024-10-01,2024,Q4,10,45,"Motor trades",0,132.80,115.50,5.20,4.80,2.40,3.00,0.70
202410,"2024 October",2024-10-01,2024,Q4,10,V3980,"Motor trades & automotive fuel",1,127.80,110.10,2.20,0.50,1.20,1.70,NULL
202410,"2024 October",2024-10-01,2024,Q4,10,X1350,"Non-food retail",1,119.80,118.50,-1.70,1.80,0.30,4.10,11.00
202410,"2024 October",2024-10-01,2024,Q4,10,X1410,"Other retail sales",1,125.60,131.00,0.90,2.50,2.10,6.50,8.40
202410,"2024 October",2024-10-01,2024,Q4,10,X1430,"Pharma, medical & cosmetics",1,110.60,107.90,-0.40,2.00,-0.80,0.70,NULL
202410,"2024 October",2024-10-01,2024,Q4,10,X1320,"Retail excl. motor trades",1,121.40,112.00,0.40,0.40,0.20,1.40,6.80
202410,"2024 October",2024-10-01,2024,Q4,10,X1310,"Retail excl. motor trades & bars",1,117.30,109.30,0.20,0.70,0.20,1.70,NULL
202410,"2024 October",2024-10-01,2024,Q4,10,X1330,"Retail excl. motor, fuel & bars",1,116.90,109.40,0.20,1.20,0.20,2.00,7.50
202410,"2024 October",2024-10-01,2024,Q4,10,X1360,"Specialised food & beverages",1,102.70,85.70,0.00,3.80,-0.40,2.00,7.90
202410,"2024 October",2024-10-01,2024,Q4,10,X1390,"Textiles, clothing & footwear",1,137.90,138.90,1.40,4.10,2.10,11.30,10.00
202411,"2024 November",2024-11-01,2024,Q4,11,V3970,"All retail businesses",1,123.30,112.60,0.20,-1.40,0.00,-1.20,6.00
202411,"2024 November",2024-11-01,2024,Q4,11,4730,"Automotive fuel",0,124.40,104.00,0.00,-1.10,-1.50,-1.50,NULL
202411,"2024 November",2024-11-01,2024,Q4,11,5630,Bars,0,217.40,189.50,1.20,-1.90,1.00,0.10,NULL
202411,"2024 November",2024-11-01,2024,Q4,11,X1420,"Books, newspapers & stationery",1,136.70,124.90,0.10,0.50,-1.60,-1.40,NULL
202411,"2024 November",2024-11-01,2024,Q4,11,X1400,"Books, stationery & other goods",1,126.80,129.30,0.90,-2.80,0.70,-1.70,19.50
202411,"2024 November",2024-11-01,2024,Q4,11,4719,"Department stores",0,119.80,114.60,0.90,7.50,1.70,9.70,13.20
202411,"2024 November",2024-11-01,2024,Q4,11,X1380,"Electrical goods",1,101.90,92.80,-0.40,1.30,1.10,0.50,19.70
202411,"2024 November",2024-11-01,2024,Q4,11,X1340,"Food retail",1,113.50,95.50,2.50,2.90,2.30,1.20,3.90
202411,"2024 November",2024-11-01,2024,Q4,11,4711,"Food-dominant stores",0,114.80,96.30,2.40,2.70,1.90,0.90,2.50
202411,"2024 November",2024-11-01,2024,Q4,11,4759,"Furniture & lighting",0,124.60,124.90,1.00,4.80,1.00,6.20,NULL
202411,"2024 November",2024-11-01,2024,Q4,11,4752,"Hardware, paints & glass",0,104.80,95.90,-1.00,3.50,-1.20,3.50,NULL
202411,"2024 November",2024-11-01,2024,Q4,11,X1370,"Household equipment",1,107.60,101.10,-0.40,2.90,0.30,4.00,11.90
202411,"2024 November",2024-11-01,2024,Q4,11,45,"Motor trades",0,130.40,113.20,-1.80,-2.80,-2.00,-7.80,1.40
202411,"2024 November",2024-11-01,2024,Q4,11,V3980,"Motor trades & automotive fuel",1,125.30,107.00,-2.00,-9.60,-2.70,-7.90,NULL
202411,"2024 November",2024-11-01,2024,Q4,11,X1350,"Non-food retail",1,121.00,119.30,1.00,-0.50,0.60,0.90,12.90
202411,"2024 November",2024-11-01,2024,Q4,11,X1410,"Other retail sales",1,127.10,139.40,1.20,-1.60,6.40,7.90,10.00
202411,"2024 November",2024-11-01,2024,Q4,11,X1430,"Pharma, medical & cosmetics",1,110.70,107.30,0.10,-0.10,-0.60,-1.80,NULL
202411,"2024 November",2024-11-01,2024,Q4,11,X1320,"Retail excl. motor trades",1,122.50,112.90,1.00,0.20,0.80,0.60,7.80
202411,"2024 November",2024-11-01,2024,Q4,11,X1310,"Retail excl. motor trades & bars",1,118.30,110.00,0.80,0.50,0.70,1.00,NULL
202411,"2024 November",2024-11-01,2024,Q4,11,X1330,"Retail excl. motor, fuel & bars",1,118.30,110.20,1.30,0.40,0.80,0.80,8.90
202411,"2024 November",2024-11-01,2024,Q4,11,X1360,"Specialised food & beverages",1,104.70,87.00,1.90,7.80,1.60,5.50,15.30
202411,"2024 November",2024-11-01,2024,Q4,11,X1390,"Textiles, clothing & footwear",1,135.00,137.30,-2.10,-1.90,-1.20,4.80,11.30
202412,"2024 December",2024-12-01,2024,Q4,12,V3970,"All retail businesses",1,125.60,114.50,1.80,1.00,1.70,1.40,6.10
202412,"2024 December",2024-12-01,2024,Q4,12,4730,"Automotive fuel",0,126.10,103.00,1.30,-2.70,-0.90,-7.30,NULL
202412,"2024 December",2024-12-01,2024,Q4,12,5630,Bars,0,230.30,189.90,5.90,0.00,0.20,-3.40,NULL
202412,"2024 December",2024-12-01,2024,Q4,12,X1420,"Books, newspapers & stationery",1,141.50,128.10,3.50,3.00,2.60,0.60,NULL
202412,"2024 December",2024-12-01,2024,Q4,12,X1400,"Books, stationery & other goods",1,127.80,131.90,0.80,2.00,2.10,0.70,17.50
202412,"2024 December",2024-12-01,2024,Q4,12,4719,"Department stores",0,119.20,113.20,-0.50,3.70,-1.20,5.80,9.30
202412,"2024 December",2024-12-01,2024,Q4,12,X1380,"Electrical goods",1,101.10,92.00,-0.80,1.70,-0.90,0.20,22.50
202412,"2024 December",2024-12-01,2024,Q4,12,X1340,"Food retail",1,114.30,95.80,0.70,3.60,0.30,1.70,4.00
202412,"2024 December",2024-12-01,2024,Q4,12,4711,"Food-dominant stores",0,115.00,96.80,0.20,2.90,0.50,1.40,3.60
202412,"2024 December",2024-12-01,2024,Q4,12,4759,"Furniture & lighting",0,120.90,122.70,-3.00,3.80,-1.70,3.80,NULL
202412,"2024 December",2024-12-01,2024,Q4,12,4752,"Hardware, paints & glass",0,106.80,97.90,1.90,2.60,2.10,3.00,NULL
202412,"2024 December",2024-12-01,2024,Q4,12,X1370,"Household equipment",1,107.80,101.20,0.20,1.60,0.10,2.30,13.90
202412,"2024 December",2024-12-01,2024,Q4,12,45,"Motor trades",0,130.20,120.80,-0.10,-2.60,6.80,5.10,1.40
202412,"2024 December",2024-12-01,2024,Q4,12,V3980,"Motor trades & automotive fuel",1,129.00,112.00,2.90,-2.40,4.60,-1.10,NULL
202412,"2024 December",2024-12-01,2024,Q4,12,X1350,"Non-food retail",1,122.00,121.20,0.90,0.40,1.60,1.90,12.40
202412,"2024 December",2024-12-01,2024,Q4,12,X1410,"Other retail sales",1,127.90,132.60,0.60,1.10,-4.90,0.90,7.90
202412,"2024 December",2024-12-01,2024,Q4,12,X1430,"Pharma, medical & cosmetics",1,112.30,115.50,1.50,-0.60,7.70,3.20,NULL
202412,"2024 December",2024-12-01,2024,Q4,12,X1320,"Retail excl. motor trades",1,124.20,114.10,1.40,0.70,1.00,1.20,8.00
202412,"2024 December",2024-12-01,2024,Q4,12,X1310,"Retail excl. motor trades & bars",1,119.40,110.90,0.90,1.30,0.80,1.60,NULL
202412,"2024 December",2024-12-01,2024,Q4,12,X1330,"Retail excl. motor, fuel & bars",1,119.50,111.10,1.00,1.20,0.80,1.80,8.60
202412,"2024 December",2024-12-01,2024,Q4,12,X1360,"Specialised food & beverages",1,102.60,85.50,-2.00,7.10,-1.80,5.60,6.60
202412,"2024 December",2024-12-01,2024,Q4,12,X1390,"Textiles, clothing & footwear",1,136.10,138.90,0.80,1.20,1.20,8.60,12.20
202501,"2025 January",2025-01-01,2025,Q1,1,V3970,"All retail businesses",1,124.00,113.00,-1.20,0.20,-1.40,-0.40,5.50
202501,"2025 January",2025-01-01,2025,Q1,1,4730,"Automotive fuel",0,124.70,99.70,-1.20,-1.40,-3.20,-5.10,NULL
202501,"2025 January",2025-01-01,2025,Q1,1,5630,Bars,0,218.60,182.10,-5.10,1.30,-4.10,-1.80,NULL
202501,"2025 January",2025-01-01,2025,Q1,1,X1420,"Books, newspapers & stationery",1,137.30,127.30,-3.00,-3.70,-0.70,-4.50,NULL
202501,"2025 January",2025-01-01,2025,Q1,1,X1400,"Books, stationery & other goods",1,124.70,128.40,-2.40,-2.40,-2.70,-0.60,15.60
202501,"2025 January",2025-01-01,2025,Q1,1,4719,"Department stores",0,113.50,106.10,-4.80,-5.00,-6.30,-3.30,8.40
202501,"2025 January",2025-01-01,2025,Q1,1,X1380,"Electrical goods",1,99.80,89.50,-1.30,-8.30,-2.70,-8.40,15.70
202501,"2025 January",2025-01-01,2025,Q1,1,X1340,"Food retail",1,113.80,95.10,-0.40,2.00,-0.70,0.30,3.10
202501,"2025 January",2025-01-01,2025,Q1,1,4711,"Food-dominant stores",0,114.80,96.30,-0.20,2.60,-0.60,0.50,2.50
202501,"2025 January",2025-01-01,2025,Q1,1,4759,"Furniture & lighting",0,120.60,122.10,-0.20,4.10,-0.50,4.00,NULL
202501,"2025 January",2025-01-01,2025,Q1,1,4752,"Hardware, paints & glass",0,101.10,92.60,-5.30,-0.20,-5.40,0.60,NULL
202501,"2025 January",2025-01-01,2025,Q1,1,X1370,"Household equipment",1,104.00,97.60,-3.60,-2.80,-3.50,-1.90,11.20
202501,"2025 January",2025-01-01,2025,Q1,1,45,"Motor trades",0,131.10,113.90,0.70,1.80,-5.70,-0.50,1.40
202501,"2025 January",2025-01-01,2025,Q1,1,V3980,"Motor trades & automotive fuel",1,129.70,115.90,0.60,0.80,3.40,0.90,NULL
202501,"2025 January",2025-01-01,2025,Q1,1,X1350,"Non-food retail",1,117.60,115.90,-3.70,-3.20,-4.30,-1.40,11.30
202501,"2025 January",2025-01-01,2025,Q1,1,X1410,"Other retail sales",1,124.30,128.90,-2.80,-2.60,-2.80,-0.30,6.10
202501,"2025 January",2025-01-01,2025,Q1,1,X1430,"Pharma, medical & cosmetics",1,110.60,99.20,-1.60,-1.50,-14.20,-2.90,NULL
202501,"2025 January",2025-01-01,2025,Q1,1,X1320,"Retail excl. motor trades",1,121.50,110.80,-2.20,-0.90,-2.90,-1.10,7.20
202501,"2025 January",2025-01-01,2025,Q1,1,X1310,"Retail excl. motor trades & bars",1,116.50,107.60,-2.40,-1.00,-3.00,-0.80,NULL
202501,"2025 January",2025-01-01,2025,Q1,1,X1330,"Retail excl. motor, fuel & bars",1,116.00,107.90,-2.90,-1.30,-2.90,-0.50,7.60
202501,"2025 January",2025-01-01,2025,Q1,1,X1360,"Specialised food & beverages",1,102.30,84.30,-0.30,2.20,-1.30,0.10,7.40
202501,"2025 January",2025-01-01,2025,Q1,1,X1390,"Textiles, clothing & footwear",1,132.00,138.70,-3.00,-7.40,-0.20,0.20,14.00
202502,"2025 February",2025-02-01,2025,Q1,2,V3970,"All retail businesses",1,126.00,114.50,1.60,1.70,1.30,1.90,4.80
202502,"2025 February",2025-02-01,2025,Q1,2,4730,"Automotive fuel",0,128.90,103.40,3.40,2.30,3.70,-1.50,NULL
202502,"2025 February",2025-02-01,2025,Q1,2,5630,Bars,0,218.30,181.70,-0.10,-3.50,-0.20,-6.20,NULL
202502,"2025 February",2025-02-01,2025,Q1,2,X1420,"Books, newspapers & stationery",1,136.90,126.10,-0.30,-1.60,-0.90,-2.80,NULL
202502,"2025 February",2025-02-01,2025,Q1,2,X1400,"Books, stationery & other goods",1,128.90,132.30,3.40,0.50,3.00,4.30,14.40
202502,"2025 February",2025-02-01,2025,Q1,2,4719,"Department stores",0,120.30,113.50,6.00,3.10,7.00,4.60,7.60
202502,"2025 February",2025-02-01,2025,Q1,2,X1380,"Electrical goods",1,103.60,92.20,3.80,-6.90,2.90,-5.90,15.50
202502,"2025 February",2025-02-01,2025,Q1,2,X1340,"Food retail",1,114.50,95.50,0.60,2.90,0.40,1.10,3.30
202502,"2025 February",2025-02-01,2025,Q1,2,4711,"Food-dominant stores",0,115.50,96.60,0.60,3.10,0.30,1.20,2.70
202502,"2025 February",2025-02-01,2025,Q1,2,4759,"Furniture & lighting",0,117.50,123.80,-2.60,2.50,1.40,2.00,NULL
202502,"2025 February",2025-02-01,2025,Q1,2,4752,"Hardware, paints & glass",0,103.20,91.50,2.10,-1.90,-1.20,-2.20,NULL
202502,"2025 February",2025-02-01,2025,Q1,2,X1370,"Household equipment",1,108.20,101.70,4.10,-2.60,4.20,-2.20,10.30
202502,"2025 February",2025-02-01,2025,Q1,2,45,"Motor trades",0,132.20,114.80,0.80,4.10,0.70,2.20,1.00
202502,"2025 February",2025-02-01,2025,Q1,2,V3980,"Motor trades & automotive fuel",1,131.30,115.00,1.20,3.30,-0.70,3.10,NULL
202502,"2025 February",2025-02-01,2025,Q1,2,X1350,"Non-food retail",1,122.10,120.80,3.90,1.20,4.10,3.00,9.50
202502,"2025 February",2025-02-01,2025,Q1,2,X1410,"Other retail sales",1,127.80,132.20,2.80,1.70,2.60,5.80,4.70
202502,"2025 February",2025-02-01,2025,Q1,2,X1430,"Pharma, medical & cosmetics",1,116.00,110.50,4.90,4.30,11.40,4.20,NULL
202502,"2025 February",2025-02-01,2025,Q1,2,X1320,"Retail excl. motor trades",1,123.60,113.70,1.70,1.10,2.60,1.40,6.40
202502,"2025 February",2025-02-01,2025,Q1,2,X1310,"Retail excl. motor trades & bars",1,119.60,110.60,2.70,2.10,2.80,2.20,NULL
202502,"2025 February",2025-02-01,2025,Q1,2,X1330,"Retail excl. motor, fuel & bars",1,119.10,111.00,2.60,2.10,2.80,2.60,6.70
202502,"2025 February",2025-02-01,2025,Q1,2,X1360,"Specialised food & beverages",1,102.10,84.30,-0.20,3.10,-0.10,0.60,7.60
202502,"2025 February",2025-02-01,2025,Q1,2,X1390,"Textiles, clothing & footwear",1,135.90,138.30,2.90,-0.90,-0.30,3.20,9.10
202503,"2025 March",2025-03-01,2025,Q1,3,V3970,"All retail businesses",1,125.20,114.10,-0.60,-0.30,-0.30,-0.20,4.80
202503,"2025 March",2025-03-01,2025,Q1,3,4730,"Automotive fuel",0,124.20,102.50,-3.60,-1.50,-0.90,-3.10,NULL
202503,"2025 March",2025-03-01,2025,Q1,3,5630,Bars,0,221.30,180.40,1.40,-5.80,-0.70,-9.40,NULL
202503,"2025 March",2025-03-01,2025,Q1,3,X1420,"Books, newspapers & stationery",1,145.10,133.90,6.00,2.50,6.20,1.30,NULL
202503,"2025 March",2025-03-01,2025,Q1,3,X1400,"Books, stationery & other goods",1,125.10,129.30,-2.90,-2.10,-2.20,-0.60,14.70
202503,"2025 March",2025-03-01,2025,Q1,3,4719,"Department stores",0,119.10,111.60,-1.00,2.40,-1.70,3.70,8.00
202503,"2025 March",2025-03-01,2025,Q1,3,X1380,"Electrical goods",1,99.60,89.80,-3.90,-3.50,-2.50,-3.70,15.60
202503,"2025 March",2025-03-01,2025,Q1,3,X1340,"Food retail",1,115.70,96.20,1.10,4.40,0.70,2.10,3.20
202503,"2025 March",2025-03-01,2025,Q1,3,4711,"Food-dominant stores",0,116.50,97.30,0.90,4.20,0.80,2.00,2.60
202503,"2025 March",2025-03-01,2025,Q1,3,4759,"Furniture & lighting",0,122.30,122.60,4.10,3.00,-1.00,4.80,NULL
202503,"2025 March",2025-03-01,2025,Q1,3,4752,"Hardware, paints & glass",0,107.80,99.90,4.50,6.80,9.20,6.60,NULL
202503,"2025 March",2025-03-01,2025,Q1,3,X1370,"Household equipment",1,108.40,101.60,0.20,2.10,-0.10,2.60,9.90
202503,"2025 March",2025-03-01,2025,Q1,3,45,"Motor trades",0,133.90,116.40,1.30,-2.30,1.50,2.50,1.40
202503,"2025 March",2025-03-01,2025,Q1,3,V3980,"Motor trades & automotive fuel",1,132.20,117.30,0.70,-3.10,2.00,-2.50,NULL
202503,"2025 March",2025-03-01,2025,Q1,3,X1350,"Non-food retail",1,120.50,118.90,-1.30,0.40,-1.50,1.40,9.70
202503,"2025 March",2025-03-01,2025,Q1,3,X1410,"Other retail sales",1,124.70,129.10,-2.50,-2.90,-2.40,0.00,4.30
202503,"2025 March",2025-03-01,2025,Q1,3,X1430,"Pharma, medical & cosmetics",1,114.80,108.80,-1.00,2.30,-1.50,2.70,NULL
202503,"2025 March",2025-03-01,2025,Q1,3,X1320,"Retail excl. motor trades",1,122.90,113.10,-0.50,0.80,-0.50,0.50,6.20
202503,"2025 March",2025-03-01,2025,Q1,3,X1310,"Retail excl. motor trades & bars",1,119.50,110.50,-0.10,2.00,0.00,2.20,NULL
202503,"2025 March",2025-03-01,2025,Q1,3,X1330,"Retail excl. motor, fuel & bars",1,118.60,110.70,-0.40,2.60,-0.30,2.60,6.80
202503,"2025 March",2025-03-01,2025,Q1,3,X1360,"Specialised food & beverages",1,103.00,84.50,0.90,6.50,0.20,3.50,8.10
202503,"2025 March",2025-03-01,2025,Q1,3,X1390,"Textiles, clothing & footwear",1,135.60,139.10,-0.20,4.90,0.60,6.50,9.80
202504,"2025 April",2025-04-01,2025,Q2,4,V3970,"All retail businesses",1,127.50,115.50,1.80,3.60,1.20,3.00,5.00
202504,"2025 April",2025-04-01,2025,Q2,4,4730,"Automotive fuel",0,122.80,103.90,-1.10,-0.80,1.40,2.00,NULL
202504,"2025 April",2025-04-01,2025,Q2,4,5630,Bars,0,219.30,186.20,-0.90,-0.70,3.20,-2.10,NULL
202504,"2025 April",2025-04-01,2025,Q2,4,X1420,"Books, newspapers & stationery",1,142.40,131.50,-1.80,6.40,-1.70,3.70,NULL
202504,"2025 April",2025-04-01,2025,Q2,4,X1400,"Books, stationery & other goods",1,125.30,128.70,0.10,-6.00,-0.50,-2.50,15.00
202504,"2025 April",2025-04-01,2025,Q2,4,4719,"Department stores",0,121.40,115.20,2.00,-5.50,3.30,-5.40,7.30
202504,"2025 April",2025-04-01,2025,Q2,4,X1380,"Electrical goods",1,100.70,90.60,1.10,-3.10,0.90,-3.70,20.30
202504,"2025 April",2025-04-01,2025,Q2,4,X1340,"Food retail",1,116.10,96.10,0.30,5.10,-0.10,1.70,3.10
202504,"2025 April",2025-04-01,2025,Q2,4,4711,"Food-dominant stores",0,117.10,97.20,0.50,4.90,-0.10,1.60,2.60
202504,"2025 April",2025-04-01,2025,Q2,4,4759,"Furniture & lighting",0,127.00,129.50,3.80,9.10,5.60,11.30,NULL
202504,"2025 April",2025-04-01,2025,Q2,4,4752,"Hardware, paints & glass",0,109.10,100.40,1.20,7.30,0.40,7.70,NULL
202504,"2025 April",2025-04-01,2025,Q2,4,X1370,"Household equipment",1,110.10,103.70,1.60,4.40,2.10,5.00,12.20
202504,"2025 April",2025-04-01,2025,Q2,4,45,"Motor trades",0,137.80,115.90,2.90,7.90,-0.50,0.00,1.00
202504,"2025 April",2025-04-01,2025,Q2,4,V3980,"Motor trades & automotive fuel",1,135.40,118.10,2.40,7.30,0.70,6.10,NULL
202504,"2025 April",2025-04-01,2025,Q2,4,X1350,"Non-food retail",1,120.90,119.80,0.40,0.00,0.80,1.10,10.10
202504,"2025 April",2025-04-01,2025,Q2,4,X1410,"Other retail sales",1,125.40,129.30,0.60,-6.10,0.20,-2.30,4.90
202504,"2025 April",2025-04-01,2025,Q2,4,X1430,"Pharma, medical & cosmetics",1,114.10,105.90,-0.70,3.90,-2.70,4.10,NULL
202504,"2025 April",2025-04-01,2025,Q2,4,X1320,"Retail excl. motor trades",1,123.30,113.20,0.30,0.80,0.10,0.20,6.70
202504,"2025 April",2025-04-01,2025,Q2,4,X1310,"Retail excl. motor trades & bars",1,119.20,109.90,-0.20,1.10,-0.60,0.40,NULL
202504,"2025 April",2025-04-01,2025,Q2,4,X1330,"Retail excl. motor, fuel & bars",1,119.10,110.30,0.40,1.40,-0.30,0.40,7.00
202504,"2025 April",2025-04-01,2025,Q2,4,X1360,"Specialised food & beverages",1,102.20,84.60,-0.80,6.80,0.10,5.70,6.80
202504,"2025 April",2025-04-01,2025,Q2,4,X1390,"Textiles, clothing & footwear",1,137.00,139.20,1.00,1.10,0.10,3.30,9.40
202505,"2025 May",2025-05-01,2025,Q2,5,V3970,"All retail businesses",1,125.90,114.40,-1.20,1.80,-0.90,1.80,4.90
202505,"2025 May",2025-05-01,2025,Q2,5,4730,"Automotive fuel",0,124.40,106.20,1.30,-2.20,2.20,1.70,NULL
202505,"2025 May",2025-05-01,2025,Q2,5,5630,Bars,0,221.60,185.20,1.00,-4.80,-0.60,-6.80,NULL
202505,"2025 May",2025-05-01,2025,Q2,5,X1420,"Books, newspapers & stationery",1,140.20,129.00,-1.60,0.60,-1.90,-1.90,NULL
202505,"2025 May",2025-05-01,2025,Q2,5,X1400,"Books, stationery & other goods",1,126.00,130.00,0.50,-0.50,1.00,2.90,14.30
202505,"2025 May",2025-05-01,2025,Q2,5,4719,"Department stores",0,117.00,110.40,-3.60,-4.60,-4.20,-4.30,6.30
202505,"2025 May",2025-05-01,2025,Q2,5,X1380,"Electrical goods",1,100.30,90.30,-0.40,-4.30,-0.40,-3.50,18.10
202505,"2025 May",2025-05-01,2025,Q2,5,X1340,"Food retail",1,116.40,95.90,0.30,3.70,-0.30,1.10,3.10
202505,"2025 May",2025-05-01,2025,Q2,5,4711,"Food-dominant stores",0,117.50,97.10,0.30,4.00,-0.20,1.40,2.50
202505,"2025 May",2025-05-01,2025,Q2,5,4759,"Furniture & lighting",0,123.90,125.00,-2.40,6.90,-3.50,8.60,NULL
202505,"2025 May",2025-05-01,2025,Q2,5,4752,"Hardware, paints & glass",0,106.20,98.00,-2.70,3.90,-2.30,5.50,NULL
202505,"2025 May",2025-05-01,2025,Q2,5,X1370,"Household equipment",1,109.10,102.30,-1.00,2.10,-1.40,3.10,13.90
202505,"2025 May",2025-05-01,2025,Q2,5,45,"Motor trades",0,132.10,113.70,-4.10,2.80,-1.90,2.80,1.10
202505,"2025 May",2025-05-01,2025,Q2,5,V3980,"Motor trades & automotive fuel",1,130.20,114.40,-3.90,2.10,-3.10,3.00,NULL
202505,"2025 May",2025-05-01,2025,Q2,5,X1350,"Non-food retail",1,121.10,120.00,0.10,1.10,0.10,2.20,10.60
202505,"2025 May",2025-05-01,2025,Q2,5,X1410,"Other retail sales",1,125.90,131.10,0.40,0.10,1.40,3.60,4.50
202505,"2025 May",2025-05-01,2025,Q2,5,X1430,"Pharma, medical & cosmetics",1,116.50,109.00,2.10,5.50,3.00,4.60,NULL
202505,"2025 May",2025-05-01,2025,Q2,5,X1320,"Retail excl. motor trades",1,123.50,113.50,0.20,1.30,0.30,1.10,6.50
202505,"2025 May",2025-05-01,2025,Q2,5,X1310,"Retail excl. motor trades & bars",1,119.60,110.70,0.30,1.80,0.70,2.00,NULL
202505,"2025 May",2025-05-01,2025,Q2,5,X1330,"Retail excl. motor, fuel & bars",1,119.30,110.90,0.20,2.00,0.50,1.80,7.20
202505,"2025 May",2025-05-01,2025,Q2,5,X1360,"Specialised food & beverages",1,101.70,82.50,-0.60,0.20,-2.50,-2.50,7.50
202505,"2025 May",2025-05-01,2025,Q2,5,X1390,"Textiles, clothing & footwear",1,137.60,138.70,0.40,2.10,-0.40,3.40,10.90
202506,"2025 June",2025-06-01,2025,Q2,6,V3970,"All retail businesses",1,126.70,115.20,0.60,3.50,0.70,3.30,5.10
202506,"2025 June",2025-06-01,2025,Q2,6,4730,"Automotive fuel",0,123.60,104.40,-0.70,-2.40,-1.70,-1.30,NULL
202506,"2025 June",2025-06-01,2025,Q2,6,5630,Bars,0,218.70,182.80,-1.30,0.00,-1.30,-1.70,NULL
202506,"2025 June",2025-06-01,2025,Q2,6,X1420,"Books, newspapers & stationery",1,141.50,130.00,0.90,8.50,0.80,4.50,NULL
202506,"2025 June",2025-06-01,2025,Q2,6,X1400,"Books, stationery & other goods",1,132.00,136.00,4.70,6.10,4.60,9.30,16.00
202506,"2025 June",2025-06-01,2025,Q2,6,4719,"Department stores",0,119.40,112.40,2.00,1.40,1.80,1.40,5.70
202506,"2025 June",2025-06-01,2025,Q2,6,X1380,"Electrical goods",1,103.40,93.60,3.10,1.80,3.70,2.50,16.40
202506,"2025 June",2025-06-01,2025,Q2,6,X1340,"Food retail",1,115.80,95.50,-0.60,5.40,-0.40,1.80,2.90
202506,"2025 June",2025-06-01,2025,Q2,6,4711,"Food-dominant stores",0,117.30,96.80,-0.10,5.90,-0.30,2.50,2.40
202506,"2025 June",2025-06-01,2025,Q2,6,4759,"Furniture & lighting",0,124.60,125.40,0.60,11.40,0.30,13.30,NULL
202506,"2025 June",2025-06-01,2025,Q2,6,4752,"Hardware, paints & glass",0,103.70,94.40,-2.40,-5.50,-3.80,-5.20,NULL
202506,"2025 June",2025-06-01,2025,Q2,6,X1370,"Household equipment",1,108.90,101.90,-0.10,1.00,-0.40,1.40,14.10
202506,"2025 June",2025-06-01,2025,Q2,6,45,"Motor trades",0,134.20,114.70,1.60,2.50,0.80,2.50,1.60
202506,"2025 June",2025-06-01,2025,Q2,6,V3980,"Motor trades & automotive fuel",1,131.70,115.20,1.20,2.00,0.70,1.70,NULL
202506,"2025 June",2025-06-01,2025,Q2,6,X1350,"Non-food retail",1,122.70,121.70,1.30,3.40,1.40,4.70,10.80
202506,"2025 June",2025-06-01,2025,Q2,6,X1410,"Other retail sales",1,132.30,137.90,5.10,6.50,5.20,9.60,6.00
202506,"2025 June",2025-06-01,2025,Q2,6,X1430,"Pharma, medical & cosmetics",1,114.40,108.30,-1.80,1.20,-0.70,0.20,NULL
202506,"2025 June",2025-06-01,2025,Q2,6,X1320,"Retail excl. motor trades",1,124.30,114.30,0.60,3.70,0.70,3.40,6.50
202506,"2025 June",2025-06-01,2025,Q2,6,X1310,"Retail excl. motor trades & bars",1,120.30,111.30,0.60,3.80,0.50,3.70,NULL
202506,"2025 June",2025-06-01,2025,Q2,6,X1330,"Retail excl. motor, fuel & bars",1,120.10,111.60,0.60,4.40,0.70,3.90,7.20
202506,"2025 June",2025-06-01,2025,Q2,6,X1360,"Specialised food & beverages",1,99.50,80.60,-2.10,-2.30,-2.20,-5.40,6.70
202506,"2025 June",2025-06-01,2025,Q2,6,X1390,"Textiles, clothing & footwear",1,126.60,127.80,-8.00,1.80,-7.90,2.70,9.80
202507,"2025 July",2025-07-01,2025,Q3,7,V3970,"All retail businesses",1,127.90,116.20,0.90,4.50,0.80,3.90,5.20
202507,"2025 July",2025-07-01,2025,Q3,7,4730,"Automotive fuel",0,125.40,105.70,1.50,1.70,1.30,1.90,NULL
202507,"2025 July",2025-07-01,2025,Q3,7,5630,Bars,0,221.30,182.60,1.20,9.40,-0.10,6.10,NULL
202507,"2025 July",2025-07-01,2025,Q3,7,X1420,"Books, newspapers & stationery",1,136.80,127.50,-3.30,4.40,-1.90,3.10,NULL
202507,"2025 July",2025-07-01,2025,Q3,7,X1400,"Books, stationery & other goods",1,128.20,131.80,-2.80,1.10,-3.10,3.30,16.90
202507,"2025 July",2025-07-01,2025,Q3,7,4719,"Department stores",0,115.50,112.40,-3.20,-2.60,0.00,-2.50,4.10
202507,"2025 July",2025-07-01,2025,Q3,7,X1380,"Electrical goods",1,102.00,91.90,-1.30,2.90,-1.90,2.70,15.70
202507,"2025 July",2025-07-01,2025,Q3,7,X1340,"Food retail",1,115.60,95.50,-0.20,5.90,0.00,2.50,2.90
202507,"2025 July",2025-07-01,2025,Q3,7,4711,"Food-dominant stores",0,117.10,96.50,-0.20,6.40,-0.30,3.00,2.50
202507,"2025 July",2025-07-01,2025,Q3,7,4759,"Furniture & lighting",0,123.30,124.80,-1.10,3.90,-0.50,5.70,NULL
202507,"2025 July",2025-07-01,2025,Q3,7,4752,"Hardware, paints & glass",0,107.50,99.90,3.60,4.30,5.90,4.80,NULL
202507,"2025 July",2025-07-01,2025,Q3,7,X1370,"Household equipment",1,110.40,102.90,1.40,3.90,1.00,3.90,15.00
202507,"2025 July",2025-07-01,2025,Q3,7,45,"Motor trades",0,140.70,126.60,4.80,8.50,10.40,9.20,1.30
202507,"2025 July",2025-07-01,2025,Q3,7,V3980,"Motor trades & automotive fuel",1,136.80,120.10,3.80,7.30,4.20,7.90,NULL
202507,"2025 July",2025-07-01,2025,Q3,7,X1350,"Non-food retail",1,122.00,120.70,-0.60,1.40,-0.70,2.20,11.10
202507,"2025 July",2025-07-01,2025,Q3,7,X1410,"Other retail sales",1,128.10,134.30,-3.20,1.10,-2.60,3.90,6.80
202507,"2025 July",2025-07-01,2025,Q3,7,X1430,"Pharma, medical & cosmetics",1,115.40,111.10,0.90,3.90,2.60,2.50,NULL
202507,"2025 July",2025-07-01,2025,Q3,7,X1320,"Retail excl. motor trades",1,124.20,114.00,-0.10,3.70,-0.30,2.60,6.70
202507,"2025 July",2025-07-01,2025,Q3,7,X1310,"Retail excl. motor trades & bars",1,120.10,110.90,-0.20,3.10,-0.30,2.20,NULL
202507,"2025 July",2025-07-01,2025,Q3,7,X1330,"Retail excl. motor, fuel & bars",1,119.90,111.30,-0.10,3.10,-0.30,2.20,7.40
202507,"2025 July",2025-07-01,2025,Q3,7,X1360,"Specialised food & beverages",1,100.90,81.90,1.40,0.00,1.50,-3.20,6.70
202507,"2025 July",2025-07-01,2025,Q3,7,X1390,"Textiles, clothing & footwear",1,135.20,134.50,6.80,0.90,5.20,1.40,9.70
202508,"2025 August",2025-08-01,2025,Q3,8,V3970,"All retail businesses",1,127.50,115.10,-0.40,4.80,-0.90,3.70,5.00
202508,"2025 August",2025-08-01,2025,Q3,8,4730,"Automotive fuel",0,123.80,104.40,-1.30,-0.90,-1.20,-0.30,NULL
202508,"2025 August",2025-08-01,2025,Q3,8,5630,Bars,0,230.60,182.80,4.20,8.00,0.10,3.50,NULL
202508,"2025 August",2025-08-01,2025,Q3,8,X1420,"Books, newspapers & stationery",1,137.10,128.00,0.20,3.10,0.40,2.20,NULL
202508,"2025 August",2025-08-01,2025,Q3,8,X1400,"Books, stationery & other goods",1,128.60,132.40,0.30,3.60,0.40,6.00,15.90
202508,"2025 August",2025-08-01,2025,Q3,8,4719,"Department stores",0,112.40,102.80,-2.70,-7.80,-8.50,-9.90,5.10
202508,"2025 August",2025-08-01,2025,Q3,8,X1380,"Electrical goods",1,102.50,91.50,0.50,3.10,-0.40,2.50,18.30
202508,"2025 August",2025-08-01,2025,Q3,8,X1340,"Food retail",1,116.50,95.40,0.80,5.70,-0.10,2.50,2.90
202508,"2025 August",2025-08-01,2025,Q3,8,4711,"Food-dominant stores",0,118.20,96.80,0.90,6.40,0.30,3.20,2.50
202508,"2025 August",2025-08-01,2025,Q3,8,4759,"Furniture & lighting",0,119.70,120.80,-2.90,-2.70,-3.20,-1.00,NULL
202508,"2025 August",2025-08-01,2025,Q3,8,4752,"Hardware, paints & glass",0,109.10,100.10,1.60,7.30,0.20,8.10,NULL
202508,"2025 August",2025-08-01,2025,Q3,8,X1370,"Household equipment",1,108.60,101.50,-1.60,3.00,-1.40,3.20,13.30
202508,"2025 August",2025-08-01,2025,Q3,8,45,"Motor trades",0,138.20,122.40,-1.70,9.50,-3.30,10.20,1.40
202508,"2025 August",2025-08-01,2025,Q3,8,V3980,"Motor trades & automotive fuel",1,135.10,118.00,-1.30,8.10,-1.80,8.50,NULL
202508,"2025 August",2025-08-01,2025,Q3,8,X1350,"Non-food retail",1,121.50,119.90,-0.40,1.20,-0.70,1.60,10.60
202508,"2025 August",2025-08-01,2025,Q3,8,X1410,"Other retail sales",1,128.10,134.20,0.00,3.60,-0.10,6.10,5.30
202508,"2025 August",2025-08-01,2025,Q3,8,X1430,"Pharma, medical & cosmetics",1,115.60,111.50,0.20,3.10,0.40,1.50,NULL
202508,"2025 August",2025-08-01,2025,Q3,8,X1320,"Retail excl. motor trades",1,124.40,113.30,0.20,3.30,-0.60,2.10,6.50
202508,"2025 August",2025-08-01,2025,Q3,8,X1310,"Retail excl. motor trades & bars",1,120.10,110.30,-0.10,2.80,-0.60,1.70,NULL
202508,"2025 August",2025-08-01,2025,Q3,8,X1330,"Retail excl. motor, fuel & bars",1,119.70,110.60,-0.20,3.00,-0.60,1.90,7.20
202508,"2025 August",2025-08-01,2025,Q3,8,X1360,"Specialised food & beverages",1,99.70,80.70,-1.20,-2.30,-1.50,-5.60,6.00
202508,"2025 August",2025-08-01,2025,Q3,8,X1390,"Textiles, clothing & footwear",1,135.20,131.60,0.00,-0.10,-2.10,-3.10,10.20
202509,"2025 September",2025-09-01,2025,Q3,9,V3970,"All retail businesses",1,127.70,115.50,0.20,4.70,0.30,3.60,5.20
202509,"2025 September",2025-09-01,2025,Q3,9,4730,"Automotive fuel",0,123.00,103.10,-0.60,-1.50,-1.20,-2.60,NULL
202509,"2025 September",2025-09-01,2025,Q3,9,5630,Bars,0,224.60,185.10,-2.60,4.60,1.30,0.20,NULL
202509,"2025 September",2025-09-01,2025,Q3,9,X1420,"Books, newspapers & stationery",1,139.30,129.60,1.60,1.60,1.20,0.60,NULL
202509,"2025 September",2025-09-01,2025,Q3,9,X1400,"Books, stationery & other goods",1,128.80,132.50,0.20,3.20,0.10,5.30,15.90
202509,"2025 September",2025-09-01,2025,Q3,9,4719,"Department stores",0,124.90,112.60,11.10,1.60,9.50,-1.20,7.30
202509,"2025 September",2025-09-01,2025,Q3,9,X1380,"Electrical goods",1,104.70,94.10,2.10,2.00,2.80,1.40,18.20
202509,"2025 September",2025-09-01,2025,Q3,9,X1340,"Food retail",1,115.80,95.10,-0.70,4.80,-0.40,1.60,3.10
202509,"2025 September",2025-09-01,2025,Q3,9,4711,"Food-dominant stores",0,117.60,96.30,-0.40,5.50,-0.50,2.00,2.60
202509,"2025 September",2025-09-01,2025,Q3,9,4759,"Furniture & lighting",0,119.70,121.00,0.00,-3.40,0.20,-2.50,NULL
202509,"2025 September",2025-09-01,2025,Q3,9,4752,"Hardware, paints & glass",0,110.10,102.10,0.90,7.10,1.90,7.90,NULL
202509,"2025 September",2025-09-01,2025,Q3,9,X1370,"Household equipment",1,110.50,102.50,1.70,2.50,1.00,2.10,14.90
202509,"2025 September",2025-09-01,2025,Q3,9,45,"Motor trades",0,137.30,123.00,-0.70,8.80,0.40,9.00,1.40
202509,"2025 September",2025-09-01,2025,Q3,9,V3980,"Motor trades & automotive fuel",1,134.50,116.60,-0.40,7.60,-1.20,7.20,NULL
202509,"2025 September",2025-09-01,2025,Q3,9,X1350,"Non-food retail",1,125.90,121.60,3.60,3.30,1.50,2.90,11.20
202509,"2025 September",2025-09-01,2025,Q3,9,X1410,"Other retail sales",1,128.50,134.80,0.30,3.30,0.40,5.10,5.30
202509,"2025 September",2025-09-01,2025,Q3,9,X1430,"Pharma, medical & cosmetics",1,115.70,111.50,0.10,4.20,-0.10,2.50,NULL
202509,"2025 September",2025-09-01,2025,Q3,9,X1320,"Retail excl. motor trades",1,125.00,113.90,0.50,3.40,0.50,1.90,6.80
202509,"2025 September",2025-09-01,2025,Q3,9,X1310,"Retail excl. motor trades & bars",1,120.80,111.10,0.60,3.10,0.70,1.80,NULL
202509,"2025 September",2025-09-01,2025,Q3,9,X1330,"Retail excl. motor, fuel & bars",1,120.80,111.50,0.90,3.60,0.70,2.10,7.50
202509,"2025 September",2025-09-01,2025,Q3,9,X1360,"Specialised food & beverages",1,100.40,81.10,0.60,-2.30,0.50,-5.80,6.70
202509,"2025 September",2025-09-01,2025,Q3,9,X1390,"Textiles, clothing & footwear",1,138.80,136.10,2.70,2.20,3.40,0.00,10.00
202510,"2025 October",2025-10-01,2025,Q4,10,V3970,"All retail businesses",1,126.70,114.70,-0.80,3.00,-0.60,1.80,5.70
202510,"2025 October",2025-10-01,2025,Q4,10,4730,"Automotive fuel",0,126.80,104.90,3.10,1.90,1.80,-0.70,NULL
202510,"2025 October",2025-10-01,2025,Q4,10,5630,Bars,0,219.00,183.80,-2.50,1.90,-0.70,-2.10,NULL
202510,"2025 October",2025-10-01,2025,Q4,10,X1420,"Books, newspapers & stationery",1,143.10,131.70,2.80,4.80,1.60,3.80,NULL
202510,"2025 October",2025-10-01,2025,Q4,10,X1400,"Books, stationery & other goods",1,127.80,132.30,-0.70,1.70,-0.20,3.00,16.90
202510,"2025 October",2025-10-01,2025,Q4,10,4719,"Department stores",0,121.00,112.70,-3.10,1.90,0.10,0.10,8.60
202510,"2025 October",2025-10-01,2025,Q4,10,X1380,"Electrical goods",1,104.00,92.90,-0.70,1.60,-1.30,1.10,14.30
202510,"2025 October",2025-10-01,2025,Q4,10,X1340,"Food retail",1,116.40,95.00,0.60,5.20,-0.10,1.80,3.50
202510,"2025 October",2025-10-01,2025,Q4,10,4711,"Food-dominant stores",0,118.40,96.70,0.70,5.70,0.40,2.30,2.90
202510,"2025 October",2025-10-01,2025,Q4,10,4759,"Furniture & lighting",0,119.10,120.70,-0.50,-3.40,-0.20,-2.30,NULL
202510,"2025 October",2025-10-01,2025,Q4,10,4752,"Hardware, paints & glass",0,106.10,97.70,-3.70,0.20,-4.30,0.60,NULL
202510,"2025 October",2025-10-01,2025,Q4,10,X1370,"Household equipment",1,108.00,101.00,-2.20,0.10,-1.50,0.20,13.10
202510,"2025 October",2025-10-01,2025,Q4,10,45,"Motor trades",0,135.10,121.00,-1.60,1.70,-1.60,4.70,2.60
202510,"2025 October",2025-10-01,2025,Q4,10,V3980,"Motor trades & automotive fuel",1,132.90,113.40,-1.20,4.00,-2.80,3.00,NULL
202510,"2025 October",2025-10-01,2025,Q4,10,X1350,"Non-food retail",1,121.60,120.30,-3.40,1.50,-1.10,1.50,11.30
202510,"2025 October",2025-10-01,2025,Q4,10,X1410,"Other retail sales",1,128.90,135.10,0.30,2.70,0.30,3.20,6.60
202510,"2025 October",2025-10-01,2025,Q4,10,X1430,"Pharma, medical & cosmetics",1,116.70,112.20,0.90,5.50,0.60,4.00,NULL
202510,"2025 October",2025-10-01,2025,Q4,10,X1320,"Retail excl. motor trades",1,124.90,113.50,0.00,2.90,-0.30,1.40,7.00
202510,"2025 October",2025-10-01,2025,Q4,10,X1310,"Retail excl. motor trades & bars",1,120.70,110.70,-0.10,2.80,-0.30,1.30,NULL
202510,"2025 October",2025-10-01,2025,Q4,10,X1330,"Retail excl. motor, fuel & bars",1,120.40,110.90,-0.40,3.00,-0.50,1.40,7.80
202510,"2025 October",2025-10-01,2025,Q4,10,X1360,"Specialised food & beverages",1,101.90,82.20,1.60,-0.80,1.30,-4.10,7.60
202510,"2025 October",2025-10-01,2025,Q4,10,X1390,"Textiles, clothing & footwear",1,136.80,133.00,-1.40,-0.70,-2.30,-4.30,10.20
202511,"2025 November",2025-11-01,2025,Q4,11,V3970,"All retail businesses",1,127.90,115.20,0.90,3.70,0.40,2.20,7.00
202511,"2025 November",2025-11-01,2025,Q4,11,4730,"Automotive fuel",0,128.70,105.60,1.50,3.40,0.70,1.50,NULL
202511,"2025 November",2025-11-01,2025,Q4,11,5630,Bars,0,230.20,190.50,5.10,5.90,3.70,0.50,NULL
202511,"2025 November",2025-11-01,2025,Q4,11,X1420,"Books, newspapers & stationery",1,140.80,130.30,-1.60,3.00,-1.00,4.40,NULL
202511,"2025 November",2025-11-01,2025,Q4,11,X1400,"Books, stationery & other goods",1,128.30,132.30,0.40,1.20,0.00,2.30,19.30
202511,"2025 November",2025-11-01,2025,Q4,11,4719,"Department stores",0,120.40,112.40,-0.50,0.40,-0.30,-1.90,11.80
202511,"2025 November",2025-11-01,2025,Q4,11,X1380,"Electrical goods",1,103.10,92.10,-0.80,1.20,-0.80,-0.80,22.80
202511,"2025 November",2025-11-01,2025,Q4,11,X1340,"Food retail",1,117.50,95.50,0.90,3.60,0.50,0.00,3.80
202511,"2025 November",2025-11-01,2025,Q4,11,4711,"Food-dominant stores",0,119.70,96.80,1.10,4.30,0.10,0.50,3.00
202511,"2025 November",2025-11-01,2025,Q4,11,4759,"Furniture & lighting",0,116.20,117.60,-2.50,-6.80,-2.60,-5.90,NULL
202511,"2025 November",2025-11-01,2025,Q4,11,4752,"Hardware, paints & glass",0,106.20,96.90,0.10,1.30,-0.80,1.10,NULL
202511,"2025 November",2025-11-01,2025,Q4,11,X1370,"Household equipment",1,106.40,100.00,-1.50,-1.10,-1.00,-1.10,17.70
202511,"2025 November",2025-11-01,2025,Q4,11,45,"Motor trades",0,137.70,126.30,2.00,5.60,4.40,11.60,1.60
202511,"2025 November",2025-11-01,2025,Q4,11,V3980,"Motor trades & automotive fuel",1,135.80,116.10,2.10,8.40,2.40,8.40,NULL
202511,"2025 November",2025-11-01,2025,Q4,11,X1350,"Non-food retail",1,122.30,120.30,0.60,1.10,0.00,0.90,15.20
202511,"2025 November",2025-11-01,2025,Q4,11,X1410,"Other retail sales",1,126.70,135.90,-1.70,-0.30,0.50,-2.50,8.70
202511,"2025 November",2025-11-01,2025,Q4,11,X1430,"Pharma, medical & cosmetics",1,117.70,112.60,0.80,6.30,0.40,5.00,NULL
202511,"2025 November",2025-11-01,2025,Q4,11,X1320,"Retail excl. motor trades",1,125.30,113.70,0.30,2.20,0.10,0.70,9.20
202511,"2025 November",2025-11-01,2025,Q4,11,X1310,"Retail excl. motor trades & bars",1,120.70,110.60,0.00,2.00,-0.10,0.50,NULL
202511,"2025 November",2025-11-01,2025,Q4,11,X1330,"Retail excl. motor, fuel & bars",1,120.50,110.80,0.10,1.80,-0.10,0.50,10.10
202511,"2025 November",2025-11-01,2025,Q4,11,X1360,"Specialised food & beverages",1,101.40,80.50,-0.50,-3.20,-2.00,-7.40,10.20
202511,"2025 November",2025-11-01,2025,Q4,11,X1390,"Textiles, clothing & footwear",1,134.70,131.50,-1.50,-0.20,-1.20,-4.20,16.00
202512,"2025 December",2025-12-01,2025,Q4,12,V3970,"All retail businesses",1,127.80,114.80,0.00,1.80,-0.30,0.20,6.40
202512,"2025 December",2025-12-01,2025,Q4,12,4730,"Automotive fuel",0,126.60,102.70,-1.60,0.40,-2.80,-0.30,NULL
202512,"2025 December",2025-12-01,2025,Q4,12,5630,Bars,0,234.20,187.10,1.80,1.70,-1.80,-1.40,NULL
202512,"2025 December",2025-12-01,2025,Q4,12,X1420,"Books, newspapers & stationery",1,130.30,114.80,-7.50,-8.00,-11.90,-10.40,NULL
202512,"2025 December",2025-12-01,2025,Q4,12,X1400,"Books, stationery & other goods",1,126.90,130.70,-1.10,-0.70,-1.20,-0.90,20.10
202512,"2025 December",2025-12-01,2025,Q4,12,4719,"Department stores",0,121.80,112.10,1.20,2.20,-0.20,-0.90,10.30
202512,"2025 December",2025-12-01,2025,Q4,12,X1380,"Electrical goods",1,104.70,94.00,1.60,3.60,2.00,2.10,20.60
202512,"2025 December",2025-12-01,2025,Q4,12,X1340,"Food retail",1,118.30,95.80,0.70,3.60,0.30,0.00,3.50
202512,"2025 December",2025-12-01,2025,Q4,12,4711,"Food-dominant stores",0,119.30,97.10,-0.30,3.70,0.20,0.20,2.90
202512,"2025 December",2025-12-01,2025,Q4,12,4759,"Furniture & lighting",0,117.10,119.00,0.80,-3.10,1.20,-3.10,NULL
202512,"2025 December",2025-12-01,2025,Q4,12,4752,"Hardware, paints & glass",0,103.80,94.60,-2.20,-2.70,-2.40,-3.30,NULL
202512,"2025 December",2025-12-01,2025,Q4,12,X1370,"Household equipment",1,107.70,100.70,1.20,-0.10,0.70,-0.50,17.40
202512,"2025 December",2025-12-01,2025,Q4,12,45,"Motor trades",0,137.40,132.60,-0.20,5.50,5.00,9.80,1.40
202512,"2025 December",2025-12-01,2025,Q4,12,V3980,"Motor trades & automotive fuel",1,134.70,116.60,-0.80,4.50,0.50,4.10,NULL
202512,"2025 December",2025-12-01,2025,Q4,12,X1350,"Non-food retail",1,122.10,119.80,-0.20,0.00,-0.50,-1.20,14.10
202512,"2025 December",2025-12-01,2025,Q4,12,X1410,"Other retail sales",1,126.10,132.00,-0.50,-1.40,-2.80,-0.40,9.90
202512,"2025 December",2025-12-01,2025,Q4,12,X1430,"Pharma, medical & cosmetics",1,116.60,114.00,-0.90,3.80,1.20,-1.30,NULL
202512,"2025 December",2025-12-01,2025,Q4,12,X1320,"Retail excl. motor trades",1,125.50,113.10,0.20,1.00,-0.50,-0.90,8.50
202512,"2025 December",2025-12-01,2025,Q4,12,X1310,"Retail excl. motor trades & bars",1,120.60,110.20,-0.10,1.00,-0.30,-0.60,NULL
202512,"2025 December",2025-12-01,2025,Q4,12,X1330,"Retail excl. motor, fuel & bars",1,120.40,110.50,-0.10,0.80,-0.30,-0.60,9.40
202512,"2025 December",2025-12-01,2025,Q4,12,X1360,"Specialised food & beverages",1,103.10,82.60,1.70,0.50,2.60,-3.30,9.10
202512,"2025 December",2025-12-01,2025,Q4,12,X1390,"Textiles, clothing & footwear",1,138.40,134.40,2.80,1.70,2.20,-3.30,12.80
202601,"2026 January",2026-01-01,2026,Q1,1,V3970,"All retail businesses",1,129.80,116.60,1.50,4.60,1.60,3.20,6.10
202601,"2026 January",2026-01-01,2026,Q1,1,4730,"Automotive fuel",0,129.30,104.40,2.10,3.70,1.60,4.70,NULL
202601,"2026 January",2026-01-01,2026,Q1,1,5630,Bars,0,231.00,187.20,-1.40,5.70,0.00,2.80,NULL
202601,"2026 January",2026-01-01,2026,Q1,1,X1420,"Books, newspapers & stationery",1,141.80,131.00,8.90,3.30,14.10,2.90,NULL
202601,"2026 January",2026-01-01,2026,Q1,1,X1400,"Books, stationery & other goods",1,127.80,132.10,0.70,2.50,1.10,2.90,17.30
202601,"2026 January",2026-01-01,2026,Q1,1,4719,"Department stores",0,120.00,109.40,-1.50,5.80,-2.40,3.10,9.60
202601,"2026 January",2026-01-01,2026,Q1,1,X1380,"Electrical goods",1,102.60,91.40,-2.00,2.90,-2.70,2.10,20.30
202601,"2026 January",2026-01-01,2026,Q1,1,X1340,"Food retail",1,117.20,95.30,-1.00,3.00,-0.50,0.20,3.90
202601,"2026 January",2026-01-01,2026,Q1,1,4711,"Food-dominant stores",0,118.80,96.80,-0.40,3.50,-0.20,0.60,3.10
202601,"2026 January",2026-01-01,2026,Q1,1,4759,"Furniture & lighting",0,117.50,119.50,0.30,-2.60,0.40,-2.20,NULL
202601,"2026 January",2026-01-01,2026,Q1,1,4752,"Hardware, paints & glass",0,106.20,97.20,2.30,5.10,2.80,5.00,NULL
202601,"2026 January",2026-01-01,2026,Q1,1,X1370,"Household equipment",1,105.60,99.60,-1.90,1.60,-1.10,2.00,17.10
202601,"2026 January",2026-01-01,2026,Q1,1,45,"Motor trades",0,139.10,119.10,1.20,6.10,-10.20,4.60,1.50
202601,"2026 January",2026-01-01,2026,Q1,1,V3980,"Motor trades & automotive fuel",1,137.00,122.60,1.70,5.60,5.10,5.80,NULL
202601,"2026 January",2026-01-01,2026,Q1,1,X1350,"Non-food retail",1,123.00,119.80,0.80,4.60,0.00,3.30,12.80
202601,"2026 January",2026-01-01,2026,Q1,1,X1410,"Other retail sales",1,127.00,133.20,0.80,2.20,0.90,3.30,7.40
202601,"2026 January",2026-01-01,2026,Q1,1,X1430,"Pharma, medical & cosmetics",1,119.90,105.90,2.90,8.40,-7.10,6.80,NULL
202601,"2026 January",2026-01-01,2026,Q1,1,X1320,"Retail excl. motor trades",1,126.10,113.40,0.50,3.80,0.20,2.30,8.00
202601,"2026 January",2026-01-01,2026,Q1,1,X1310,"Retail excl. motor trades & bars",1,121.10,110.10,0.40,3.90,-0.10,2.40,NULL
202601,"2026 January",2026-01-01,2026,Q1,1,X1330,"Retail excl. motor, fuel & bars",1,120.30,110.40,-0.10,3.70,-0.10,2.30,8.80
202601,"2026 January",2026-01-01,2026,Q1,1,X1360,"Specialised food & beverages",1,102.50,82.00,-0.50,0.20,-0.80,-2.80,10.70
202601,"2026 January",2026-01-01,2026,Q1,1,X1390,"Textiles, clothing & footwear",1,141.00,141.90,1.80,6.80,5.60,2.30,11.60
202602,"2026 February",2026-02-01,2026,Q1,2,V3970,"All retail businesses",1,129.20,115.70,-0.40,2.60,-0.70,1.10,5.50
202602,"2026 February",2026-02-01,2026,Q1,2,4730,"Automotive fuel",0,127.50,103.70,-1.40,-1.10,-0.70,0.30,NULL
202602,"2026 February",2026-02-01,2026,Q1,2,5630,Bars,0,232.00,187.60,0.40,6.30,0.20,3.20,NULL
202602,"2026 February",2026-02-01,2026,Q1,2,X1420,"Books, newspapers & stationery",1,143.80,132.40,1.40,5.00,1.10,5.00,NULL
202602,"2026 February",2026-02-01,2026,Q1,2,X1400,"Books, stationery & other goods",1,129.50,132.40,1.30,0.40,0.20,0.10,16.50
202602,"2026 February",2026-02-01,2026,Q1,2,4719,"Department stores",0,120.80,110.80,0.60,0.40,1.30,-2.40,7.80
202602,"2026 February",2026-02-01,2026,Q1,2,X1380,"Electrical goods",1,102.80,90.90,0.10,-0.80,-0.60,-1.30,16.60
202602,"2026 February",2026-02-01,2026,Q1,2,X1340,"Food retail",1,118.20,95.90,0.90,3.20,0.70,0.40,3.10
202602,"2026 February",2026-02-01,2026,Q1,2,4711,"Food-dominant stores",0,119.40,97.20,0.50,3.40,0.40,0.60,2.70
202602,"2026 February",2026-02-01,2026,Q1,2,4759,"Furniture & lighting",0,111.20,117.90,-5.30,-5.40,-1.30,-4.70,NULL
202602,"2026 February",2026-02-01,2026,Q1,2,4752,"Hardware, paints & glass",0,106.90,94.10,0.60,3.60,-3.20,2.90,NULL
202602,"2026 February",2026-02-01,2026,Q1,2,X1370,"Household equipment",1,107.10,100.60,1.40,-1.00,1.10,-1.10,14.70
202602,"2026 February",2026-02-01,2026,Q1,2,45,"Motor trades",0,137.50,117.50,-1.20,4.00,-1.30,2.40,1.30
202602,"2026 February",2026-02-01,2026,Q1,2,V3980,"Motor trades & automotive fuel",1,135.60,118.80,-1.00,3.30,-3.10,3.30,NULL
202602,"2026 February",2026-02-01,2026,Q1,2,X1350,"Non-food retail",1,123.20,120.10,0.10,0.90,0.20,-0.50,11.80
202602,"2026 February",2026-02-01,2026,Q1,2,X1410,"Other retail sales",1,128.90,132.70,1.50,0.90,-0.40,0.30,6.40
202602,"2026 February",2026-02-01,2026,Q1,2,X1430,"Pharma, medical & cosmetics",1,120.00,112.70,0.10,3.50,6.40,2.10,NULL
202602,"2026 February",2026-02-01,2026,Q1,2,X1320,"Retail excl. motor trades",1,126.30,113.90,0.20,2.20,0.40,0.20,7.20
202602,"2026 February",2026-02-01,2026,Q1,2,X1310,"Retail excl. motor trades & bars",1,121.60,110.60,0.40,1.70,0.40,0.00,NULL
202602,"2026 February",2026-02-01,2026,Q1,2,X1330,"Retail excl. motor, fuel & bars",1,121.30,110.80,0.80,1.80,0.40,-0.10,7.90
202602,"2026 February",2026-02-01,2026,Q1,2,X1360,"Specialised food & beverages",1,103.10,82.50,0.50,1.00,0.60,-2.20,6.00
202602,"2026 February",2026-02-01,2026,Q1,2,X1390,"Textiles, clothing & footwear",1,138.60,133.90,-1.70,2.00,-5.60,-3.10,10.80
202603,"2026 March",2026-03-01,2026,Q1,3,V3970,"All retail businesses",1,129.30,115.10,0.00,3.20,-0.50,0.90,5.60
202603,"2026 March",2026-03-01,2026,Q1,3,4730,"Automotive fuel",0,137.20,103.90,7.60,10.40,0.20,1.40,NULL
202603,"2026 March",2026-03-01,2026,Q1,3,5630,Bars,0,228.60,183.00,-1.50,3.30,-2.40,1.50,NULL
202603,"2026 March",2026-03-01,2026,Q1,3,X1420,"Books, newspapers & stationery",1,138.00,127.20,-4.00,-4.90,-3.90,-5.00,NULL
202603,"2026 March",2026-03-01,2026,Q1,3,X1400,"Books, stationery & other goods",1,131.80,134.50,1.80,5.40,1.60,4.00,15.50
202603,"2026 March",2026-03-01,2026,Q1,3,4719,"Department stores",0,122.70,112.20,1.60,3.00,1.30,0.60,8.00
202603,"2026 March",2026-03-01,2026,Q1,3,X1380,"Electrical goods",1,106.50,94.50,3.60,7.00,3.90,5.20,14.20
202603,"2026 March",2026-03-01,2026,Q1,3,X1340,"Food retail",1,118.90,96.20,0.60,2.80,0.30,0.00,3.10
202603,"2026 March",2026-03-01,2026,Q1,3,4711,"Food-dominant stores",0,119.80,97.40,0.30,2.80,0.20,0.10,2.70
202603,"2026 March",2026-03-01,2026,Q1,3,4759,"Furniture & lighting",0,115.60,117.60,4.00,-5.50,-0.30,-4.10,NULL
202603,"2026 March",2026-03-01,2026,Q1,3,4752,"Hardware, paints & glass",0,108.80,99.90,1.80,1.00,6.10,0.00,NULL
202603,"2026 March",2026-03-01,2026,Q1,3,X1370,"Household equipment",1,109.70,101.90,2.40,1.20,1.30,0.30,13.90
202603,"2026 March",2026-03-01,2026,Q1,3,45,"Motor trades",0,135.70,115.70,-1.30,1.40,-1.60,-0.70,1.90
202603,"2026 March",2026-03-01,2026,Q1,3,V3980,"Motor trades & automotive fuel",1,135.00,116.80,-0.50,2.10,-1.70,-0.40,NULL
202603,"2026 March",2026-03-01,2026,Q1,3,X1350,"Non-food retail",1,125.30,121.60,1.70,3.90,1.20,2.20,11.60
202603,"2026 March",2026-03-01,2026,Q1,3,X1410,"Other retail sales",1,132.30,135.60,2.60,6.10,2.20,5.00,5.40
202603,"2026 March",2026-03-01,2026,Q1,3,X1430,"Pharma, medical & cosmetics",1,120.20,112.40,0.10,4.70,-0.30,3.30,NULL
202603,"2026 March",2026-03-01,2026,Q1,3,X1320,"Retail excl. motor trades",1,127.10,114.00,0.70,3.40,0.10,0.80,7.10
202603,"2026 March",2026-03-01,2026,Q1,3,X1310,"Retail excl. motor trades & bars",1,124.20,111.50,2.20,3.90,0.80,0.80,NULL
202603,"2026 March",2026-03-01,2026,Q1,3,X1330,"Retail excl. motor, fuel & bars",1,122.90,111.70,1.30,3.60,0.80,1.00,7.80
202603,"2026 March",2026-03-01,2026,Q1,3,X1360,"Specialised food & beverages",1,103.60,82.50,0.40,0.50,0.10,-2.30,6.60
202603,"2026 March",2026-03-01,2026,Q1,3,X1390,"Textiles, clothing & footwear",1,138.40,132.40,-0.10,2.10,-1.10,-4.80,12.00
202604,"2026 April",2026-04-01,2026,Q2,4,V3970,"All retail businesses",1,128.90,114.90,-0.30,1.10,-0.20,-0.50,5.50
202604,"2026 April",2026-04-01,2026,Q2,4,4730,"Automotive fuel",0,135.70,101.30,-1.10,10.50,-2.50,-2.60,NULL
202604,"2026 April",2026-04-01,2026,Q2,4,5630,Bars,0,227.10,186.20,-0.70,3.50,1.70,0.00,NULL
202604,"2026 April",2026-04-01,2026,Q2,4,X1420,"Books, newspapers & stationery",1,147.00,133.30,6.50,3.20,4.80,1.30,NULL
202604,"2026 April",2026-04-01,2026,Q2,4,X1400,"Books, stationery & other goods",1,132.10,133.70,0.20,5.50,-0.60,3.90,16.30
202604,"2026 April",2026-04-01,2026,Q2,4,4719,"Department stores",0,120.30,110.40,-1.90,-0.90,-1.60,-4.20,9.60
202604,"2026 April",2026-04-01,2026,Q2,4,X1380,"Electrical goods",1,104.60,92.50,-1.80,3.90,-2.00,2.10,14.50
202604,"2026 April",2026-04-01,2026,Q2,4,X1340,"Food retail",1,118.20,95.80,-0.60,1.80,-0.40,-0.30,3.30
202604,"2026 April",2026-04-01,2026,Q2,4,4711,"Food-dominant stores",0,119.30,96.90,-0.40,1.90,-0.50,-0.30,2.60
202604,"2026 April",2026-04-01,2026,Q2,4,4759,"Furniture & lighting",0,114.10,116.50,-1.30,-10.20,-1.00,-10.10,NULL
202604,"2026 April",2026-04-01,2026,Q2,4,4752,"Hardware, paints & glass",0,109.10,99.50,0.30,0.00,-0.40,-0.90,NULL
202604,"2026 April",2026-04-01,2026,Q2,4,X1370,"Household equipment",1,109.00,101.30,-0.60,-1.00,-0.60,-2.30,14.40
202604,"2026 April",2026-04-01,2026,Q2,4,45,"Motor trades",0,134.40,113.70,-1.00,-2.50,-1.70,-1.90,1.50
202604,"2026 April",2026-04-01,2026,Q2,4,V3980,"Motor trades & automotive fuel",1,133.70,114.50,-0.90,-1.30,-2.00,-3.00,NULL
202604,"2026 April",2026-04-01,2026,Q2,4,X1350,"Non-food retail",1,124.40,120.20,-0.70,2.80,-1.10,0.30,11.60
202604,"2026 April",2026-04-01,2026,Q2,4,X1410,"Other retail sales",1,132.50,134.80,0.10,5.60,-0.50,4.30,6.50
202604,"2026 April",2026-04-01,2026,Q2,4,X1430,"Pharma, medical & cosmetics",1,123.50,116.10,2.70,8.20,3.30,9.70,NULL
202604,"2026 April",2026-04-01,2026,Q2,4,X1320,"Retail excl. motor trades",1,127.30,113.90,0.20,3.20,-0.10,0.50,7.20
202604,"2026 April",2026-04-01,2026,Q2,4,X1310,"Retail excl. motor trades & bars",1,122.70,110.60,-1.20,2.90,-0.80,0.60,NULL
202604,"2026 April",2026-04-01,2026,Q2,4,X1330,"Retail excl. motor, fuel & bars",1,122.40,111.10,-0.40,2.70,-0.50,0.80,7.90
202604,"2026 April",2026-04-01,2026,Q2,4,X1360,"Specialised food & beverages",1,104.20,84.80,0.60,1.90,2.70,0.30,8.60
202604,"2026 April",2026-04-01,2026,Q2,4,X1390,"Textiles, clothing & footwear",1,135.80,129.00,-1.90,-0.90,-2.60,-7.40,10.40
202605,"2026 May",2026-05-01,2026,Q2,5,V3970,"All retail businesses",1,129.70,115.40,0.70,3.00,0.40,0.90,5.30
202605,"2026 May",2026-05-01,2026,Q2,5,4730,"Automotive fuel",0,132.40,101.00,-2.40,6.40,-0.30,-5.00,NULL
202605,"2026 May",2026-05-01,2026,Q2,5,5630,Bars,0,227.10,184.40,0.00,2.50,-1.00,-0.40,NULL
202605,"2026 May",2026-05-01,2026,Q2,5,X1420,"Books, newspapers & stationery",1,147.20,133.40,0.10,5.00,0.10,3.40,NULL
202605,"2026 May",2026-05-01,2026,Q2,5,X1400,"Books, stationery & other goods",1,133.90,135.70,1.30,6.30,1.50,4.40,16.60
202605,"2026 May",2026-05-01,2026,Q2,5,4719,"Department stores",0,120.50,110.20,0.10,2.90,-0.20,-0.20,4.80
202605,"2026 May",2026-05-01,2026,Q2,5,X1380,"Electrical goods",1,102.90,91.40,-1.60,2.60,-1.20,1.20,14.70
202605,"2026 May",2026-05-01,2026,Q2,5,X1340,"Food retail",1,118.10,95.80,-0.10,1.40,0.00,-0.10,3.30
202605,"2026 May",2026-05-01,2026,Q2,5,4711,"Food-dominant stores",0,119.30,97.10,0.00,1.50,0.20,0.00,2.60
202605,"2026 May",2026-05-01,2026,Q2,5,4759,"Furniture & lighting",0,117.60,119.00,3.10,-5.00,2.20,-4.80,NULL
202605,"2026 May",2026-05-01,2026,Q2,5,4752,"Hardware, paints & glass",0,109.80,100.70,0.60,3.40,1.20,2.70,NULL
202605,"2026 May",2026-05-01,2026,Q2,5,X1370,"Household equipment",1,110.50,102.30,1.30,1.30,0.90,0.00,13.40
202605,"2026 May",2026-05-01,2026,Q2,5,45,"Motor trades",0,135.80,115.50,1.10,2.80,1.60,1.60,1.30
202605,"2026 May",2026-05-01,2026,Q2,5,V3980,"Motor trades & automotive fuel",1,134.60,115.40,0.70,3.40,0.80,0.90,NULL
202605,"2026 May",2026-05-01,2026,Q2,5,X1350,"Non-food retail",1,125.70,121.70,1.00,3.80,1.20,1.40,11.00
202605,"2026 May",2026-05-01,2026,Q2,5,X1410,"Other retail sales",1,134.20,137.30,1.30,6.50,1.80,4.70,6.00
202605,"2026 May",2026-05-01,2026,Q2,5,X1430,"Pharma, medical & cosmetics",1,122.20,113.90,-1.00,4.90,-1.90,4.50,NULL
202605,"2026 May",2026-05-01,2026,Q2,5,X1320,"Retail excl. motor trades",1,127.50,114.20,0.10,3.20,0.30,0.60,7.00
202605,"2026 May",2026-05-01,2026,Q2,5,X1310,"Retail excl. motor trades & bars",1,123.30,111.20,0.50,3.20,0.60,0.50,NULL
202605,"2026 May",2026-05-01,2026,Q2,5,X1330,"Retail excl. motor, fuel & bars",1,122.90,111.70,0.40,2.90,0.50,0.80,7.60
202605,"2026 May",2026-05-01,2026,Q2,5,X1360,"Specialised food & beverages",1,102.00,81.40,-2.10,0.30,-3.90,-1.20,8.70
202605,"2026 May",2026-05-01,2026,Q2,5,X1390,"Textiles, clothing & footwear",1,135.60,128.70,-0.20,-1.50,-0.20,-7.20,9.30
202606,"2026 June",2026-06-01,2026,Q2,6,V3970,"All retail businesses",1,130.30,115.80,0.40,2.80,0.40,0.60,5.30
202606,"2026 June",2026-06-01,2026,Q2,6,4730,"Automotive fuel",0,131.00,100.60,-1.10,6.00,-0.40,-3.60,NULL
202606,"2026 June",2026-06-01,2026,Q2,6,5630,Bars,0,228.00,186.60,0.40,4.30,1.20,2.10,NULL
202606,"2026 June",2026-06-01,2026,Q2,6,X1420,"Books, newspapers & stationery",1,149.00,135.00,1.30,5.30,1.20,3.80,NULL
202606,"2026 June",2026-06-01,2026,Q2,6,X1400,"Books, stationery & other goods",1,132.40,134.80,-1.10,0.30,-0.70,-0.90,16.50
202606,"2026 June",2026-06-01,2026,Q2,6,4719,"Department stores",0,121.90,111.10,1.10,2.00,0.80,-1.20,5.90
202606,"2026 June",2026-06-01,2026,Q2,6,X1380,"Electrical goods",1,104.90,93.00,1.90,1.50,1.80,-0.70,15.50
202606,"2026 June",2026-06-01,2026,Q2,6,X1340,"Food retail",1,119.40,96.70,1.20,3.20,0.90,1.30,2.90
202606,"2026 June",2026-06-01,2026,Q2,6,4711,"Food-dominant stores",0,120.90,98.10,1.30,3.00,1.00,1.30,2.50
202606,"2026 June",2026-06-01,2026,Q2,6,4759,"Furniture & lighting",0,116.10,116.80,-1.30,-6.80,-1.80,-6.80,NULL
202606,"2026 June",2026-06-01,2026,Q2,6,4752,"Hardware, paints & glass",0,111.30,100.80,1.30,7.30,0.20,6.80,NULL
202606,"2026 June",2026-06-01,2026,Q2,6,X1370,"Household equipment",1,111.10,102.50,0.50,2.00,0.20,0.60,14.50
202606,"2026 June",2026-06-01,2026,Q2,6,45,"Motor trades",0,137.40,116.10,1.10,2.40,0.50,1.30,0.90
202606,"2026 June",2026-06-01,2026,Q2,6,V3980,"Motor trades & automotive fuel",1,135.80,115.90,0.90,3.00,0.40,0.60,NULL
202606,"2026 June",2026-06-01,2026,Q2,6,X1350,"Non-food retail",1,125.20,121.70,-0.30,2.10,0.00,0.00,11.60
202606,"2026 June",2026-06-01,2026,Q2,6,X1410,"Other retail sales",1,133.30,136.70,-0.60,0.80,-0.50,-0.90,6.20
202606,"2026 June",2026-06-01,2026,Q2,6,X1430,"Pharma, medical & cosmetics",1,120.70,112.20,-1.20,5.50,-1.40,3.70,NULL
202606,"2026 June",2026-06-01,2026,Q2,6,X1320,"Retail excl. motor trades",1,128.00,114.70,0.40,3.00,0.40,0.30,7.10
202606,"2026 June",2026-06-01,2026,Q2,6,X1310,"Retail excl. motor trades & bars",1,123.80,111.60,0.40,2.90,0.30,0.30,NULL
202606,"2026 June",2026-06-01,2026,Q2,6,X1330,"Retail excl. motor, fuel & bars",1,123.70,112.20,0.70,3.00,0.40,0.50,7.70
202606,"2026 June",2026-06-01,2026,Q2,6,X1360,"Specialised food & beverages",1,101.70,81.20,-0.30,2.20,-0.30,0.70,6.00
202606,"2026 June",2026-06-01,2026,Q2,6,X1390,"Textiles, clothing & footwear",1,137.90,130.70,1.70,9.00,1.50,2.20,10.90
